-0.00,-0.00,-0.00,-0.00,-0.00
-0.00,-0.00,-0.00,-0.00,-0.00
-0.00,-0.00,-0.00,-0.00,-0.00
-0.00,-0.00,-0.00,-0.00,-0.00
-0.00,-0.00,-0.00,-0.00,-0.00
-0.00,-0.00,-0.00,-0.00,-0.00
-0.00,-0.00,-0.00,-0.00,-0.00
-0.00,-0.00,-0.00,-0.00,-0.00
0.89,0.89,0.10,0.41,3.05
4.43,4.43,4.37,4.02,13.48
8.79,8.79,9.47,9.30,19.57
11.00,11.00,11.99,10.96,21.65
13.58,13.58,15.51,14.55,23.46
14.57,14.57,16.79,15.37,24.09
16.14,16.14,18.02,17.19,26.75
15.34,15.34,21.00,18.52,28.70
16.57,16.57,20.51,18.40,29.60
15.38,15.38,21.01,18.18,32.46
15.48,15.48,22.32,18.37,34.24
15.43,15.43,20.97,19.96,35.08
14.70,14.70,22.03,19.85,36.38
16.14,16.14,24.61,23.80,36.87
17.34,17.34,24.93,24.25,37.67
16.38,16.38,26.53,27.44,39.61
16.10,16.10,25.91,27.09,39.19
16.77,16.77,26.21,26.97,42.28
18.84,18.84,26.74,25.35,42.60
20.19,20.19,26.48,27.78,43.66
17.74,17.74,26.25,26.54,44.28
20.23,20.23,26.42,26.84,44.64
19.13,19.13,25.21,24.66,44.55
19.40,19.40,25.82,27.06,45.24
19.62,19.62,25.58,25.32,44.13
20.97,20.97,26.09,27.99,46.11
20.22,20.22,27.65,28.46,46.05
19.04,19.04,25.54,29.37,47.42
19.63,19.63,25.67,26.99,47.83
20.18,20.18,25.86,28.49,47.71
21.43,21.43,26.04,27.97,48.08
23.88,23.88,27.68,28.47,47.62
22.43,22.43,26.85,26.90,48.30
20.36,20.36,24.87,27.43,46.32
20.75,20.75,25.81,25.85,46.86
21.52,21.52,26.80,26.90,45.31
22.62,22.62,25.81,25.89,46.66
20.90,20.90,25.63,26.04,47.33
17.03,17.03,24.10,25.61,47.54
19.20,19.20,24.91,25.60,47.24
20.52,20.52,24.99,24.39,45.52
20.97,20.97,24.47,25.47,45.61
20.64,20.64,25.29,24.09,43.80
19.96,19.96,25.97,24.95,42.98
20.03,20.03,24.49,23.97,41.69
19.40,19.40,25.08,25.41,38.90
19.35,19.35,23.96,25.44,39.51
18.66,18.66,23.56,29.41,39.43
18.37,18.37,24.79,31.67,41.40
18.97,18.97,23.61,32.68,40.57
18.92,18.92,23.55,31.41,40.84
21.70,21.70,25.18,30.05,39.81
20.49,20.49,25.43,28.56,35.61
18.56,18.56,25.56,29.80,36.80
17.69,17.69,24.42,29.87,35.88
20.08,20.08,25.66,29.60,37.75
21.74,21.74,25.73,30.07,38.92
19.35,19.35,22.74,28.63,38.99
18.67,18.67,22.37,27.46,39.43
21.19,21.19,23.03,28.86,40.31
21.61,21.61,23.34,27.45,39.48
18.93,18.93,22.15,28.62,39.85
18.02,18.02,22.04,28.86,40.94
20.80,20.80,24.01,29.05,42.43
18.98,18.98,23.94,28.32,42.35
17.65,17.65,25.02,29.53,43.04
17.59,17.59,23.71,30.54,42.05
20.99,20.99,24.25,29.59,45.21
21.98,21.98,24.29,27.38,44.77
18.17,18.17,21.73,26.47,46.32
17.52,17.52,21.78,24.31,47.33
20.02,20.02,22.46,26.10,48.93
21.91,21.91,22.91,25.54,48.94
20.95,20.95,22.43,27.68,48.87
19.37,19.37,21.87,25.94,48.18
18.18,18.18,22.44,26.86,48.12
18.75,18.75,23.37,24.37,46.99
19.16,19.16,24.01,27.41,47.85
19.06,19.06,23.66,26.62,47.58
17.48,17.48,25.01,26.94,49.70
19.54,19.54,23.65,26.62,47.81
18.76,18.76,24.03,30.99,48.78
16.94,16.94,22.35,28.86,49.00
18.69,18.69,22.83,29.64,48.12
18.41,18.41,22.47,29.43,47.08
19.16,19.16,25.01,29.72,46.60
18.31,18.31,23.84,30.42,45.16
18.45,18.45,23.83,30.88,44.32
18.27,18.27,23.93,31.54,43.22
17.91,17.91,24.50,32.52,45.46
20.66,20.66,24.64,31.77,45.05
19.28,19.28,24.16,30.66,44.59
17.86,17.86,23.21,28.24,43.70
16.35,16.35,24.41,28.30,44.23
17.29,17.29,24.04,25.78,44.45
20.60,20.60,24.84,26.54,44.93
19.19,19.19,25.29,25.08,45.41
17.35,17.35,24.68,26.29,45.33
18.14,18.14,24.17,25.13,44.35
17.81,17.81,27.42,26.85,44.56
17.74,17.74,27.54,26.20,44.53
18.49,18.49,28.46,27.81,45.29
16.87,16.87,26.74,26.89,43.63
17.57,17.57,28.75,29.53,44.00
17.43,17.43,27.36,27.66,43.37
18.57,18.57,25.68,29.28,42.51
17.78,17.78,26.20,28.78,42.17
18.86,18.86,25.76,28.74,42.88
17.64,17.64,26.43,26.69,43.14
16.30,16.30,28.22,27.23,44.25
16.33,16.33,27.23,29.03,45.38
16.79,16.79,28.48,28.95,46.05
17.27,17.27,28.42,28.83,45.77
16.39,16.39,25.67,26.54,44.97
17.60,17.60,28.33,28.14,45.56
18.04,18.04,27.08,25.81,45.05
18.44,18.44,28.72,27.09,44.74
17.45,17.45,26.69,26.18,45.03
17.34,17.34,28.58,27.65,45.43
17.25,17.25,27.65,26.81,45.36
17.76,17.76,28.44,27.78,44.86
19.06,19.06,28.11,26.24,44.42
19.01,19.01,26.33,27.09,43.59
19.13,19.13,28.22,25.18,43.40
19.53,19.53,26.32,27.04,42.56
18.64,18.64,24.69,24.74,41.97
16.44,16.44,25.93,25.55,41.65
15.78,15.78,24.36,24.00,40.78
15.19,15.19,26.78,24.45,40.44
15.05,15.05,25.32,23.39,38.98
15.19,15.19,27.29,23.94,39.15
15.01,15.01,26.26,23.84,39.73
15.89,15.89,24.30,22.84,39.22
13.53,13.53,24.99,22.93,39.96
14.81,14.81,21.43,22.21,39.57
15.28,15.28,20.81,22.59,38.82
16.53,16.53,22.75,22.27,38.08
16.80,16.80,22.91,22.06,37.20
15.74,15.74,23.63,20.51,36.96
14.74,14.74,24.84,21.56,36.23
13.61,13.61,25.08,19.97,34.29
14.50,14.50,26.19,21.05,34.54
14.54,14.54,25.84,19.70,34.47
14.71,14.71,24.26,20.77,33.95
13.84,13.84,24.94,20.48,34.67
13.28,13.28,24.12,21.31,35.53
13.91,13.91,25.57,21.98,34.86
13.04,13.04,22.93,20.42,33.54
12.80,12.80,23.43,20.72,32.68
13.42,13.42,22.19,19.34,32.48
14.50,14.50,24.22,19.34,32.91
14.15,14.15,25.23,19.95,32.67
11.88,11.88,24.22,20.11,32.22
13.24,13.24,25.65,19.50,31.56
13.98,13.98,24.37,19.12,32.36
14.72,14.72,26.30,20.57,33.67
13.42,13.42,23.26,19.22,33.05
15.55,15.55,25.27,20.47,34.06
15.40,15.40,23.92,19.67,32.86
14.84,14.84,24.84,20.38,31.90
15.26,15.26,23.48,20.92,31.37
14.78,14.78,24.23,19.13,31.92
13.59,13.59,22.73,18.08,29.65
14.11,14.11,23.22,18.09,30.65
12.62,12.62,23.74,17.23,29.72
12.88,12.88,23.84,17.68,28.51
12.34,12.34,22.64,17.92,28.49
12.79,12.79,21.10,18.29,27.12
14.30,14.30,23.69,18.94,28.10
12.99,12.99,21.99,17.72,26.64
13.89,13.89,21.41,19.76,25.63
13.11,13.11,21.30,18.04,23.08
13.17,13.17,20.58,19.98,24.16
13.56,13.56,20.39,18.07,20.77
13.37,13.37,20.11,17.77,22.27
11.83,11.83,20.62,18.37,23.85
11.95,11.95,21.40,19.69,24.68
11.51,11.51,20.78,19.76,24.57
11.31,11.31,20.54,19.37,22.75
12.38,12.38,17.98,18.48,20.57
11.21,11.21,18.25,18.12,19.71
11.40,11.40,16.91,17.16,20.23
10.75,10.75,18.46,17.25,20.44
10.15,10.15,17.82,16.47,19.97
11.47,11.47,18.05,16.56,20.73
11.69,11.69,17.20,15.84,20.55
11.47,11.47,18.19,15.75,20.30
10.76,10.76,19.05,14.29,21.57
9.22,9.22,18.03,14.99,19.85
9.39,9.39,18.01,13.29,21.15
9.99,9.99,17.45,13.02,20.18
10.06,10.06,16.24,12.15,21.08
9.92,9.92,16.67,12.45,20.56
11.73,11.73,16.64,13.00,21.30
11.54,11.54,17.96,14.55,21.70
12.05,12.05,18.61,15.99,21.55
12.19,12.19,19.29,17.35,21.58
11.12,11.12,19.72,17.40,21.20
10.54,10.54,19.07,17.25,21.46
9.31,9.31,18.52,16.82,19.99
8.99,8.99,17.36,16.36,21.03
8.79,8.79,16.23,13.94,18.50
9.57,9.57,15.90,12.67,19.69
10.32,10.32,16.46,8.34,19.98
10.59,10.59,17.15,9.12,21.88
10.49,10.49,17.13,7.58,21.68
9.52,9.52,16.16,7.23,20.93
9.61,9.61,16.03,8.83,19.49
8.82,8.82,15.73,10.04,20.08
8.98,8.98,16.41,9.35,20.85
7.73,7.73,15.70,9.88,20.05
8.00,8.00,16.82,8.34,20.47
7.95,7.95,14.65,7.98,18.96
7.39,7.39,14.73,6.99,19.43
8.34,8.34,13.89,7.14,18.91
8.60,8.60,15.05,6.42,19.24
8.03,8.03,13.55,6.55,19.11
6.43,6.43,14.53,6.33,18.84
6.60,6.60,14.74,6.54,18.54
6.27,6.27,14.63,6.63,18.75
6.09,6.09,16.70,7.63,19.17
5.18,5.18,17.34,8.34,19.18
4.99,4.99,18.61,8.77,20.73
5.95,5.95,18.81,9.51,20.68
7.81,7.81,18.63,9.84,21.28
9.24,9.24,18.06,10.37,21.34
9.09,9.09,17.87,9.61,21.71
9.97,9.97,17.56,10.62,21.95
8.31,8.31,16.60,9.43,21.21
9.11,9.11,17.27,11.05,20.39
6.62,6.62,16.42,10.07,19.83
7.79,7.79,18.72,12.06,20.39
6.70,6.70,18.59,11.24,19.62
6.93,6.93,19.57,10.90,19.65
6.79,6.79,17.28,10.03,19.03
9.17,9.17,16.50,11.03,18.76
9.16,9.16,15.27,10.74,19.17
9.43,9.43,15.25,10.83,19.35
8.43,8.43,14.25,10.82,19.75
9.03,9.03,13.33,10.11,18.15
7.46,7.46,13.79,9.17,17.73
7.57,7.57,14.91,11.00,17.10
6.89,6.89,16.33,12.07,18.32
7.73,7.73,16.75,11.95,19.32
7.32,7.32,17.49,12.16,19.76
8.48,8.48,16.22,11.71,19.28
7.65,7.65,16.26,10.55,17.61
8.68,8.68,15.05,10.14,17.57
7.36,7.36,13.63,10.38,15.31
7.15,7.15,13.17,11.15,14.07
5.79,5.79,14.54,10.39,15.29
4.40,4.40,13.55,9.03,15.07
4.09,4.09,15.25,9.70,17.15
2.99,2.99,14.34,8.00,15.98
3.76,3.76,15.82,8.09,16.49
3.96,3.96,16.15,8.63,15.01
4.11,4.11,16.28,10.35,14.86
4.64,4.64,18.03,11.04,15.53
5.69,5.69,19.02,14.85,15.86
5.95,5.95,19.59,16.62,14.05
5.88,5.88,22.44,20.19,16.17
6.23,6.23,23.94,20.25,15.17
6.76,6.76,24.15,20.41,18.11
6.86,6.86,25.57,22.74,19.36
7.26,7.26,27.64,24.16,16.62
8.09,8.09,28.46,24.62,18.34
9.65,9.65,30.07,25.91,19.80
9.96,9.96,27.27,25.43,21.85
10.20,10.20,30.27,26.60,22.30
10.04,10.04,29.66,25.77,23.36
12.01,12.01,31.13,26.45,23.12
11.55,11.55,30.02,25.60,22.82
11.58,11.58,30.05,24.78,22.79
13.11,13.11,30.93,27.63,25.38
12.88,12.88,29.80,26.53,26.13
12.84,12.84,30.48,27.37,26.85
13.43,13.43,30.48,26.79,27.84
14.01,14.01,29.50,27.30,27.80
15.26,15.26,31.01,28.15,28.50
14.61,14.61,29.93,28.19,28.52
14.69,14.69,31.22,29.43,28.76
15.53,15.53,29.70,27.95,30.27
16.77,16.77,30.99,28.93,30.98
17.24,17.24,30.60,28.52,32.39
16.34,16.34,32.85,28.77,32.64
17.34,17.34,33.88,31.28,33.67
16.54,16.54,34.43,31.23,32.69
16.54,16.54,34.56,31.31,33.23
16.58,16.58,33.88,31.21,32.99
15.62,15.62,35.18,29.07,31.60
16.70,16.70,37.67,32.99,32.62
16.94,16.94,39.39,34.90,31.25
18.69,18.69,37.86,33.47,32.91
16.31,16.31,37.90,34.49,32.37
16.08,16.08,36.07,31.33,35.49
17.92,17.92,35.34,35.07,36.21
17.58,17.58,37.08,37.01,36.71
19.62,19.62,35.12,35.03,38.16
19.47,19.47,34.49,35.91,38.91
18.57,18.57,32.81,33.55,38.40
18.84,18.84,30.68,27.65,37.51
18.76,18.76,31.17,32.16,39.38
18.36,18.36,28.85,28.57,38.06
18.48,18.48,29.09,32.14,37.22
17.19,17.19,30.43,35.20,40.67
17.65,17.65,30.26,33.09,39.91
17.11,17.11,30.65,35.86,41.27
18.56,18.56,32.77,36.99,40.72
19.09,19.09,31.20,35.61,43.58
18.92,18.92,31.84,37.90,43.22
20.13,20.13,32.15,38.05,42.70
19.38,19.38,32.17,37.36,43.20
18.60,18.60,32.86,40.74,43.71
18.63,18.63,30.89,39.28,42.08
19.48,19.48,32.94,40.70,43.37
19.47,19.47,32.78,39.90,42.26
19.24,19.24,32.46,37.61,40.64
19.05,19.05,32.38,38.99,41.61
18.62,18.62,33.10,35.66,40.86
18.15,18.15,34.88,39.28,42.04
17.00,17.00,33.34,38.66,42.63
16.67,16.67,35.05,38.11,43.23
16.23,16.23,35.22,38.63,41.32
17.64,17.64,36.02,37.64,42.87
18.22,18.22,37.19,37.86,44.93
17.78,17.78,36.49,37.57,45.01
17.21,17.21,35.56,36.08,44.27
16.90,16.90,35.95,37.65,46.66
17.22,17.22,33.91,35.57,45.08
18.36,18.36,32.06,36.61,45.98
18.44,18.44,32.20,38.77,47.04
19.80,19.80,32.15,34.77,46.65
18.56,18.56,30.74,37.12,46.92
19.68,19.68,31.58,34.71,44.22
19.68,19.68,31.68,35.90,46.44
19.75,19.75,32.92,36.91,47.65
19.10,19.10,30.50,35.05,46.30
18.84,18.84,30.96,36.17,45.15
19.80,19.80,28.48,34.28,44.65
18.39,18.39,28.49,36.28,45.32
20.04,20.04,29.84,35.09,44.32
19.06,19.06,29.30,35.92,44.66
17.68,17.68,28.99,35.89,44.49
17.17,17.17,29.07,34.55,46.52
18.62,18.62,27.60,34.25,47.41
17.85,17.85,29.77,32.83,46.98
18.44,18.44,29.49,33.79,47.87
17.70,17.70,28.48,30.38,48.49
16.53,16.53,27.99,30.94,47.36
17.30,17.30,28.81,30.35,46.70
17.41,17.41,27.38,25.09,46.23
17.93,17.93,29.03,30.33,45.40
19.55,19.55,28.43,27.84,45.58
18.29,18.29,28.23,25.98,45.55
19.93,19.93,26.86,29.74,45.70
18.22,18.22,26.57,27.47,45.30
16.15,16.15,25.89,29.40,47.42
14.99,14.99,24.78,31.08,47.95
16.36,16.36,26.83,31.30,47.95
16.34,16.34,27.31,31.80,48.48
16.16,16.16,27.36,32.16,48.32
16.32,16.32,26.15,32.10,46.79
17.89,17.89,27.80,34.39,48.77
17.19,17.19,26.11,34.14,49.20
16.93,16.93,25.69,34.44,49.76
18.79,18.79,25.96,34.10,50.83
17.77,17.77,26.32,35.96,51.09
17.63,17.63,25.00,37.44,50.20
17.54,17.54,26.27,38.71,52.09
17.72,17.72,25.26,34.94,49.57
17.36,17.36,26.37,38.96,52.47
16.21,16.21,25.11,37.25,53.22
17.61,17.61,26.17,37.19,53.08
16.76,16.76,25.76,39.25,53.95
17.46,17.46,28.03,37.42,53.37
18.58,18.58,27.08,36.14,50.77
18.21,18.21,26.60,38.21,53.85
16.19,16.19,26.36,34.85,51.48
17.22,17.22,27.16,38.13,51.83
15.32,15.32,26.67,39.76,53.63
17.16,17.16,26.97,36.04,51.95
18.33,18.33,26.59,38.07,53.76
18.22,18.22,26.66,37.34,53.15
19.45,19.45,27.39,37.18,53.00
18.16,18.16,26.01,36.12,54.52
18.47,18.47,26.94,32.75,53.40
17.96,17.96,27.08,34.94,53.81
17.12,17.12,25.06,37.13,55.46
18.06,18.06,28.76,32.09,52.96
18.29,18.29,27.95,34.01,54.10
16.52,16.52,26.45,33.54,54.25
18.31,18.31,27.46,32.62,52.96
18.04,18.04,27.39,35.49,54.65
17.33,17.33,26.85,33.44,51.57
17.92,17.92,27.72,36.82,53.98
17.70,17.70,26.82,35.76,53.81
18.40,18.40,27.66,30.00,52.69
18.93,18.93,28.44,35.44,54.56
18.48,18.48,28.13,28.69,54.42
18.63,18.63,29.29,28.59,54.29
18.08,18.08,27.72,31.00,55.50
18.86,18.86,27.49,26.90,52.58
17.97,17.97,25.93,28.52,52.32
15.48,15.48,25.75,29.76,53.10
14.52,14.52,25.53,27.02,51.74
15.52,15.52,25.60,29.35,53.26
18.87,18.87,25.06,27.87,52.52
17.58,17.58,25.24,29.09,49.88
17.19,17.19,24.50,30.79,52.88
16.31,16.31,24.57,25.58,52.08
17.93,17.93,25.13,30.30,51.50
18.44,18.44,26.56,31.32,53.79
18.44,18.44,26.59,29.10,52.17
17.95,17.95,27.92,32.30,50.94
17.23,17.23,25.80,30.31,51.88
17.27,17.27,27.84,30.55,50.93
16.51,16.51,26.33,29.89,51.19
15.71,15.71,25.97,27.96,52.05
16.76,16.76,25.84,30.55,49.80
16.16,16.16,26.03,29.37,51.19
17.21,17.21,28.96,32.15,50.88
17.03,17.03,28.65,32.24,48.98
17.66,17.66,29.75,33.30,50.00
16.87,16.87,27.13,31.87,48.74
17.24,17.24,30.50,32.52,48.88
17.03,17.03,28.88,32.43,51.17
16.44,16.44,29.79,27.19,51.46
16.93,16.93,28.92,27.63,51.58
16.87,16.87,27.99,24.55,51.34
15.56,15.56,26.84,28.00,51.10
14.95,14.95,26.17,22.60,49.92
15.77,15.77,26.70,24.68,50.21
15.04,15.04,30.06,24.19,52.04
15.72,15.72,29.98,24.56,51.56
15.66,15.66,29.08,26.07,52.18
14.75,14.75,29.69,27.37,51.38
14.32,14.32,28.26,28.35,51.42
13.14,13.14,29.19,27.19,51.11
13.44,13.44,26.91,28.36,51.32
13.50,13.50,27.87,28.99,51.88
15.44,15.44,27.13,26.47,51.90
13.38,13.38,26.51,30.19,52.70
13.68,13.68,24.74,29.07,52.75
15.07,15.07,25.81,29.27,53.73
16.06,16.06,27.71,32.08,54.54
15.73,15.73,26.61,26.23,54.62
16.01,16.01,27.28,26.61,53.23
15.76,15.76,26.68,29.68,52.44
14.60,14.60,26.97,25.67,50.66
15.59,15.59,27.23,28.54,51.62
14.18,14.18,28.37,29.37,49.31
13.53,13.53,27.16,30.88,49.09
16.00,16.00,24.89,31.85,50.86
16.75,16.75,24.93,31.97,51.69
17.86,17.86,27.33,29.55,50.52
18.47,18.47,25.64,32.71,51.52
17.96,17.96,25.47,28.82,49.56
16.26,16.26,27.86,31.78,50.14
16.64,16.64,27.83,31.41,49.65
16.11,16.11,29.68,30.57,50.59
17.00,17.00,29.30,30.64,50.94
16.18,16.18,30.06,29.74,50.24
15.33,15.33,29.99,28.29,49.73
14.16,14.16,29.90,29.00,49.09
15.48,15.48,28.00,29.37,49.59
15.17,15.17,28.40,31.36,47.20
16.10,16.10,27.17,31.34,48.79
15.97,15.97,28.05,31.58,48.00
16.87,16.87,27.34,32.42,45.94
16.12,16.12,28.12,30.78,46.07
15.80,15.80,29.58,34.58,45.23
14.61,14.61,27.60,32.17,44.52
15.36,15.36,28.21,32.65,45.90
15.10,15.10,29.78,34.88,43.90
15.90,15.90,27.65,32.48,44.71
16.55,16.55,30.15,36.42,44.05
16.55,16.55,29.17,36.26,43.35
16.81,16.81,29.15,34.21,46.05
15.85,15.85,31.48,36.61,43.62
16.60,16.60,30.51,34.91,44.99
15.12,15.12,31.57,33.90,44.81
16.58,16.58,32.69,36.42,43.62
15.66,15.66,32.05,33.50,44.26
15.12,15.12,32.34,35.55,43.67
15.24,15.24,33.66,35.68,42.38
13.71,13.71,33.44,34.20,41.84
13.59,13.59,33.23,34.96,42.58
17.36,17.36,33.81,35.15,42.11
17.34,17.34,33.11,34.12,41.67
18.35,18.35,34.61,36.28,42.88
16.60,16.60,34.15,33.88,42.68
15.64,15.64,34.41,34.64,41.93
16.25,16.25,34.72,36.34,43.28
17.19,17.19,32.85,32.39,41.01
16.81,16.81,35.03,35.49,41.08
17.09,17.09,34.41,33.35,41.03
16.51,16.51,34.40,32.72,39.18
15.05,15.05,35.23,34.36,40.40
15.87,15.87,33.42,31.02,38.65
15.99,15.99,34.73,31.30,38.53
16.53,16.53,34.01,31.58,38.08
17.13,17.13,31.78,27.38,35.95
16.85,16.85,32.40,30.95,35.51
17.77,17.77,30.79,29.94,34.28
16.91,16.91,31.51,29.49,34.97
15.38,15.38,32.67,32.68,33.60
14.45,14.45,32.29,33.13,34.68
15.45,15.45,32.79,33.19,35.10
16.27,16.27,31.81,33.63,34.34
15.86,15.86,30.48,31.97,34.63
15.80,15.80,31.92,31.97,34.76
15.93,15.93,30.90,32.47,34.46
17.35,17.35,30.29,30.80,35.08
16.01,16.01,28.08,30.01,35.27
16.33,16.33,30.29,30.35,36.75
16.47,16.47,29.94,28.26,36.88
16.48,16.48,29.80,28.30,37.29
17.84,17.84,30.10,27.91,35.09
16.88,16.88,29.84,26.72,35.22
16.50,16.50,30.79,28.97,34.66
16.64,16.64,29.75,25.88,33.16
16.62,16.62,29.60,26.85,33.71
17.42,17.42,28.38,26.45,33.49
16.61,16.61,28.30,23.87,33.07
16.67,16.67,28.49,25.81,33.04
17.13,17.13,28.56,24.35,33.29
17.64,17.64,29.61,25.96,32.90
15.48,15.48,30.16,26.01,33.36
16.43,16.43,30.52,26.02,32.98
16.37,16.37,28.90,25.69,33.10
15.44,15.44,28.38,26.46,33.54
15.37,15.37,27.17,27.65,32.12
15.59,15.59,26.77,27.96,31.04
16.17,16.17,26.57,26.50,30.94
16.25,16.25,28.15,28.02,29.59
16.50,16.50,28.04,26.45,28.99
16.30,16.30,27.36,25.34,29.44
15.86,15.86,28.81,27.22,29.99
15.37,15.37,28.23,25.00,29.06
15.43,15.43,28.68,25.33,28.97
15.78,15.78,28.61,25.62,28.65
17.20,17.20,28.60,25.11,28.07
17.10,17.10,29.38,25.53,27.31
16.90,16.90,30.02,27.70,27.91
16.41,16.41,28.87,23.93,27.74
16.36,16.36,28.57,24.99,27.10
15.42,15.42,25.62,22.90,26.48
15.55,15.55,24.68,19.81,25.59
14.30,14.30,24.92,23.79,25.28
13.68,13.68,22.20,22.91,24.13
12.32,12.32,24.07,21.66,24.46
11.47,11.47,23.89,23.73,24.57
11.62,11.62,24.70,22.60,25.04
12.57,12.57,25.81,23.02,24.57
12.59,12.59,26.77,22.74,26.03
12.94,12.94,26.28,21.44,25.92
12.45,12.45,26.64,21.26,25.87
12.48,12.48,27.66,21.93,25.59
12.34,12.34,26.05,21.94,23.44
13.88,13.88,25.09,22.09,23.98
14.47,14.47,26.58,22.93,25.08
13.65,13.65,25.63,20.14,25.94
13.50,13.50,26.85,19.98,27.46
12.82,12.82,26.94,21.30,27.14
12.59,12.59,27.68,19.64,26.80
13.22,13.22,26.63,22.65,27.24
13.04,13.04,26.64,22.97,26.02
13.00,13.00,26.33,21.95,25.64
13.38,13.38,25.72,25.73,25.67
12.95,12.95,24.92,25.68,25.06
12.55,12.55,24.21,25.56,25.73
13.63,13.63,25.91,26.65,27.18
13.60,13.60,27.79,25.85,27.18
14.17,14.17,27.40,26.05,27.13
13.29,13.29,27.63,27.95,26.94
13.96,13.96,27.15,26.48,26.73
14.21,14.21,27.15,27.55,25.75
13.54,13.54,27.70,27.06,25.07
13.48,13.48,26.40,25.07,24.28
13.04,13.04,27.21,25.91,24.16
12.20,12.20,25.19,23.95,23.98
11.99,11.99,23.01,22.17,23.89
12.25,12.25,24.58,23.13,24.58
11.58,11.58,22.45,19.29,22.42
12.54,12.54,23.12,20.54,22.73
11.73,11.73,23.15,21.94,22.47
11.95,11.95,22.56,19.43,21.40
11.65,11.65,23.09,22.17,21.79
10.29,10.29,21.25,19.09,20.69
10.62,10.62,21.98,20.03,21.67
11.17,11.17,23.04,21.04,22.98
9.72,9.72,22.52,19.00,21.61
9.79,9.79,22.87,20.66,21.62
9.56,9.56,22.14,19.35,20.29
9.72,9.72,20.89,17.58,18.28
10.87,10.87,23.44,18.87,20.18
11.05,11.05,22.92,15.30,19.44
10.55,10.55,24.06,17.62,20.24
10.61,10.61,23.98,17.45,19.79
9.96,9.96,22.47,17.20,18.95
10.27,10.27,24.21,21.18,17.09
9.60,9.60,21.94,20.59,14.16
9.47,9.47,20.64,19.71,14.34
10.55,10.55,23.06,21.98,15.99
11.16,11.16,22.14,19.36,18.03
10.53,10.53,24.34,21.36,20.57
11.03,11.03,22.11,20.36,21.35
10.34,10.34,21.64,18.28,23.62
9.67,9.67,23.45,20.58,25.99
9.41,9.41,21.00,19.19,28.25
10.87,10.87,22.22,18.86,31.43
10.24,10.24,22.42,17.12,31.29
10.11,10.11,24.20,18.65,33.43
9.68,9.68,24.25,18.91,33.40
9.03,9.03,22.79,17.10,32.67
10.63,10.63,24.05,18.66,33.88
10.41,10.41,22.92,20.47,33.14
11.22,11.22,23.01,19.51,33.03
12.67,12.67,25.37,23.70,34.00
11.81,11.81,26.32,22.30,34.53
12.84,12.84,28.76,24.94,35.60
12.88,12.88,27.13,23.38,37.50
13.41,13.41,29.04,26.44,37.97
14.44,14.44,29.14,28.07,39.01
15.52,15.52,30.36,28.38,38.74
16.20,16.20,29.46,30.21,38.27
16.71,16.71,30.57,28.16,36.06
17.57,17.57,30.96,30.19,38.93
18.29,18.29,30.07,30.88,38.91
18.39,18.39,30.27,30.93,42.44
17.15,17.15,29.77,31.96,43.54
16.59,16.59,28.47,30.90,44.44
15.87,15.87,29.22,31.03,45.82
15.44,15.44,27.34,29.87,45.28
17.46,17.46,31.49,33.22,45.43
16.68,16.68,31.18,33.49,45.56
17.39,17.39,29.83,32.65,44.41
17.39,17.39,31.61,33.27,42.63
16.97,16.97,29.25,30.97,39.88
17.80,17.80,32.25,32.65,41.51
19.04,19.04,30.49,30.85,41.65
20.71,20.71,32.03,32.21,42.31
21.24,21.24,31.65,34.84,46.02
19.68,19.68,32.61,34.87,48.09
17.51,17.51,31.76,35.00,48.56
17.33,17.33,31.11,33.73,49.38
19.52,19.52,30.55,33.20,48.73
19.67,19.67,31.38,33.33,46.48
18.74,18.74,30.25,34.34,45.30
18.61,18.61,31.77,34.81,44.00
17.23,17.23,30.54,34.06,45.24
18.33,18.33,29.45,34.43,45.54
19.60,19.60,30.87,35.91,47.49
18.99,18.99,29.58,36.59,50.33
21.16,21.16,30.34,36.52,49.73
20.09,20.09,29.86,37.31,50.30
20.62,20.62,30.96,37.72,49.61
18.92,18.92,30.59,37.11,50.83
19.42,19.42,31.50,36.99,49.14
19.44,19.44,32.37,36.26,47.18
19.71,19.71,31.53,36.58,49.51
20.32,20.32,30.85,36.14,46.71
20.83,20.83,31.59,38.21,48.35
20.32,20.32,30.27,34.77,50.26
20.58,20.58,31.70,37.09,51.08
19.83,19.83,30.75,36.48,50.81
19.18,19.18,31.06,35.50,52.69
18.81,18.81,31.65,37.51,52.90
20.55,20.55,32.20,36.30,51.17
19.22,19.22,32.22,37.72,52.74
20.18,20.18,31.57,35.25,50.66
20.24,20.24,29.22,34.93,49.01
20.95,20.95,31.67,35.84,50.94
21.18,21.18,30.08,34.85,49.92
20.53,20.53,31.70,37.52,51.23
21.22,21.22,32.37,36.69,51.36
21.16,21.16,31.14,35.87,52.43
21.16,21.16,31.61,35.63,51.94
19.80,19.80,30.07,33.93,52.59
21.02,21.02,31.42,35.46,51.49
20.08,20.08,29.28,33.94,52.61
20.23,20.23,31.59,31.87,51.94
21.59,21.59,30.71,33.68,50.11
21.05,21.05,31.93,33.01,49.91
22.03,22.03,31.54,32.52,51.00
21.31,21.31,33.28,35.21,51.63
20.40,20.40,32.80,34.52,51.68
18.99,18.99,30.88,34.58,54.09
20.89,20.89,30.70,33.48,53.24
20.56,20.56,30.85,29.46,55.06
21.06,21.06,33.20,32.95,55.10
21.51,21.51,31.21,32.31,53.36
21.52,21.52,29.90,32.34,52.05
22.31,22.31,31.54,27.68,48.85
20.39,20.39,29.83,28.75,47.88
22.70,22.70,30.34,28.26,48.29
22.87,22.87,30.64,28.34,47.30
21.78,21.78,30.49,28.54,47.99
21.97,21.97,29.62,27.22,47.23
22.20,22.20,29.85,26.68,48.47
19.64,19.64,26.85,25.48,49.66
19.61,19.61,27.34,25.91,51.49
19.11,19.11,29.83,26.62,52.15
21.06,21.06,28.87,26.21,51.06
21.86,21.86,28.31,25.80,50.20
20.95,20.95,26.28,26.23,46.80
20.42,20.42,27.20,27.00,45.64
21.88,21.88,26.74,27.73,45.33
21.10,21.10,26.41,30.57,45.97
20.16,20.16,27.49,29.69,49.33
19.89,19.89,27.26,32.40,49.75
19.77,19.77,25.11,29.05,51.04
19.81,19.81,25.66,29.88,51.90
21.54,21.54,26.06,30.82,51.90
21.37,21.37,26.37,31.69,52.07
22.56,22.56,27.23,29.44,50.52
19.41,19.41,28.52,31.70,49.32
20.14,20.14,27.64,30.23,50.13
21.35,21.35,29.25,33.65,50.53
23.17,23.17,28.97,29.91,48.36
21.79,21.79,29.60,31.80,49.67
22.07,22.07,28.42,34.10,50.70
21.28,21.28,28.01,31.47,50.44
20.50,20.50,28.81,33.75,50.71
19.33,19.33,27.88,33.52,51.06
21.04,21.04,28.38,33.67,52.65
20.95,20.95,27.55,34.51,51.69
20.33,20.33,27.34,31.45,51.70
20.52,20.52,26.53,33.37,53.59
21.38,21.38,25.81,29.58,49.56
21.77,21.77,26.84,33.64,51.52
21.52,21.52,27.04,34.51,50.71
22.51,22.51,27.20,30.23,51.51
21.43,21.43,27.67,35.32,52.01
20.92,20.92,25.11,31.53,50.54
22.84,22.84,27.80,34.05,52.52
22.06,22.06,27.82,33.54,53.27
21.95,21.95,27.36,34.36,52.97
21.31,21.31,25.64,34.04,53.94
22.16,22.16,28.15,33.52,51.41
21.23,21.23,26.87,35.80,52.81
22.53,22.53,25.83,34.97,50.80
22.50,22.50,25.47,33.23,50.75
21.71,21.71,26.60,32.73,50.95
20.69,20.69,28.37,34.33,50.96
20.67,20.67,25.92,34.42,51.57
22.65,22.65,26.87,36.10,51.26
19.53,19.53,28.24,34.28,53.67
21.39,21.39,26.84,35.43,50.24
20.29,20.29,27.47,34.66,50.11
21.72,21.72,26.52,33.95,51.52
20.67,20.67,27.38,35.44,48.97
22.28,22.28,28.54,34.05,48.98
20.35,20.35,26.59,35.73,49.56
22.75,22.75,26.44,36.55,49.52
21.24,21.24,28.34,35.19,50.62
20.90,20.90,29.37,36.45,51.42
21.61,21.61,30.02,35.97,49.86
22.95,22.95,31.34,37.85,51.76
20.57,20.57,30.74,33.89,50.59
20.89,20.89,28.95,35.87,50.97
19.34,19.34,29.76,34.82,49.98
20.63,20.63,28.84,34.22,48.38
22.43,22.43,29.23,36.74,48.65
22.43,22.43,30.11,37.49,48.86
21.67,21.67,31.75,36.81,48.12
21.68,21.68,31.23,37.37,48.73
21.48,21.48,31.50,37.60,47.62
20.02,20.02,31.60,38.34,50.19
20.95,20.95,31.79,38.15,49.97
20.94,20.94,31.42,36.15,50.51
21.28,21.28,30.82,33.06,50.16
22.39,22.39,31.00,32.90,48.87
20.67,20.67,29.85,30.18,47.38
21.61,21.61,31.89,31.52,46.91
20.66,20.66,29.87,27.31,46.87
20.39,20.39,30.25,30.43,49.39
21.86,21.86,33.04,30.57,50.04
20.67,20.67,31.68,29.14,50.54
21.34,21.34,32.49,32.54,50.82
19.76,19.76,30.32,29.66,51.77
22.35,22.35,31.61,33.15,54.22
19.58,19.58,29.90,30.18,53.20
20.54,20.54,31.06,30.97,51.50
22.47,22.47,31.01,32.90,51.97
22.27,22.27,30.72,28.01,50.08
20.65,20.65,30.21,32.87,49.20
20.58,20.58,29.81,28.12,51.07
21.54,21.54,30.22,29.39,50.95
22.01,22.01,31.87,28.36,50.64
19.86,19.86,31.70,29.13,51.94
22.54,22.54,30.93,29.87,52.45
21.48,21.48,30.90,29.76,53.00
22.51,22.51,31.84,28.43,52.88
20.86,20.86,31.66,27.25,52.50
20.06,20.06,31.01,26.27,52.41
21.12,21.12,30.76,27.12,53.19
20.36,20.36,30.61,28.31,52.20
22.62,22.62,29.18,22.29,51.04
22.47,22.47,29.65,27.44,51.84
20.77,20.77,29.71,28.39,53.31
21.00,21.00,31.23,25.23,53.87
21.35,21.35,29.91,25.15,55.35
21.85,21.85,30.81,26.18,54.49
20.69,20.69,32.78,30.57,54.25
19.56,19.56,31.39,31.07,53.47
20.24,20.24,30.80,32.71,51.52
18.45,18.45,30.92,35.13,52.68
19.18,19.18,32.57,36.27,52.05
17.05,17.05,31.50,36.81,53.40
19.53,19.53,30.15,36.39,51.69
21.14,21.14,30.86,36.96,52.75
20.77,20.77,30.15,36.88,50.81
21.04,21.04,29.29,36.67,50.04
20.07,20.07,31.16,36.33,50.22
21.57,21.57,31.21,36.25,49.47
19.29,19.29,30.84,34.66,48.35
20.43,20.43,30.83,35.20,49.09
19.40,19.40,30.04,35.95,47.49
20.72,20.72,29.52,34.92,48.28
21.74,21.74,30.60,37.47,48.59
19.28,19.28,28.48,36.03,48.69
20.70,20.70,29.05,35.52,49.44
19.48,19.48,27.76,35.28,49.20
17.63,17.63,27.70,34.92,49.52
19.12,19.12,28.86,37.02,50.69
19.42,19.42,29.03,35.40,48.92
20.21,20.21,29.09,36.16,49.31
19.85,19.85,28.49,37.35,46.02
19.64,19.64,28.48,36.01,46.00
20.47,20.47,30.43,35.58,46.32
22.01,22.01,30.06,35.60,43.39
22.37,22.37,30.82,36.96,45.86
22.02,22.02,30.92,37.65,45.92
21.05,21.05,30.59,35.11,47.56
20.73,20.73,31.09,37.18,46.78
19.62,19.62,30.06,36.06,47.89
19.99,19.99,29.21,35.75,46.37
21.57,21.57,32.33,36.04,46.53
20.71,20.71,29.35,35.91,44.75
19.93,19.93,31.05,35.95,41.65
19.75,19.75,31.61,34.94,43.38
19.61,19.61,31.49,33.17,42.79
18.53,18.53,30.72,35.28,44.25
20.05,20.05,29.98,32.39,44.95
17.88,17.88,30.55,32.93,45.93
18.23,18.23,30.30,33.08,47.28
20.59,20.59,30.82,30.68,47.72
20.53,20.53,29.51,32.76,46.90
19.07,19.07,29.34,30.16,46.03
19.80,19.80,28.73,31.92,43.84
19.66,19.66,28.02,31.67,42.81
18.50,18.50,29.35,33.41,44.26
18.80,18.80,29.83,33.11,45.21
17.97,17.97,29.46,32.11,45.31
19.73,19.73,30.07,31.32,44.08
18.39,18.39,28.57,29.57,45.00
19.78,19.78,29.39,30.01,45.73
17.96,17.96,28.40,29.80,46.75
18.66,18.66,28.30,29.71,45.70
18.71,18.71,27.16,25.71,45.11
17.54,17.54,26.75,24.06,44.76
16.42,16.42,26.07,24.76,44.15
17.13,17.13,26.71,25.64,44.40
16.65,16.65,27.03,24.46,43.60
17.60,17.60,25.31,24.69,43.55
16.97,16.97,25.26,26.18,43.67
16.38,16.38,25.29,27.03,43.98
17.56,17.56,25.99,26.66,43.73
17.79,17.79,28.66,24.14,42.86
17.23,17.23,29.36,24.83,43.38
17.62,17.62,29.09,24.85,43.25
17.26,17.26,30.89,24.93,43.07
17.23,17.23,30.52,23.01,42.12
16.68,16.68,27.01,22.68,40.60
17.26,17.26,28.41,24.09,39.62
16.99,16.99,29.72,23.56,40.22
16.04,16.04,28.95,28.53,40.95
17.29,17.29,28.78,26.98,41.64
18.64,18.64,29.47,26.62,40.90
17.66,17.66,28.49,25.85,41.07
16.50,16.50,28.10,25.10,41.60
16.52,16.52,26.41,24.20,40.33
15.99,15.99,26.69,23.78,39.48
17.58,17.58,27.67,24.12,39.12
18.24,18.24,26.55,21.62,38.55
16.73,16.73,28.68,26.12,38.38
16.18,16.18,28.74,25.75,38.91
15.79,15.79,29.08,26.94,38.55
16.97,16.97,28.57,25.49,37.85
16.20,16.20,27.44,25.54,37.67
15.92,15.92,28.86,27.28,36.67
15.85,15.85,27.45,25.19,37.06
17.05,17.05,28.72,26.26,36.17
16.91,16.91,28.70,21.70,34.38
14.45,14.45,28.36,24.18,34.17
14.05,14.05,28.16,23.91,33.78
13.75,13.75,26.13,21.08,31.77
14.81,14.81,28.73,22.37,32.67
16.21,16.21,27.96,21.72,32.83
17.06,17.06,26.19,20.12,32.05
16.08,16.08,27.45,22.25,31.08
15.99,15.99,27.03,21.86,29.56
15.85,15.85,26.17,23.17,27.99
16.72,16.72,26.33,20.70,28.70
14.65,14.65,24.37,21.02,27.95
15.13,15.13,24.01,20.18,27.14
15.43,15.43,26.68,21.04,28.72
16.47,16.47,26.41,21.97,29.87
15.57,15.57,26.05,20.54,27.86
16.04,16.04,26.17,21.06,29.04
16.68,16.68,27.55,24.12,29.24
16.35,16.35,25.45,22.97,29.69
17.04,17.04,26.74,24.94,32.38
15.05,15.05,26.60,25.55,34.01
15.11,15.11,28.92,26.08,36.16
15.11,15.11,30.44,27.80,36.48
14.04,14.04,28.05,26.06,36.48
14.35,14.35,29.09,27.74,36.70
14.98,14.98,28.60,26.13,35.08
15.96,15.96,28.32,28.12,34.37
14.61,14.61,26.70,26.40,33.50
15.18,15.18,28.93,26.66,32.47
14.59,14.59,28.01,26.10,32.76
14.18,14.18,26.93,24.91,33.04
14.86,14.86,31.44,26.49,34.08
14.87,14.87,30.98,23.57,32.64
14.39,14.39,30.40,25.00,32.26
13.45,13.45,29.11,21.69,29.87
13.09,13.09,28.23,21.51,26.17
14.56,14.56,26.54,23.13,24.75
14.65,14.65,27.03,21.09,24.57
13.88,13.88,25.06,22.14,23.74
13.80,13.80,25.52,22.40,23.84
15.11,15.11,27.69,18.62,24.55
13.94,13.94,25.93,21.98,26.48
14.46,14.46,26.77,20.82,26.80
14.24,14.24,26.36,19.30,27.68
14.94,14.94,27.24,20.73,28.40
14.68,14.68,25.71,19.42,28.56
15.22,15.22,25.99,21.22,30.27
13.86,13.86,25.37,19.57,29.86
13.25,13.25,25.31,19.25,28.87
13.89,13.89,24.87,21.08,27.53
13.77,13.77,26.57,19.89,27.17
13.54,13.54,24.89,21.11,26.59
13.41,13.41,25.35,21.69,27.01
13.12,13.12,28.85,19.48,28.74
12.02,12.02,29.97,21.40,29.33
11.05,11.05,30.32,20.96,28.42
11.13,11.13,30.04,20.00,27.05
9.84,9.84,29.91,20.40,25.99
9.89,9.89,27.99,18.03,25.48
11.51,11.51,29.20,21.18,24.75
10.72,10.72,30.17,21.52,21.01
13.04,13.04,31.24,24.43,22.01
13.07,13.07,31.34,25.38,25.27
14.53,14.53,31.54,28.42,27.06
14.06,14.06,33.51,29.43,28.62
14.94,14.94,31.20,30.10,28.69
17.35,17.35,30.99,29.96,28.40
17.81,17.81,31.89,28.98,31.26
16.48,16.48,31.28,30.83,28.58
16.07,16.07,33.76,30.98,31.49
16.52,16.52,33.38,33.08,32.44
17.33,17.33,36.37,32.53,32.82
17.13,17.13,38.57,33.71,35.25
16.41,16.41,40.23,29.88,35.90
18.83,18.83,40.11,31.96,35.86
18.46,18.46,40.48,32.06,39.77
17.72,17.72,41.59,33.64,41.31
17.28,17.28,42.12,35.90,43.34
17.80,17.80,41.04,35.30,44.99
17.61,17.61,37.56,35.90,46.12
19.46,19.46,37.50,36.22,48.54
16.33,16.33,34.94,37.83,50.71
16.55,16.55,30.94,34.22,50.81
18.89,18.89,30.34,33.24,52.74
17.89,17.89,30.49,34.26,52.19
18.27,18.27,31.60,31.75,53.96
17.76,17.76,29.31,32.90,53.50
19.19,19.19,29.78,32.08,53.74
18.32,18.32,29.66,23.45,53.80
21.10,21.10,27.07,29.49,54.31
22.30,22.30,28.17,29.47,57.34
19.33,19.33,26.56,22.92,54.39
19.97,19.97,26.01,27.43,56.47
19.95,19.95,27.60,27.65,55.94
20.44,20.44,28.79,26.02,54.77
21.55,21.55,27.99,23.33,56.26
21.72,21.72,28.64,28.67,56.43
22.94,22.94,31.87,28.38,59.45
22.43,22.43,30.96,30.30,57.70
22.20,22.20,27.62,24.13,59.80
21.41,21.41,27.60,27.56,57.24
22.72,22.72,27.87,25.46,59.78
24.72,24.72,29.30,22.41,60.02
24.71,24.71,28.18,18.83,57.96
24.39,24.39,30.34,21.93,58.45
24.53,24.53,29.11,20.67,57.78
24.80,24.80,31.55,20.12,58.14
25.30,25.30,30.26,23.58,59.18
22.71,22.71,28.38,19.32,59.60
22.05,22.05,26.82,19.65,60.44
19.78,19.78,28.77,17.87,61.55
21.68,21.68,27.96,17.26,60.84
22.21,22.21,28.21,15.96,59.47
25.90,25.90,28.47,12.91,61.91
27.60,27.60,27.90,16.93,60.34
29.04,29.04,27.59,16.69,60.82
28.76,28.76,28.35,14.25,60.87
23.22,23.22,27.61,19.25,59.55
21.38,21.38,26.39,23.24,60.90
20.19,20.19,27.21,20.68,60.67
21.78,21.78,28.32,15.56,62.65
21.36,21.36,28.00,19.92,61.97
22.57,22.57,26.33,18.57,63.47
25.73,25.73,27.24,19.73,63.05
26.19,26.19,27.13,12.95,60.88
26.42,26.42,27.39,22.93,61.44
23.29,23.29,25.73,20.86,60.88
23.88,23.88,27.87,22.07,59.39
24.21,24.21,27.19,21.55,59.60
22.04,22.04,25.99,21.79,58.17
23.12,23.12,27.64,23.50,59.83
23.32,23.32,27.33,17.47,61.26
21.98,21.98,26.73,30.35,62.26
20.88,20.88,27.02,29.47,61.99
22.84,22.84,27.18,33.25,61.64
23.36,23.36,27.93,34.71,60.83
22.51,22.51,25.21,38.42,61.12
20.73,20.73,24.86,39.21,61.49
23.93,23.93,24.83,37.18,61.68
21.93,21.93,23.60,37.77,58.92
22.35,22.35,25.33,37.77,58.70
24.29,24.29,25.55,35.09,59.52
22.25,22.25,24.73,35.30,58.05
24.16,24.16,26.25,34.12,59.55
23.10,23.10,25.31,37.22,59.81
23.02,23.02,25.04,39.08,59.05
20.71,20.71,24.58,38.14,58.29
19.08,19.08,26.32,38.82,60.41
18.85,18.85,24.21,37.88,61.69
18.77,18.77,24.55,36.62,60.74
20.94,20.94,25.00,35.41,61.04
20.21,20.21,25.25,32.15,62.13
22.95,22.95,27.05,32.55,60.25
22.98,22.98,26.57,28.26,57.32
21.73,21.73,26.23,29.50,57.15
24.16,24.16,26.86,28.62,56.49
25.73,25.73,26.43,32.08,58.49
23.38,23.38,26.48,30.04,57.19
20.77,20.77,25.52,30.50,59.75
24.33,24.33,25.82,29.31,59.58
21.22,21.22,24.36,25.28,60.05
21.39,21.39,25.45,20.33,61.38
22.11,22.11,26.11,20.86,60.18
22.21,22.21,26.33,20.10,58.72
20.74,20.74,26.27,21.66,59.00
24.41,24.41,27.59,20.84,58.73
29.20,29.20,28.92,22.76,57.49
29.12,29.12,28.07,24.96,56.31
25.74,25.74,25.64,30.21,56.30
24.59,24.59,25.05,32.71,56.07
23.45,23.45,26.39,36.50,57.85
19.85,19.85,26.41,38.18,58.11
20.34,20.34,26.65,38.42,57.68
19.21,19.21,25.04,37.05,56.88
21.52,21.52,26.62,34.54,56.39
21.85,21.85,25.95,32.66,57.24
23.77,23.77,26.68,30.73,55.64
23.18,23.18,25.41,29.28,55.59
22.35,22.35,24.67,31.79,54.79
22.75,22.75,26.09,33.69,56.24
19.79,19.79,26.25,36.40,54.45
18.48,18.48,24.61,37.47,51.36
19.44,19.44,25.01,39.04,55.65
18.61,18.61,26.28,40.34,57.63
18.06,18.06,25.75,39.60,58.80
22.37,22.37,28.43,38.08,58.05
22.24,22.24,27.68,37.69,56.10
21.17,21.17,26.63,37.45,55.03
22.51,22.51,28.12,36.45,53.41
25.53,25.53,31.37,38.63,54.24
26.15,26.15,32.46,38.53,55.76
22.42,22.42,29.17,42.58,53.50
19.73,19.73,28.84,41.07,53.55
18.71,18.71,30.19,39.92,53.28
16.74,16.74,28.65,38.29,57.42
16.50,16.50,30.33,37.82,58.40
20.16,20.16,29.07,38.86,58.66
21.90,21.90,28.92,38.26,58.42
22.74,22.74,29.90,35.46,59.06
22.62,22.62,30.78,36.78,57.62
21.01,21.01,30.96,33.74,56.61
20.41,20.41,28.46,32.85,55.45
19.87,19.87,29.80,32.97,56.78
19.92,19.92,29.99,35.21,56.14
21.97,21.97,28.69,36.41,56.28
21.78,21.78,31.33,38.56,58.98
18.89,18.89,29.26,36.83,57.95
20.54,20.54,28.35,34.47,59.07
21.15,21.15,31.78,37.07,55.40
23.10,23.10,32.88,39.25,54.72
24.29,24.29,33.01,38.78,53.74
24.49,24.49,31.81,36.22,55.93
22.85,22.85,31.73,37.00,57.37
22.04,22.04,30.84,36.49,57.84
20.99,20.99,28.89,36.59,59.18
18.85,18.85,29.61,38.06,57.33
18.84,18.84,31.17,37.32,55.71
19.89,19.89,29.77,34.84,55.33
18.51,18.51,30.20,35.15,53.99
22.66,22.66,32.34,34.58,54.43
24.76,24.76,33.40,35.21,54.49
24.95,24.95,32.04,31.12,52.99
25.42,25.42,32.87,30.43,53.63
22.74,22.74,33.62,33.32,52.51
20.54,20.54,32.06,30.81,55.72
20.35,20.35,32.66,31.12,55.49
19.25,19.25,32.04,32.44,55.82
19.50,19.50,33.58,32.36,54.91
20.99,20.99,33.21,31.68,55.57
23.14,23.14,32.41,29.60,57.38
26.36,26.36,34.50,31.07,57.21
24.28,24.28,34.80,31.51,56.42
24.25,24.25,36.46,33.64,53.91
24.87,24.87,36.35,32.22,54.95
26.50,26.50,36.29,33.22,53.92
22.31,22.31,38.39,35.40,52.57
24.06,24.06,39.02,34.42,53.40
21.93,21.93,37.00,34.59,52.75
21.05,21.05,36.61,34.05,54.14
24.38,24.38,37.76,33.43,55.39
23.03,23.03,37.99,35.42,54.51
25.83,25.83,37.61,30.71,55.25
26.88,26.88,36.87,33.88,55.51
27.08,27.08,38.41,33.37,54.05
25.69,25.69,37.91,33.63,55.98
25.23,25.23,38.18,31.43,55.30
23.00,23.00,36.05,29.51,52.44
22.59,22.59,36.31,30.82,48.74
26.64,26.64,37.14,32.43,52.75
27.38,27.38,36.70,32.84,53.47
26.07,26.07,36.65,33.11,54.03
23.00,23.00,36.55,31.64,51.70
22.87,22.87,39.43,35.84,52.02
24.58,24.58,35.97,30.58,52.03
26.63,26.63,36.48,30.33,51.83
25.71,25.71,36.40,32.49,49.95
20.89,20.89,37.93,33.82,50.73
23.08,23.08,34.93,29.14,54.57
21.14,21.14,33.50,27.93,55.77
19.84,19.84,35.17,32.29,56.35
21.84,21.84,35.69,30.88,58.01
26.28,26.28,36.74,32.41,56.78
28.31,28.31,35.74,33.37,54.43
28.92,28.92,38.14,35.58,51.60
28.99,28.99,38.84,36.38,49.97
25.62,25.62,35.60,34.53,52.95
22.30,22.30,36.98,35.99,54.63
21.00,21.00,36.57,35.35,54.12
19.98,19.98,37.19,35.47,50.67
21.82,21.82,35.76,33.10,50.56
22.21,22.21,35.79,35.64,48.54
20.57,20.57,34.65,32.63,49.87
23.27,23.27,37.70,34.29,49.07
23.76,23.76,38.46,31.06,50.30
25.02,25.02,37.02,34.63,50.64
27.37,27.37,38.45,37.73,50.41
27.86,27.86,36.74,35.54,50.59
22.20,22.20,36.24,35.98,47.30
21.46,21.46,38.15,38.56,46.20
21.65,21.65,39.70,39.37,44.41
21.81,21.81,36.97,38.76,42.43
21.76,21.76,39.05,38.89,42.48
24.90,24.90,37.16,37.72,42.37
25.75,25.75,34.83,28.38,44.09
23.96,23.96,36.55,35.77,45.76
24.48,24.48,37.17,37.18,46.31
23.74,23.74,38.21,38.56,45.70
22.44,22.44,35.10,33.90,43.60
20.03,20.03,34.04,25.70,43.19
22.26,22.26,34.81,28.55,43.36
19.98,19.98,36.46,30.32,44.26
20.45,20.45,36.67,32.44,44.71
19.88,19.88,35.22,28.67,45.18
22.62,22.62,36.49,34.85,45.89
23.57,23.57,36.96,36.24,46.33
24.62,24.62,37.46,33.24,44.62
23.56,23.56,37.15,34.95,44.49
22.40,22.40,37.19,30.35,43.34
20.93,20.93,38.20,30.82,44.09
20.06,20.06,35.03,26.15,43.72
22.48,22.48,35.92,28.28,41.33
22.41,22.41,35.77,29.19,40.43
20.26,20.26,34.50,28.78,39.75
21.90,21.90,36.54,29.14,41.08
24.10,24.10,38.32,25.64,40.86
21.77,21.77,35.37,29.92,37.67
25.86,25.86,36.44,35.83,35.02
23.08,23.08,36.60,36.37,37.07
20.85,20.85,35.41,37.20,39.23
20.94,20.94,36.05,37.08,40.72
19.06,19.06,35.14,32.63,41.13
20.57,20.57,35.52,26.82,41.26
22.47,22.47,33.71,25.77,39.69
20.78,20.78,32.72,34.29,36.61
19.70,19.70,35.29,33.30,35.93
20.60,20.60,34.51,27.98,36.36
18.68,18.68,35.99,30.12,38.14
20.92,20.92,36.43,31.63,38.73
18.65,18.65,37.46,36.69,42.36
18.84,18.84,38.49,35.39,44.06
21.23,21.23,39.04,35.78,44.61
19.92,19.92,36.82,35.99,43.85
21.44,21.44,34.50,33.44,41.34
20.20,20.20,34.75,30.09,40.97
19.53,19.53,33.61,33.38,41.10
17.50,17.50,33.70,34.52,40.95
17.57,17.57,34.86,34.60,41.53
19.64,19.64,35.33,30.33,42.07
19.92,19.92,34.00,28.87,40.76
19.65,19.65,34.41,26.95,38.65
19.04,19.04,32.89,23.40,36.09
21.61,21.61,32.96,30.16,36.26
19.90,19.90,32.94,30.04,37.28
19.41,19.41,37.13,29.90,39.74
19.41,19.41,35.45,30.26,38.73
16.74,16.74,32.44,33.04,38.43
20.70,20.70,33.37,33.08,39.87
19.68,19.68,33.20,33.80,42.80
18.86,18.86,34.82,33.51,43.38
19.41,19.41,34.28,34.82,41.28
19.58,19.58,34.00,27.75,39.70
18.95,18.95,34.04,27.53,39.33
15.05,15.05,35.95,25.65,39.33
16.66,16.66,36.05,23.36,40.34
18.94,18.94,35.18,28.12,39.81
14.89,14.89,33.96,32.58,39.02
16.79,16.79,34.01,35.57,39.02
17.19,17.19,33.60,35.14,37.17
14.74,14.74,33.24,36.09,35.62
15.75,15.75,31.32,31.42,33.84
15.72,15.72,32.23,31.17,32.98
18.26,18.26,33.02,30.59,33.96
17.69,17.69,32.32,27.22,34.75
14.82,14.82,32.40,29.27,34.68
19.19,19.19,32.80,31.33,34.53
17.51,17.51,33.08,32.38,34.54
20.03,20.03,33.39,33.74,34.35
16.55,16.55,33.85,35.65,32.86
13.34,13.34,31.85,32.42,31.07
14.24,14.24,30.11,30.06,28.50
15.31,15.31,29.09,29.61,28.11
17.17,17.17,28.35,27.25,27.95
14.73,14.73,29.50,26.46,27.63
17.22,17.22,30.87,29.75,28.04
14.96,14.96,31.03,30.16,27.67
16.92,16.92,31.38,29.22,29.84
16.41,16.41,31.72,30.58,28.66
14.88,14.88,30.83,33.11,26.55
16.74,16.74,31.42,30.87,26.19
17.40,17.40,30.95,28.48,25.00
17.77,17.77,30.54,27.73,25.96
17.37,17.37,30.58,22.50,25.06
16.73,16.73,31.39,23.41,24.70
15.38,15.38,29.38,23.97,25.96
15.50,15.50,31.23,25.93,26.26
13.86,13.86,31.72,26.01,27.00
14.57,14.57,31.55,28.81,28.39
15.30,15.30,32.42,29.81,27.63
15.49,15.49,30.62,27.57,26.74
16.30,16.30,30.70,27.77,26.04
17.10,17.10,29.82,25.95,24.98
11.66,11.66,28.46,24.55,24.37
14.04,14.04,28.60,21.15,26.12
14.56,14.56,26.69,22.22,25.16
13.44,13.44,28.12,24.39,24.47
13.65,13.65,27.64,25.44,25.31
12.65,12.65,29.31,25.43,26.67
12.98,12.98,28.99,26.15,26.21
11.31,11.31,28.83,24.87,25.79
13.73,13.73,29.88,25.03,25.55
15.34,15.34,29.29,21.97,24.88
11.83,11.83,29.97,23.88,23.96
13.39,13.39,27.70,24.81,23.27
14.42,14.42,26.37,22.11,23.38
15.27,15.27,26.74,14.95,23.45
14.97,14.97,27.18,19.57,23.88
14.35,14.35,29.37,20.60,23.54
9.86,9.86,28.78,23.58,22.61
10.52,10.52,29.26,26.92,22.57
10.15,10.15,30.08,28.17,21.97
10.47,10.47,30.52,28.24,24.73
12.62,12.62,30.48,29.31,24.01
11.28,11.28,29.98,30.13,22.50
10.30,10.30,28.41,26.36,20.85
9.38,9.38,25.96,25.67,20.73
10.32,10.32,25.95,27.33,19.69
11.42,11.42,26.54,26.07,20.05
12.24,12.24,27.85,27.40,18.42
10.93,10.93,30.29,29.25,19.89
9.34,9.34,27.70,28.01,19.64
9.71,9.71,28.79,27.66,19.52
11.70,11.70,28.52,27.35,20.51
10.53,10.53,26.16,23.92,19.11
10.79,10.79,26.02,23.52,18.79
10.13,10.13,23.86,20.93,18.44
9.78,9.78,25.10,21.09,20.32
11.04,11.04,25.90,23.86,21.08
11.51,11.51,25.94,23.91,20.98
10.87,10.87,28.19,28.24,23.10
10.86,10.86,27.26,24.48,23.58
13.96,13.96,29.36,29.22,26.17
13.91,13.91,26.44,22.33,26.42
14.23,14.23,29.77,29.03,26.97
16.57,16.57,28.51,25.69,28.77
16.38,16.38,28.58,25.54,29.46
16.32,16.32,28.99,23.98,30.32
16.86,16.86,28.09,24.82,31.55
17.33,17.33,29.30,25.22,33.18
17.93,17.93,29.01,22.22,33.75
17.48,17.48,29.64,26.64,34.60
17.25,17.25,29.92,22.53,34.43
19.05,19.05,30.91,25.33,35.52
18.84,18.84,31.71,25.31,37.47
19.67,19.67,32.45,24.56,37.54
19.71,19.71,32.46,26.70,40.07
20.80,20.80,34.47,28.71,40.21
20.66,20.66,33.52,28.95,41.29
20.31,20.31,33.99,30.74,39.54
20.80,20.80,32.56,31.20,38.89
20.64,20.64,33.85,33.33,41.72
19.84,19.84,31.82,32.91,42.56
18.92,18.92,32.80,34.32,44.53
19.40,19.40,33.11,33.18,45.03
19.52,19.52,32.47,35.21,45.71
17.41,17.41,32.21,34.91,48.04
18.03,18.03,31.83,35.59,47.29
18.76,18.76,33.07,33.37,47.62
19.61,19.61,32.35,34.80,46.71
18.45,18.45,31.21,34.81,47.29
18.88,18.88,31.39,32.46,46.43
18.98,18.98,31.97,33.90,47.59
18.95,18.95,31.70,32.07,48.34
19.42,19.42,30.52,35.43,49.71
18.83,18.83,29.76,34.89,50.07
18.15,18.15,31.15,35.42,48.47
17.07,17.07,28.72,34.00,47.94
16.03,16.03,28.54,35.49,48.38
18.49,18.49,29.09,32.10,48.23
18.59,18.59,28.30,31.77,47.60
19.67,19.67,30.44,33.39,48.28
20.02,20.02,31.49,30.20,47.55
18.94,18.94,28.65,32.04,47.99
18.44,18.44,28.90,30.36,49.54
19.92,19.92,27.92,27.16,49.17
20.22,20.22,27.83,25.71,49.90
16.53,16.53,27.04,24.49,50.86
16.77,16.77,27.25,27.45,51.64
16.75,16.75,25.90,24.94,52.57
18.58,18.58,27.43,26.33,52.18
19.41,19.41,28.48,29.06,52.43
18.43,18.43,28.17,29.51,52.92
15.79,15.79,26.18,28.82,53.97
18.18,18.18,27.32,24.16,53.47
17.78,17.78,29.41,28.40,54.61
19.62,19.62,27.56,30.70,54.19
18.96,18.96,25.72,32.71,55.72
17.86,17.86,25.47,34.32,54.03
18.29,18.29,26.85,36.49,54.96
15.38,15.38,24.98,35.90,56.47
16.57,16.57,24.69,34.49,56.66
14.82,14.82,24.84,34.75,55.36
16.90,16.90,25.37,32.74,55.66
17.28,17.28,26.78,33.44,54.98
18.81,18.81,27.43,32.31,57.29
17.51,17.51,24.66,32.73,55.05
14.69,14.69,24.68,30.04,57.68
15.73,15.73,26.78,28.64,56.58
14.83,14.83,25.45,29.50,57.67
16.97,16.97,24.23,21.55,58.22
17.79,17.79,23.94,23.34,56.97
18.29,18.29,23.13,21.44,55.23
16.14,16.14,21.73,18.97,53.89
18.65,18.65,21.57,19.91,54.70
17.13,17.13,23.17,18.52,52.93
19.31,19.31,24.78,17.42,56.44
19.25,19.25,25.36,18.81,53.79
17.05,17.05,27.62,22.46,56.10
18.55,18.55,24.77,19.04,56.56
18.99,18.99,23.34,17.10,55.57
17.90,17.90,23.61,13.34,55.17
16.59,16.59,24.50,17.20,54.10
15.33,15.33,23.01,14.18,52.71
17.59,17.59,24.63,15.36,52.09
19.49,19.49,25.02,16.60,53.96
19.85,19.85,24.64,13.11,53.54
15.40,15.40,21.00,19.73,55.35
18.47,18.47,25.94,14.87,54.34
18.89,18.89,26.94,18.45,54.69
18.65,18.65,25.22,18.51,53.11
18.56,18.56,24.30,16.35,52.04
18.94,18.94,24.03,18.79,50.34
18.18,18.18,24.09,23.76,53.11
17.80,17.80,23.18,22.78,53.38
18.22,18.22,24.69,27.64,52.65
16.20,16.20,24.34,29.12,55.15
18.47,18.47,25.41,28.73,55.50
19.96,19.96,26.00,30.80,53.97
17.99,17.99,27.13,30.76,55.17
17.36,17.36,23.33,30.88,52.44
18.24,18.24,24.44,28.28,53.42
19.33,19.33,25.79,24.42,54.26
19.74,19.74,24.59,23.67,55.61
18.36,18.36,23.45,22.80,55.56
18.67,18.67,23.64,22.83,56.93
18.34,18.34,22.87,21.83,55.46
19.78,19.78,23.01,21.71,55.73
19.24,19.24,23.50,21.91,54.05
19.92,19.92,23.04,19.66,57.45
19.10,19.10,23.23,21.16,57.09
20.26,20.26,24.54,21.76,57.86
20.76,20.76,24.75,19.69,55.89
20.22,20.22,24.30,23.90,57.75
21.32,21.32,24.69,20.65,59.22
21.61,21.61,24.57,15.86,57.29
21.05,21.05,23.57,20.95,57.71
21.69,21.69,25.22,18.43,56.22
19.02,19.02,24.36,17.68,56.26
20.12,20.12,24.62,15.76,54.44
18.92,18.92,24.69,16.08,53.80
18.92,18.92,24.12,19.02,55.44
20.52,20.52,25.70,25.25,55.77
18.44,18.44,23.89,21.61,55.20
20.93,20.93,26.05,28.03,56.22
21.31,21.31,25.18,27.56,55.13
21.66,21.66,25.68,25.18,56.33
19.78,19.78,24.77,24.85,54.48
18.78,18.78,24.11,24.09,55.28
21.44,21.44,26.36,25.28,52.51
18.09,18.09,25.43,21.59,53.25
20.21,20.21,25.64,20.24,52.07
21.21,21.21,25.58,23.23,54.68
20.30,20.30,25.76,18.35,55.01
21.58,21.58,26.24,23.82,54.97
21.82,21.82,25.89,26.83,54.79
20.43,20.43,26.71,25.05,52.18
19.79,19.79,28.09,24.80,52.48
22.18,22.18,29.12,25.08,52.89
20.44,20.44,26.50,22.90,53.84
20.95,20.95,25.83,22.04,54.65
19.81,19.81,24.60,21.32,54.45
20.41,20.41,26.49,18.33,53.45
19.90,19.90,26.57,17.51,52.01
21.48,21.48,27.53,18.52,52.13
19.91,19.91,26.04,20.01,51.49
19.36,19.36,25.45,18.95,52.09
20.62,20.62,27.47,20.27,50.64
17.95,17.95,26.10,9.71,50.87
18.60,18.60,26.17,16.27,52.89
18.13,18.13,24.84,18.46,52.70
19.15,19.15,24.95,27.65,52.76
18.25,18.25,25.51,32.54,53.64
20.35,20.35,25.06,36.36,53.16
17.50,17.50,24.07,37.73,52.76
17.43,17.43,26.36,39.05,52.11
17.20,17.20,26.85,38.40,51.77
18.61,18.61,27.28,37.74,53.21
18.89,18.89,26.99,36.70,51.85
19.20,19.20,26.73,32.10,50.72
19.25,19.25,26.33,27.88,52.39
17.01,17.01,26.08,23.98,52.41
17.72,17.72,25.79,24.24,52.31
18.06,18.06,27.23,20.29,53.06
17.17,17.17,25.87,26.66,53.38
19.96,19.96,27.04,30.86,54.07
20.34,20.34,27.09,33.59,51.58
19.70,19.70,27.11,37.09,51.11
18.68,18.68,27.22,37.90,51.72
19.59,19.59,27.06,38.73,52.97
21.01,21.01,28.38,38.76,53.74
19.93,19.93,27.29,39.37,54.35
21.42,21.42,27.02,40.49,52.38
20.63,20.63,26.79,40.98,52.16
20.12,20.12,25.10,39.85,51.56
18.83,18.83,24.91,39.92,50.77
20.07,20.07,24.66,38.80,49.86
22.03,22.03,25.96,38.24,51.38
19.71,19.71,26.63,38.27,52.06
21.05,21.05,27.61,37.42,53.56
21.89,21.89,27.56,37.50,53.63
22.46,22.46,27.76,37.28,54.10
21.31,21.31,27.61,35.46,54.06
21.12,21.12,26.59,37.15,52.59
21.68,21.68,26.35,36.13,49.71
23.52,23.52,27.43,36.90,51.61
20.51,20.51,27.74,35.82,49.37
21.04,21.04,26.97,35.06,49.40
19.94,19.94,27.11,35.11,50.67
21.85,21.85,26.98,35.48,50.81
23.65,23.65,30.54,36.58,51.29
22.12,22.12,28.54,37.39,52.30
23.90,23.90,29.66,37.90,51.31
23.86,23.86,29.36,37.97,51.41
22.98,22.98,28.09,36.56,49.95
23.18,23.18,30.02,33.63,47.28
24.39,24.39,29.59,30.74,47.75
24.97,24.97,30.40,26.90,46.14
23.34,23.34,30.53,27.27,47.46
22.80,22.80,28.67,26.31,46.32
25.32,25.32,30.83,26.88,46.37
25.23,25.23,31.14,22.92,46.91
24.35,24.35,31.75,27.40,47.49
25.03,25.03,30.82,29.26,45.68
25.48,25.48,31.72,31.58,49.33
24.86,24.86,30.35,30.73,47.43
26.77,26.77,32.61,31.86,47.88
26.70,26.70,32.14,28.16,45.48
26.46,26.46,30.82,27.24,43.66
27.34,27.34,31.53,26.71,43.61
25.25,25.25,30.12,25.10,43.24
24.71,24.71,31.40,23.56,43.63
25.78,25.78,31.43,26.20,42.08
26.16,26.16,32.39,27.58,43.78
26.01,26.01,33.22,31.39,42.24
27.16,27.16,34.43,33.35,44.38
27.32,27.32,32.96,31.39,44.17
26.46,26.46,33.33,30.21,43.32
26.48,26.48,32.43,25.57,43.51
25.11,25.11,32.44,23.82,42.18
26.49,26.49,30.91,22.92,41.21
26.76,26.76,32.40,24.94,41.23
25.21,25.21,31.05,22.33,40.50
25.76,25.76,33.43,26.33,40.17
25.96,25.96,32.93,23.58,38.68
27.77,27.77,34.29,25.13,38.20
26.91,26.91,32.54,27.20,35.95
26.33,26.33,34.03,31.15,37.13
27.22,27.22,34.49,31.73,37.44
27.04,27.04,32.45,31.03,38.72
25.36,25.36,30.81,29.66,36.69
25.66,25.66,31.61,27.86,35.92
26.07,26.07,30.69,26.34,36.66
26.62,26.62,31.45,19.88,36.37
24.39,24.39,30.08,18.64,34.65
24.40,24.40,29.78,20.63,31.53
25.57,25.57,30.85,27.44,31.15
26.39,26.39,32.52,30.52,34.35
27.81,27.81,34.02,32.53,34.33
27.63,27.63,34.56,33.36,35.76
26.81,26.81,34.08,33.58,36.40
26.82,26.82,33.69,33.27,37.60
26.60,26.60,33.12,33.44,35.74
25.64,25.64,32.45,33.08,33.20
24.32,24.32,32.61,32.01,35.27
24.45,24.45,32.90,29.71,35.12
25.61,25.61,33.15,29.78,35.19
26.97,26.97,32.69,30.42,34.92
26.61,26.61,33.48,31.26,34.84
26.08,26.08,33.71,32.47,34.70
26.51,26.51,34.27,33.21,36.13
25.77,25.77,35.05,34.03,37.01
24.88,24.88,34.49,33.92,36.76
26.19,26.19,35.12,34.34,34.75
26.15,26.15,34.55,34.96,33.02
26.85,26.85,35.07,35.24,31.59
25.06,25.06,34.55,34.14,32.23
24.24,24.24,32.59,33.65,31.86
24.48,24.48,31.17,32.67,29.79
23.98,23.98,31.56,32.70,29.86
23.72,23.72,29.75,32.70,32.76
23.39,23.39,31.37,33.25,34.38
24.43,24.43,32.09,33.77,34.77
24.31,24.31,33.93,34.12,35.34
25.08,25.08,33.62,34.61,33.53
24.35,24.35,33.76,34.79,32.55
24.02,24.02,32.00,34.66,33.90
24.77,24.77,32.31,33.56,33.89
23.93,23.93,30.97,32.27,33.84
23.50,23.50,32.22,31.59,33.96
23.35,23.35,30.78,31.07,32.35
23.30,23.30,29.83,29.25,31.10
21.72,21.72,27.88,28.83,29.27
23.07,23.07,30.50,29.46,30.10
22.36,22.36,29.52,29.59,28.22
22.64,22.64,30.32,31.09,29.32
22.99,22.99,30.47,31.78,29.90
24.23,24.23,32.61,31.97,33.12
23.67,23.67,31.05,31.48,32.07
22.55,22.55,30.82,30.60,31.74
23.02,23.02,30.20,29.42,29.71
23.21,23.21,30.12,28.41,28.45
21.46,21.46,28.64,27.13,27.47
21.93,21.93,29.10,25.64,27.43
20.92,20.92,28.11,24.91,26.31
19.62,19.62,27.86,26.18,25.90
20.94,20.94,28.72,26.04,28.97
21.79,21.79,30.21,25.68,31.44
21.56,21.56,30.33,25.84,31.32
22.34,22.34,30.09,26.05,31.80
22.25,22.25,31.39,24.35,31.20
21.86,21.86,29.34,21.62,30.46
22.89,22.89,30.28,18.56,29.35
21.09,21.09,29.93,17.98,27.59
21.22,21.22,30.49,18.85,26.37
21.79,21.79,30.01,19.30,26.30
21.03,21.03,31.44,20.84,26.68
20.77,20.77,29.82,20.51,27.61
22.19,22.19,32.48,20.56,29.06
21.96,21.96,32.32,19.76,28.36
22.30,22.30,34.03,22.06,29.74
20.18,20.18,30.09,18.69,26.83
21.16,21.16,31.85,18.39,28.61
21.38,21.38,32.39,20.27,28.63
22.33,22.33,31.50,20.78,27.44
22.93,22.93,30.49,20.21,25.09
22.01,22.01,31.50,21.30,25.87
20.34,20.34,29.92,20.85,25.52
20.10,20.10,31.27,19.10,24.81
19.04,19.04,29.99,20.07,25.37
20.59,20.59,31.92,19.75,25.97
19.99,19.99,30.45,15.34,26.26
21.08,21.08,30.87,19.57,25.10
19.18,19.18,31.02,16.83,25.96
20.97,20.97,30.40,18.59,25.25
18.83,18.83,28.76,16.86,23.38
18.79,18.79,30.95,21.04,23.86
18.16,18.16,28.98,23.05,23.67
19.28,19.28,27.67,22.70,25.33
19.08,19.08,29.02,22.28,25.85
16.94,16.94,27.53,22.24,24.54
18.84,18.84,27.64,22.64,22.75
17.31,17.31,26.82,22.34,19.86
18.21,18.21,26.82,23.10,19.58
18.62,18.62,27.71,22.78,20.61
18.57,18.57,27.10,22.25,23.46
18.54,18.54,27.04,22.07,23.65
18.25,18.25,27.19,21.01,23.87
17.68,17.68,27.29,21.61,21.91
18.18,18.18,26.85,20.60,20.24
16.82,16.82,24.75,19.39,18.48
16.83,16.83,23.61,18.65,18.41
16.03,16.03,23.26,17.63,16.51
15.14,15.14,24.49,18.02,18.87
15.69,15.69,24.50,18.60,18.25
16.92,16.92,26.27,20.79,20.25
17.17,17.17,25.53,21.08,19.74
17.91,17.91,26.81,20.19,20.97
15.55,15.55,24.64,19.99,21.81
16.32,16.32,25.18,18.45,21.15
16.57,16.57,25.10,16.36,22.09
15.88,15.88,23.90,13.59,20.92
15.91,15.91,24.18,12.84,19.54
13.65,13.65,23.14,11.95,16.31
14.51,14.51,23.80,13.18,18.51
15.78,15.78,24.92,17.98,19.37
14.39,14.39,24.35,14.07,19.16
16.71,16.71,25.36,20.80,18.67
17.09,17.09,23.73,16.99,19.96
17.98,17.98,27.73,22.27,20.97
16.34,16.34,28.47,21.93,20.50
16.07,16.07,27.28,25.32,20.75
18.63,18.63,31.61,30.26,23.81
19.01,19.01,31.63,30.98,23.49
14.72,14.72,36.50,32.70,25.56
16.84,16.84,37.80,34.17,27.26
19.02,19.02,39.92,33.27,29.57
18.48,18.48,42.07,35.25,33.07
15.92,15.92,41.33,33.51,34.28
19.61,19.61,41.51,35.66,35.71
20.72,20.72,41.90,35.99,37.08
19.77,19.77,39.62,33.24,38.08
21.18,21.18,41.38,34.52,39.17
21.78,21.78,40.03,33.06,39.65
19.43,19.43,39.46,32.17,40.45
20.78,20.78,40.13,33.99,40.03
22.05,22.05,40.29,33.71,42.50
21.20,21.20,41.09,36.00,42.70
19.68,19.68,41.45,36.78,44.61
21.62,21.62,40.40,35.75,46.53
22.24,22.24,42.00,40.18,47.24
22.56,22.56,38.51,39.23,47.97
23.86,23.86,41.54,39.68,48.44
22.87,22.87,42.18,40.19,51.53
21.83,21.83,41.17,36.83,49.36
22.46,22.46,41.19,38.02,51.11
23.30,23.30,40.73,36.78,51.47
23.18,23.18,41.00,36.48,50.06
25.14,25.14,40.21,36.27,49.92
23.36,23.36,41.12,37.71,51.99
21.99,21.99,37.48,35.64,50.17
24.13,24.13,37.88,36.55,51.81
24.81,24.81,33.35,33.25,52.89
25.92,25.92,31.51,31.26,54.06
26.47,26.47,33.15,30.27,53.77
26.73,26.73,30.83,27.26,55.24
26.10,26.10,31.44,27.56,56.94
23.98,23.98,31.12,26.89,56.93
24.57,24.57,30.08,21.96,57.20
24.38,24.38,30.17,27.38,59.58
25.35,25.35,31.91,24.64,61.44
25.84,25.84,32.26,30.78,59.10
25.44,25.44,32.78,28.36,58.50
26.86,26.86,30.99,17.85,59.19
26.23,26.23,31.68,27.77,58.51
26.25,26.25,31.37,21.03,59.81
25.54,25.54,30.52,26.90,59.96
23.13,23.13,28.64,21.46,58.76
23.31,23.31,29.37,25.49,60.27
20.93,20.93,28.44,19.46,60.15
21.13,21.13,27.57,23.27,62.71
23.78,23.78,27.23,25.70,61.95
23.68,23.68,27.88,20.63,61.66
22.79,22.79,28.29,25.50,60.32
21.55,21.55,26.06,19.17,60.30
22.40,22.40,26.21,23.67,60.42
21.70,21.70,26.42,27.77,61.12
23.42,23.42,27.29,26.51,60.35
24.10,24.10,26.47,22.74,58.64
23.70,23.70,26.74,20.63,59.50
23.24,23.24,25.96,18.14,59.78
22.40,22.40,26.56,17.56,59.66
19.59,19.59,26.44,20.20,59.96
20.41,20.41,27.15,23.12,62.00
21.11,21.11,27.74,19.93,63.73
20.77,20.77,26.36,23.11,64.18
22.17,22.17,27.26,27.02,62.08
21.18,21.18,26.01,22.91,62.11
20.44,20.44,25.59,23.05,61.70
21.11,21.11,26.00,23.62,59.47
23.53,23.53,25.21,24.57,58.04
21.85,21.85,24.91,19.71,57.05
23.03,23.03,25.34,12.66,57.39
20.40,20.40,25.94,17.81,55.81
21.94,21.94,28.26,13.53,57.56
21.66,21.66,26.94,16.68,58.67
19.54,19.54,26.29,15.70,59.66
19.20,19.20,25.47,16.54,58.73
22.41,22.41,26.66,19.15,57.26
19.75,19.75,24.66,19.30,55.71
20.41,20.41,26.47,17.86,57.62
20.78,20.78,24.70,19.67,58.49
20.13,20.13,26.92,18.87,57.64
21.19,21.19,25.65,14.80,58.74
20.47,20.47,26.32,16.75,57.52
20.27,20.27,25.28,14.21,58.03
20.70,20.70,26.14,15.35,59.92
18.85,18.85,24.79,18.24,61.60
20.88,20.88,26.53,16.46,60.05
22.93,22.93,25.45,22.06,58.25
20.97,20.97,25.94,12.24,59.02
17.72,17.72,25.36,12.31,56.68
19.70,19.70,25.76,10.46,56.57
20.17,20.17,24.38,12.65,57.18
21.92,21.92,25.86,10.93,56.43
21.25,21.25,26.19,14.25,59.08
22.88,22.88,27.04,17.41,61.65
20.35,20.35,25.94,11.60,61.15
20.06,20.06,25.60,12.14,59.76
18.50,18.50,26.08,16.45,62.85
21.27,21.27,24.28,15.55,59.97
24.58,24.58,26.72,20.12,60.62
24.49,24.49,25.32,19.13,59.09
23.82,23.82,24.47,14.70,57.35
23.52,23.52,25.50,17.55,55.42
22.10,22.10,25.58,22.05,57.75
20.06,20.06,25.93,18.33,58.47
18.01,18.01,25.43,26.57,58.18
19.99,19.99,27.11,29.13,60.99
19.93,19.93,27.42,25.21,59.71
20.67,20.67,26.95,24.65,62.63
21.06,21.06,26.04,24.98,63.57
19.18,19.18,26.10,28.56,62.54
21.44,21.44,26.32,17.85,63.17
21.55,21.55,26.32,28.30,62.29
24.77,24.77,26.18,27.91,60.30
24.56,24.56,27.39,28.16,60.82
20.82,20.82,26.28,24.52,61.38
16.84,16.84,23.86,28.86,63.49
17.77,17.77,24.65,30.30,64.71
18.62,18.62,27.54,30.97,64.91
17.68,17.68,28.60,31.10,63.22
16.37,16.37,26.44,31.42,62.84
19.55,19.55,26.01,28.65,62.76
18.71,18.71,25.62,30.22,61.96
17.65,17.65,24.99,33.34,61.21
19.06,19.06,25.86,31.79,59.92
17.79,17.79,24.84,33.70,61.81
18.20,18.20,24.63,33.64,61.90
18.49,18.49,26.41,29.27,60.86
19.44,19.44,25.94,33.91,63.71
18.75,18.75,28.10,28.58,64.37
17.95,17.95,26.84,29.55,64.94
18.44,18.44,27.62,34.75,66.41
16.57,16.57,26.24,31.42,64.31
18.12,18.12,24.63,32.48,64.07
17.98,17.98,25.16,35.03,61.86
15.90,15.90,24.39,32.72,62.90
16.78,16.78,25.66,34.44,62.18
18.49,18.49,27.64,35.75,64.38
18.27,18.27,26.05,32.54,64.36
21.58,21.58,28.33,35.65,65.77
20.97,20.97,27.61,31.63,66.45
18.61,18.61,27.82,35.03,65.65
17.51,17.51,27.80,32.58,64.85
18.25,18.25,26.81,34.34,66.63
20.36,20.36,27.12,34.83,65.63
18.02,18.02,28.28,34.22,66.05
18.56,18.56,27.45,33.19,63.78
18.16,18.16,27.92,33.46,62.67
16.79,16.79,26.53,31.05,64.49
16.37,16.37,26.81,29.72,60.53
18.45,18.45,28.95,28.94,63.36
17.73,17.73,29.16,28.41,64.43
17.50,17.50,29.83,28.92,63.03
19.57,19.57,28.63,27.66,64.85
19.67,19.67,30.78,28.30,64.46
20.62,20.62,30.32,26.62,64.54
18.53,18.53,28.76,26.03,64.66
18.36,18.36,29.93,21.36,63.85
20.45,20.45,30.79,20.42,65.74
18.80,18.80,28.96,22.05,64.50
18.48,18.48,30.65,20.52,64.84
18.43,18.43,26.99,10.41,63.18
18.80,18.80,27.98,14.95,61.54
17.92,17.92,26.89,11.08,61.12
16.93,16.93,27.11,15.91,61.21
19.61,19.61,27.45,16.26,61.61
21.34,21.34,28.85,22.61,63.41
19.28,19.28,28.83,26.98,63.65
19.81,19.81,29.98,19.67,63.94
18.41,18.41,29.03,23.25,61.49
19.83,19.83,27.60,25.32,65.90
20.85,20.85,27.69,22.44,64.96
20.02,20.02,27.45,25.95,65.73
20.26,20.26,28.20,19.90,64.43
19.72,19.72,28.21,20.34,62.55
19.28,19.28,28.29,22.30,63.68
18.02,18.02,26.08,17.63,62.28
19.39,19.39,28.38,19.33,63.56
22.29,22.29,29.07,29.13,65.01
18.62,18.62,28.03,20.80,64.01
19.14,19.14,29.40,30.81,65.28
19.82,19.82,28.30,21.44,64.73
19.58,19.58,26.89,27.57,62.87
21.14,21.14,27.83,26.89,64.20
20.65,20.65,28.36,24.56,62.29
21.01,21.01,30.10,22.54,62.78
22.67,22.67,27.90,29.14,62.91
21.40,21.40,28.30,19.99,62.92
20.69,20.69,27.35,25.55,63.64
20.24,20.24,28.11,22.05,66.09
22.46,22.46,27.19,27.28,65.10
22.80,22.80,27.64,29.13,63.44
23.21,23.21,28.69,29.40,65.77
22.33,22.33,28.39,28.24,62.72
21.65,21.65,29.01,30.25,62.86
23.67,23.67,28.19,29.88,64.30
21.65,21.65,26.88,33.05,62.50
22.29,22.29,25.70,31.11,64.03
21.66,21.66,27.64,23.74,63.73
22.80,22.80,28.39,32.08,62.64
25.37,25.37,27.83,31.05,66.13
27.45,27.45,28.71,25.66,63.74
27.03,27.03,29.17,33.70,63.47
24.98,24.98,28.27,27.66,63.47
25.41,25.41,28.21,33.07,62.05
24.68,24.68,28.09,30.09,62.49
23.83,23.83,26.52,28.69,61.40
22.87,22.87,25.73,31.04,58.60
23.30,23.30,26.21,23.22,60.02
24.07,24.07,26.66,28.86,57.75
20.92,20.92,25.66,27.78,59.16
19.85,19.85,25.13,24.73,58.85
18.84,18.84,27.39,25.78,59.39
19.79,19.79,27.98,27.66,59.69
20.63,20.63,27.99,31.97,59.27
18.78,18.78,27.18,24.10,58.17
21.76,21.76,29.03,33.14,60.00
20.26,20.26,28.99,25.13,57.42
21.76,21.76,28.41,29.42,58.04
21.48,21.48,28.58,32.76,56.20
21.68,21.68,29.09,32.55,57.76
21.70,21.70,29.58,27.86,57.34
20.82,20.82,28.76,30.71,58.15
20.66,20.66,28.82,26.17,56.54
21.46,21.46,27.64,22.00,58.26
21.22,21.22,28.63,25.44,58.84
21.00,21.00,29.76,29.88,57.38
21.98,21.98,29.37,25.66,57.44
21.33,21.33,29.65,25.05,56.34
21.91,21.91,29.09,29.26,57.24
23.34,23.34,30.74,28.99,58.32
24.54,24.54,32.09,31.17,57.98
23.38,23.38,33.08,32.37,56.22
22.59,22.59,32.18,33.80,55.91
21.18,21.18,32.60,33.57,55.73
22.14,22.14,31.03,28.77,55.75
21.84,21.84,31.02,23.96,52.87
21.65,21.65,30.99,26.53,52.79
22.73,22.73,30.05,24.58,51.36
21.00,21.00,29.24,27.36,51.95
21.94,21.94,29.22,26.63,52.59
21.33,21.33,30.79,28.95,52.01
19.56,19.56,29.44,27.46,52.13
22.06,22.06,30.95,31.07,53.35
22.01,22.01,33.02,33.06,50.47
22.69,22.69,32.99,33.60,52.21
21.59,21.59,33.14,32.27,55.27
24.16,24.16,34.84,34.96,54.34
25.63,25.63,34.14,33.23,52.41
24.23,24.23,32.77,31.85,50.78
22.68,22.68,35.57,32.93,51.10
24.02,24.02,34.51,32.24,50.56
23.83,23.83,34.59,32.44,50.18
24.41,24.41,35.76,35.56,51.05
23.42,23.42,34.75,34.28,50.07
22.54,22.54,35.56,35.68,51.50
22.65,22.65,37.37,37.70,51.72
22.71,22.71,34.44,36.29,50.82
24.15,24.15,36.36,39.27,51.61
25.47,25.47,35.47,38.31,48.16
26.01,26.01,35.75,37.98,47.38
23.37,23.37,35.00,36.21,48.01
24.79,24.79,34.12,33.60,47.84
22.37,22.37,37.41,38.53,48.94
23.10,23.10,36.25,36.60,47.13
23.26,23.26,39.49,39.57,47.89
21.54,21.54,37.84,39.44,49.34
22.45,22.45,39.15,39.81,48.45
24.56,24.56,40.65,41.42,50.17
24.20,24.20,37.96,39.73,48.15
22.52,22.52,36.83,38.48,44.85
24.67,24.67,35.86,37.50,43.15
20.85,20.85,35.45,32.65,41.31
21.77,21.77,38.42,36.56,42.63
23.62,23.62,38.79,37.76,42.68
22.81,22.81,38.71,37.77,43.76
21.88,21.88,40.58,39.37,42.78
20.96,20.96,38.89,36.57,42.83
20.30,20.30,40.13,35.63,42.31
22.37,22.37,38.90,34.54,40.80
22.63,22.63,39.78,35.03,40.63
22.11,22.11,40.21,36.64,39.85
23.71,23.71,41.13,37.13,39.70
21.68,21.68,40.36,35.56,40.23
24.35,24.35,41.24,39.23,38.03
23.93,23.93,40.34,39.38,40.29
22.57,22.57,39.77,35.66,38.69
23.59,23.59,40.77,37.86,38.81
23.75,23.75,39.92,33.47,37.50
22.73,22.73,40.46,33.55,37.85
23.75,23.75,41.00,34.23,36.22
23.16,23.16,39.21,30.21,35.50
24.57,24.57,39.02,32.15,36.84
23.52,23.52,42.04,35.78,36.62
23.47,23.47,40.70,34.22,36.77
22.68,22.68,40.86,38.36,35.07
23.62,23.62,41.37,38.05,35.83
21.46,21.46,39.71,37.26,35.43
22.96,22.96,41.58,36.65,35.98
23.83,23.83,39.76,35.48,35.75
23.51,23.51,39.49,34.94,34.11
22.64,22.64,40.57,36.57,34.59
22.66,22.66,39.58,37.20,33.08
21.54,21.54,40.22,36.77,30.45
22.38,22.38,40.92,37.89,30.88
19.09,19.09,38.87,34.95,33.55
19.82,19.82,40.07,37.68,35.23
21.27,21.27,38.56,33.65,34.51
22.54,22.54,38.05,31.95,33.92
22.45,22.45,38.97,31.76,33.98
19.62,19.62,37.81,30.75,33.93
21.61,21.61,39.66,32.99,33.65
22.71,22.71,38.97,33.48,35.68
22.38,22.38,39.09,33.26,36.54
22.24,22.24,38.97,33.49,36.58
22.16,22.16,39.14,34.88,35.64
21.88,21.88,37.75,30.92,35.80
20.17,20.17,40.13,34.64,35.46
21.01,21.01,38.68,33.33,33.44
22.31,22.31,39.62,34.30,34.05
23.62,23.62,38.19,33.50,34.62
21.48,21.48,38.81,33.47,34.83
21.54,21.54,36.43,33.36,33.42
21.27,21.27,37.22,31.49,34.21
20.64,20.64,37.86,31.84,33.80
20.74,20.74,36.41,30.63,32.02
20.12,20.12,36.53,29.77,31.93
22.86,22.86,39.14,30.19,32.78
22.55,22.55,38.90,30.34,32.79
20.73,20.73,37.78,28.20,32.68
17.54,17.54,37.91,32.10,32.56
18.20,18.20,36.56,32.97,33.77
22.06,22.06,37.60,33.44,34.24
22.29,22.29,38.56,35.43,35.56
20.41,20.41,37.15,32.15,35.08
19.41,19.41,35.71,31.43,33.19
20.04,20.04,37.61,32.18,31.90
20.58,20.58,35.86,30.04,31.96
19.21,19.21,34.84,29.73,30.26
20.56,20.56,33.94,29.13,28.97
20.72,20.72,35.48,27.82,29.30
19.94,19.94,35.20,30.18,29.44
19.63,19.63,36.19,28.51,30.40
18.01,18.01,34.42,27.64,31.16
19.74,19.74,36.39,28.35,33.01
21.40,21.40,34.76,24.93,33.56
22.19,22.19,34.79,29.16,31.70
22.67,22.67,33.36,27.87,31.46
23.03,23.03,34.22,30.94,31.92
23.77,23.77,34.70,32.28,32.18
24.90,24.90,35.76,33.28,33.33
25.52,25.52,33.70,34.11,34.70
23.05,23.05,35.27,33.59,37.36
23.02,23.02,33.72,32.98,40.77
22.93,22.93,35.23,33.81,43.43
24.18,24.18,34.50,31.25,46.56
24.20,24.20,33.73,30.82,47.03
25.10,25.10,35.55,31.98,47.04
25.02,25.02,33.92,27.91,46.99
25.43,25.43,32.55,26.34,41.02
24.75,24.75,33.24,29.50,42.62
25.78,25.78,32.43,28.37,44.22
27.65,27.65,32.50,32.72,44.78
26.29,26.29,33.53,36.99,48.36
27.04,27.04,32.67,37.52,52.02
26.27,26.27,30.83,38.68,55.01
27.19,27.19,32.21,39.24,57.18
28.76,28.76,32.32,39.09,58.11
26.50,26.50,30.32,38.12,57.28
27.25,27.25,31.45,36.64,56.19
28.44,28.44,31.22,32.95,52.42
29.44,29.44,31.43,29.93,51.51
29.33,29.33,31.04,25.23,50.94
30.41,30.41,29.88,24.32,55.13
29.24,29.24,29.19,22.63,56.54
28.44,28.44,27.67,19.02,59.12
28.05,28.05,29.94,22.11,61.54
29.85,29.85,29.82,13.00,62.46
30.02,30.02,32.45,24.18,60.92
30.00,30.00,29.05,12.99,56.95
29.86,29.86,31.27,25.33,55.54
29.50,29.50,29.15,19.61,55.55
29.54,29.54,30.66,24.04,57.65
29.42,29.42,29.15,20.30,57.63
30.35,30.35,29.71,23.95,60.52
31.34,31.34,28.13,21.15,63.07
31.60,31.60,29.48,20.70,63.95
29.82,29.82,29.00,23.31,63.63
29.47,29.47,30.89,26.16,62.23
29.90,29.90,30.36,24.50,60.45
30.69,30.69,31.05,26.20,57.81
30.86,30.86,30.43,25.95,57.26
30.02,30.02,27.99,19.63,59.37
30.13,30.13,28.88,23.99,60.82
26.55,26.55,25.03,17.31,60.99
26.76,26.76,29.08,24.76,63.01
27.41,27.41,25.71,17.87,62.92
26.01,26.01,28.36,23.73,64.91
27.04,27.04,25.72,20.03,66.70
29.33,29.33,26.30,21.56,63.83
30.14,30.14,25.86,22.32,63.32
30.89,30.89,28.06,22.81,60.60
29.37,29.37,25.22,21.05,61.83
30.23,30.23,27.29,25.96,59.93
24.21,24.21,24.63,17.66,61.43
23.16,23.16,24.37,22.50,62.58
24.58,24.58,23.17,18.03,63.60
22.35,22.35,23.19,19.54,65.58
24.08,24.08,23.22,18.24,66.09
27.34,27.34,25.54,20.44,64.74
26.96,26.96,25.01,19.68,63.19
31.35,31.35,26.76,22.87,62.04
31.92,31.92,26.09,16.83,58.63
30.43,30.43,27.14,24.41,58.74
32.47,32.47,24.69,19.54,59.15
30.61,30.61,26.80,25.47,59.28
29.83,29.83,25.15,24.15,61.55
23.69,23.69,24.43,26.20,62.66
24.46,24.46,21.40,20.35,64.71
27.22,27.22,23.47,24.91,66.30
26.68,26.68,23.37,23.26,66.72
26.84,26.84,23.69,22.60,65.05
34.37,34.37,22.66,18.88,60.26
35.70,35.70,24.69,25.26,57.96
36.06,36.06,24.38,19.01,56.89
37.44,37.44,26.51,26.46,58.58
34.52,34.52,26.89,23.88,60.88
32.50,32.50,24.64,25.53,63.16
28.20,28.20,25.62,23.92,64.98
21.95,21.95,22.77,19.07,66.98
22.80,22.80,23.27,26.29,67.38
19.52,19.52,22.33,21.23,66.14
24.14,24.14,25.87,30.35,66.84
24.88,24.88,23.34,23.82,62.78
29.85,29.85,25.98,26.55,62.26
33.88,33.88,24.70,23.94,62.07
25.26,25.26,23.62,18.03,63.34
27.67,27.67,23.01,18.60,64.85
25.71,25.71,25.98,23.65,65.49
28.47,28.47,24.70,23.47,67.47
25.58,25.58,25.52,23.55,68.52
26.60,26.60,27.21,26.80,69.18
24.42,24.42,26.33,25.61,67.20
29.40,29.40,24.97,22.91,61.51
35.05,35.05,26.22,23.33,61.20
40.99,40.99,27.65,25.26,62.48
41.25,41.25,26.91,26.27,62.75
37.60,37.60,24.19,22.96,63.37
26.18,26.18,23.59,23.84,63.98
27.47,27.47,24.91,23.60,65.89
24.09,24.09,23.24,19.66,67.78
26.61,26.61,25.96,25.23,67.91
21.66,21.66,25.02,22.87,68.93
21.58,21.58,27.94,28.33,68.19
27.24,27.24,24.85,21.11,64.26
24.39,24.39,27.33,26.27,63.40
31.82,31.82,23.98,17.50,62.40
36.67,36.67,27.99,24.60,63.45
32.03,32.03,22.38,21.70,64.26
29.97,29.97,23.44,21.50,64.66
22.19,22.19,19.61,19.01,68.06
20.32,20.32,24.03,25.27,68.07
21.62,21.62,21.11,20.27,70.50
25.52,25.52,26.61,26.88,69.22
29.07,29.07,25.02,20.74,67.51
28.55,28.55,24.44,19.51,65.43
36.91,36.91,26.52,21.18,64.21
40.10,40.10,26.49,21.85,65.88
38.98,38.98,24.05,18.57,65.37
37.10,37.10,22.61,16.28,64.71
28.99,28.99,24.14,18.60,62.19
23.50,23.50,23.84,19.20,64.14
18.33,18.33,24.11,18.19,66.14
18.04,18.04,24.04,20.72,69.03
22.14,22.14,28.77,19.48,68.89
22.79,22.79,29.02,26.66,65.84
24.96,24.96,28.56,21.14,63.94
34.86,34.86,28.39,21.62,65.69
36.95,36.95,29.01,23.38,65.74
38.36,38.36,26.30,21.21,67.48
34.25,34.25,25.75,20.94,66.57
23.88,23.88,24.53,19.55,64.60
19.32,19.32,26.53,26.93,65.79
18.43,18.43,22.65,20.43,65.93
19.27,19.27,22.52,23.67,65.47
21.64,21.64,23.45,24.03,66.91
21.73,21.73,25.16,17.88,66.05
22.48,22.48,25.23,18.48,64.03
22.08,22.08,28.34,23.94,63.28
27.70,27.70,26.05,21.98,63.26
22.74,22.74,25.14,23.62,65.57
23.18,23.18,23.31,17.98,65.40
18.41,18.41,23.45,25.53,68.01
17.68,17.68,21.12,21.13,67.59
16.93,16.93,18.61,22.37,69.15
16.44,16.44,18.67,21.28,70.73
17.29,17.29,18.91,17.75,70.17
17.54,17.54,18.76,16.05,67.88
20.19,20.19,19.68,17.91,65.72
20.04,20.04,21.15,27.75,64.07
21.72,21.72,20.80,24.98,64.07
18.25,18.25,21.53,26.59,64.23
20.09,20.09,20.46,18.40,66.65
16.32,16.32,21.17,22.32,67.28
15.66,15.66,21.48,25.73,69.08
16.29,16.29,20.58,18.45,68.34
17.12,17.12,21.07,25.08,68.87
19.33,19.33,20.62,21.04,68.45
18.62,18.62,21.28,26.49,65.09
20.43,20.43,21.72,24.03,63.23
18.96,18.96,19.99,18.15,61.20
19.80,19.80,21.78,28.78,63.16
19.47,19.47,21.22,27.73,65.92
17.60,17.60,20.82,27.32,67.13
19.02,19.02,19.86,21.65,65.30
18.49,18.49,21.01,22.99,67.72
14.24,14.24,20.76,26.70,68.26
14.42,14.42,20.06,26.12,70.15
13.89,13.89,20.55,26.80,68.08
15.64,15.64,22.14,25.94,67.15
18.33,18.33,20.72,21.90,63.99
19.15,19.15,21.83,23.74,64.45
18.88,18.88,20.09,16.88,61.38
17.86,17.86,21.67,28.24,59.48
18.34,18.34,21.71,24.71,63.30
19.64,19.64,21.59,16.92,65.57
18.98,18.98,22.35,26.21,66.02
18.59,18.59,21.16,21.18,67.54
16.83,16.83,20.48,19.45,68.83
15.26,15.26,22.00,26.70,68.10
18.45,18.45,23.31,24.41,66.94
18.09,18.09,21.83,23.79,64.90
17.58,17.58,22.54,23.21,64.16
20.08,20.08,22.62,27.04,59.21
21.70,21.70,23.71,26.65,60.17
20.51,20.51,22.48,21.18,60.29
20.67,20.67,23.06,23.72,63.19
21.57,21.57,24.09,25.23,64.04
22.71,22.71,24.45,27.12,63.69
21.48,21.48,25.83,20.12,65.08
19.58,19.58,22.40,23.78,65.34
19.61,19.61,23.69,26.96,64.59
21.15,21.15,23.05,20.66,65.75
21.83,21.83,23.65,24.28,62.74
21.56,21.56,25.02,24.94,63.05
22.91,22.91,23.73,16.65,59.55
23.32,23.32,25.07,24.87,61.33
23.97,23.97,22.96,19.35,62.46
23.49,23.49,26.73,26.86,61.93
22.94,22.94,27.08,23.53,62.82
24.39,24.39,28.30,24.72,61.33
24.95,24.95,28.06,20.84,63.72
25.22,25.22,27.65,20.81,63.11
26.45,26.45,26.96,18.29,59.97
26.36,26.36,29.27,25.76,60.28
27.40,27.40,30.70,28.80,58.87
26.04,26.04,29.03,24.22,57.30
26.16,26.16,30.81,26.57,55.80
24.97,24.97,30.04,26.73,56.86
25.32,25.32,30.01,26.66,56.67
25.36,25.36,27.67,22.84,56.59
25.90,25.90,29.41,20.67,58.21
25.30,25.30,29.78,25.03,59.16
25.28,25.28,30.55,24.10,60.91
26.73,26.73,32.43,30.82,58.66
25.36,25.36,31.42,20.54,57.59
27.40,27.40,32.34,28.05,58.11
28.49,28.49,33.55,28.13,58.53
27.58,27.58,34.94,30.09,55.69
27.60,27.60,33.78,29.99,55.32
27.38,27.38,35.67,32.77,57.20
27.37,27.37,37.34,32.25,56.14
28.03,28.03,33.85,30.00,54.10
28.03,28.03,32.88,29.61,56.97
25.38,25.38,29.72,24.38,57.53
24.57,24.57,31.15,25.63,53.89
26.17,26.17,32.78,26.81,57.19
28.06,28.06,33.43,25.31,55.80
28.50,28.50,33.96,22.84,53.94
28.14,28.14,33.54,27.14,52.92
27.85,27.85,33.21,28.82,52.62
27.55,27.55,35.58,31.95,53.13
27.93,27.93,34.04,34.24,55.21
27.75,27.75,31.77,34.73,58.26
27.35,27.35,31.49,35.98,60.45
26.79,26.79,33.12,35.93,60.38
26.37,26.37,31.80,28.92,59.41
24.47,24.47,33.18,31.15,56.56
28.06,28.06,32.65,25.68,52.40
27.86,27.86,33.63,26.94,49.98
27.73,27.73,34.29,33.16,51.38
27.61,27.61,35.67,34.49,51.71
27.41,27.41,33.82,38.52,53.40
26.65,26.65,34.62,38.30,54.07
27.75,27.75,35.64,37.50,56.60
28.26,28.26,33.93,36.56,56.77
26.55,26.55,35.05,31.71,57.34
27.85,27.85,34.72,34.13,57.03
27.56,27.56,35.12,33.69,55.42
26.80,26.80,34.60,36.32,54.63
26.07,26.07,33.47,34.93,51.44
26.34,26.34,33.46,38.77,52.47
25.07,25.07,35.25,38.55,54.62
23.89,23.89,35.35,38.24,55.19
26.39,26.39,34.86,40.52,58.29
27.43,27.43,36.42,40.81,58.24
26.46,26.46,35.44,38.39,57.77
27.10,27.10,34.99,32.31,56.80
26.30,26.30,35.01,34.30,55.45
26.36,26.36,36.97,37.71,52.90
26.83,26.83,38.48,37.20,50.13
28.68,28.68,39.11,38.11,47.64
26.15,26.15,37.64,38.72,46.61
25.88,25.88,37.08,38.98,46.06
27.20,27.20,38.22,39.00,50.77
27.85,27.85,37.99,40.16,52.81
27.20,27.20,36.53,35.77,54.54
25.46,25.46,36.24,38.63,56.80
26.89,26.89,34.69,33.72,57.26
24.89,24.89,34.36,36.50,55.29
25.92,25.92,34.41,35.12,50.45
26.88,26.88,37.05,38.78,44.47
25.44,25.44,35.54,37.57,41.77
26.91,26.91,35.27,37.30,42.66
24.60,24.60,35.65,37.20,44.92
25.07,25.07,33.21,35.78,47.34
25.16,25.16,31.86,32.95,49.19
26.36,26.36,30.48,30.79,52.00
26.36,26.36,34.61,31.10,53.40
26.48,26.48,33.15,34.66,53.49
25.49,25.49,34.72,37.56,51.69
26.09,26.09,35.89,38.66,48.68
25.51,25.51,35.67,39.47,47.08
25.12,25.12,35.65,38.96,45.39
26.88,26.88,36.25,36.38,45.59
27.40,27.40,33.97,34.79,44.54
27.64,27.64,35.70,34.86,46.19
26.26,26.26,32.76,28.66,48.62
26.50,26.50,35.80,31.52,49.38
26.20,26.20,33.11,32.05,49.97
25.94,25.94,34.48,34.36,48.84
25.28,25.28,33.22,34.70,47.58
26.27,26.27,34.74,36.75,44.72
25.99,25.99,34.55,35.41,42.55
26.40,26.40,33.66,32.76,41.38
25.63,25.63,33.14,32.84,42.39
25.37,25.37,30.43,27.74,45.68
21.71,21.71,30.76,30.23,47.35
23.01,23.01,33.56,34.03,48.96
24.50,24.50,34.03,35.00,50.41
23.31,23.31,34.68,36.24,50.47
24.91,24.91,34.06,36.20,49.92
24.54,24.54,34.33,35.44,48.56
23.53,23.53,33.41,34.43,46.66
22.88,22.88,31.97,32.50,46.29
24.26,24.26,33.20,31.70,46.49
24.53,24.53,32.89,28.65,47.36
25.10,25.10,34.59,31.67,47.93
24.05,24.05,32.65,30.43,48.94
25.57,25.57,34.93,31.70,49.65
22.92,22.92,35.87,30.67,50.16
23.61,23.61,34.08,32.71,50.56
25.43,25.43,35.02,31.82,49.91
23.33,23.33,33.51,32.09,47.78
23.19,23.19,32.89,31.39,45.75
23.31,23.31,33.84,30.95,44.77
23.28,23.28,33.61,27.80,45.37
22.56,22.56,34.94,31.32,46.64
23.64,23.64,34.39,31.44,48.29
26.23,26.23,35.95,33.55,49.28
24.87,24.87,35.28,34.64,49.05
24.92,24.92,33.53,34.28,47.77
24.69,24.69,35.08,33.83,45.08
25.14,25.14,33.77,31.34,40.87
26.13,26.13,35.30,32.31,37.61
25.65,25.65,34.05,32.06,38.62
23.99,23.99,33.85,29.61,39.84
21.83,21.83,34.40,31.59,41.53
21.57,21.57,34.43,31.00,41.70
23.60,23.60,33.07,29.69,42.20
25.67,25.67,34.92,33.21,42.34
25.38,25.38,35.93,31.63,44.10
25.62,25.62,36.29,33.43,44.48
25.15,25.15,33.36,30.88,43.47
25.97,25.97,35.46,34.04,41.65
26.38,26.38,33.43,32.11,40.44
26.68,26.68,34.25,33.27,40.00
26.43,26.43,35.17,34.10,40.31
24.43,24.43,34.87,31.97,40.87
22.24,22.24,33.61,29.71,42.43
21.49,21.49,37.75,32.46,44.29
23.63,23.63,39.46,31.95,45.25
21.94,21.94,39.47,30.34,45.15
21.88,21.88,38.77,29.65,43.91
22.18,22.18,36.30,27.44,41.28
22.54,22.54,34.51,27.82,37.78
23.02,23.02,33.66,27.54,35.35
23.56,23.56,33.92,27.90,35.44
25.02,25.02,36.93,30.06,35.89
24.06,24.06,37.32,30.18,34.77
22.90,22.90,38.86,30.98,34.71
24.43,24.43,40.51,32.42,34.65
24.42,24.42,41.01,31.62,34.34
20.80,20.80,41.66,36.49,36.57
25.69,25.69,42.29,38.01,36.41
25.70,25.70,39.64,36.72,34.29
24.03,24.03,37.69,32.50,36.86
25.41,25.41,39.10,35.98,37.71
23.06,23.06,40.04,37.70,39.73
26.22,26.22,39.79,31.86,39.50
25.83,25.83,41.22,33.49,43.89
23.89,23.89,43.03,35.87,46.24
23.69,23.69,41.99,33.83,46.97
25.90,25.90,40.91,32.85,47.53
26.30,26.30,39.68,32.22,45.15
24.85,24.85,38.27,36.02,49.43
23.51,23.51,37.21,31.71,52.01
24.67,24.67,35.57,29.82,49.85
23.70,23.70,34.32,28.33,54.23
23.57,23.57,33.15,25.49,55.72
23.08,23.08,31.77,23.76,57.79
24.24,24.24,31.59,24.32,57.19
26.63,26.63,32.11,23.32,59.97
25.54,25.54,31.53,20.68,60.51
27.88,27.88,33.40,17.81,59.14
29.03,29.03,33.83,21.46,61.00
25.62,25.62,31.91,25.90,60.17
26.41,26.41,31.12,20.18,61.09
25.89,25.89,31.35,21.14,60.61
24.78,24.78,30.60,19.63,58.87
26.40,26.40,29.67,19.23,60.86
26.43,26.43,29.20,23.27,61.18
30.09,30.09,30.42,18.12,60.56
27.64,27.64,29.77,15.28,60.35
25.94,25.94,29.73,21.36,61.39
26.77,26.77,29.79,21.16,63.08
26.72,26.72,30.55,15.47,62.66
27.67,27.67,30.96,23.45,64.69
28.12,28.12,31.27,25.75,62.42
24.53,24.53,29.48,18.15,64.19
25.11,25.11,29.96,14.00,61.39
25.96,25.96,30.96,17.07,62.00
25.76,25.76,29.37,21.92,62.91
24.79,24.79,29.03,19.42,63.48
25.57,25.57,29.53,21.72,64.21
23.47,23.47,28.50,20.99,65.07
22.28,22.28,28.37,17.08,65.03
24.15,24.15,27.01,13.65,64.18
24.64,24.64,27.56,10.85,62.84
26.20,26.20,29.06,11.26,62.23
27.19,27.19,30.31,11.07,62.52
28.35,28.35,28.88,16.17,63.59
25.84,25.84,28.92,17.30,63.96
19.96,19.96,26.63,17.60,64.64
20.21,20.21,28.28,13.92,65.71
19.66,19.66,28.54,15.31,66.42
20.74,20.74,26.73,18.45,66.59
22.64,22.64,24.65,8.20,64.70
25.64,25.64,27.00,14.98,67.04
24.84,24.84,28.82,15.64,63.97
23.48,23.48,28.45,10.55,63.53
22.08,22.08,27.44,13.17,65.28
22.54,22.54,26.23,13.36,63.31
22.40,22.40,26.47,11.03,61.79
19.94,19.94,24.74,14.29,63.92
22.57,22.57,24.63,11.50,62.82
19.39,19.39,24.79,15.59,63.39
19.70,19.70,24.79,17.99,64.16
20.48,20.48,23.82,12.70,61.84
21.30,21.30,25.09,16.02,66.39
20.48,20.48,23.88,15.99,66.80
20.49,20.49,24.22,15.87,65.32
22.01,22.01,24.16,16.89,63.61
22.55,22.55,22.93,25.99,63.76
19.44,19.44,22.81,29.58,63.19
17.38,17.38,20.75,31.48,63.37
19.22,19.22,21.51,30.65,63.18
19.35,19.35,22.00,28.21,63.83
20.18,20.18,25.49,26.54,64.05
19.13,19.13,24.32,25.04,63.19
18.36,18.36,24.55,20.91,63.18
19.26,19.26,23.51,21.26,62.10
20.59,20.59,23.32,20.07,61.23
20.95,20.95,22.06,23.04,63.62
20.25,20.25,22.06,29.88,63.63
18.59,18.59,22.32,31.91,63.41
19.29,19.29,25.02,33.73,61.91
19.33,19.33,25.74,30.28,63.74
18.19,18.19,24.63,27.26,61.55
18.41,18.41,24.47,22.65,61.73
20.64,20.64,24.71,20.13,61.01
19.80,19.80,23.63,15.48,61.66
16.75,16.75,22.69,18.81,63.25
14.52,14.52,19.83,20.23,63.07
17.07,17.07,21.36,17.67,64.36
16.71,16.71,22.44,15.71,63.52
16.92,16.92,23.59,15.56,64.63
17.38,17.38,23.31,18.22,63.91
17.19,17.19,23.54,22.41,61.75
17.52,17.52,25.73,20.95,60.04
21.32,21.32,27.29,17.09,59.99
26.70,26.70,27.80,16.50,61.16
27.46,27.46,28.04,12.49,57.49
22.54,22.54,25.16,17.74,59.20
19.95,19.95,23.89,13.19,58.92
18.40,18.40,23.27,14.43,61.08
16.88,16.88,21.99,13.20,61.98
18.04,18.04,21.65,19.75,61.97
17.66,17.66,23.84,21.28,62.04
17.95,17.95,25.35,25.81,62.59
16.87,16.87,24.87,28.82,61.85
18.43,18.43,25.36,28.97,61.46
17.96,17.96,24.99,28.41,58.93
18.87,18.87,24.39,29.86,60.22
20.54,20.54,26.58,25.76,60.42
19.22,19.22,26.04,26.55,59.60
18.28,18.28,26.63,26.76,57.42
17.40,17.40,26.49,25.94,59.25
18.88,18.88,27.94,31.49,59.82
19.08,19.08,27.68,34.83,58.21
22.33,22.33,28.94,33.89,61.02
24.39,24.39,30.03,32.31,61.61
23.50,23.50,29.93,32.91,57.71
26.13,26.13,28.64,30.37,57.53
30.47,30.47,32.86,28.13,57.33
31.39,31.39,31.46,26.91,60.06
25.42,25.42,29.91,26.17,57.51
21.29,21.29,29.58,26.05,60.09
19.36,19.36,30.17,29.04,56.61
15.90,15.90,26.18,28.46,61.00
18.03,18.03,28.34,30.30,62.04
21.07,21.07,29.64,32.35,60.99
22.40,22.40,30.75,32.79,60.01
25.35,25.35,31.08,32.11,61.16
24.95,24.95,31.89,32.39,60.20
22.80,22.80,30.64,32.13,58.86
22.19,22.19,31.20,37.74,58.38
20.65,20.65,30.84,39.30,58.05
19.45,19.45,29.70,41.10,58.83
21.24,21.24,28.70,41.38,59.85
21.80,21.80,31.27,40.36,62.80
20.76,20.76,30.50,38.82,61.12
22.24,22.24,30.74,36.81,61.20
22.84,22.84,31.35,36.14,59.63
26.22,26.22,30.29,35.84,59.73
26.35,26.35,30.58,28.97,58.62
25.34,25.34,31.12,34.37,58.74
23.70,23.70,31.41,36.32,62.03
24.71,24.71,31.51,35.95,61.41
23.24,23.24,30.50,33.44,61.74
21.63,21.63,30.69,37.01,61.15
22.03,22.03,31.46,36.81,59.87
22.14,22.14,30.15,38.71,58.97
20.45,20.45,28.58,35.72,59.27
23.38,23.38,30.67,34.47,58.26
28.12,28.12,31.17,34.71,59.29
27.49,27.49,31.45,35.40,57.82
29.28,29.28,31.37,31.99,58.42
26.40,26.40,29.64,30.83,57.73
21.53,21.53,29.62,36.27,59.03
21.65,21.65,29.12,37.06,57.66
23.81,23.81,29.43,35.13,59.07
23.97,23.97,31.85,34.91,57.55
23.23,23.23,30.01,32.91,57.47
23.35,23.35,33.09,34.73,59.99
28.67,28.67,32.60,34.89,60.79
29.20,29.20,35.87,37.10,60.26
30.34,30.34,34.68,33.58,57.91
30.14,30.14,36.93,34.39,56.98
32.89,32.89,36.72,37.47,56.23
26.62,26.62,35.00,34.24,55.52
27.82,27.82,35.05,33.50,56.64
26.14,26.14,34.04,34.30,58.26
26.07,26.07,33.33,30.79,59.11
28.93,28.93,34.57,29.47,59.88
27.77,27.77,35.21,32.50,58.92
28.97,28.97,36.32,33.88,58.35
31.16,31.16,35.96,29.33,59.70
31.80,31.80,37.09,31.79,58.17
31.63,31.63,36.07,28.42,55.64
29.51,29.51,37.82,30.33,54.61
27.82,27.82,36.61,30.78,51.00
29.60,29.60,38.02,33.55,52.32
33.04,33.04,36.97,35.26,55.16
33.31,33.31,37.41,34.72,55.55
31.52,31.52,36.30,30.01,56.48
29.12,29.12,36.01,28.14,55.13
27.73,27.73,36.18,30.80,54.48
30.14,30.14,37.09,31.06,55.16
28.78,28.78,35.96,29.63,55.33
29.12,29.12,36.41,32.48,56.09
24.77,24.77,33.86,30.03,56.76
27.19,27.19,35.84,29.64,58.87
25.66,25.66,35.61,31.88,59.70
25.48,25.48,36.35,35.47,60.00
28.07,28.07,37.27,34.31,60.95
32.24,32.24,36.29,34.63,60.86
32.57,32.57,38.53,36.86,57.90
35.57,35.57,38.70,36.99,54.99
35.59,35.59,36.90,35.73,52.27
32.22,32.22,35.60,34.31,55.17
27.45,27.45,37.78,36.87,56.89
27.88,27.88,39.87,37.78,56.79
26.59,26.59,36.54,36.12,54.27
29.39,29.39,37.86,34.20,54.49
28.43,28.43,39.63,37.78,51.01
28.44,28.44,38.61,36.19,53.40
28.89,28.89,37.59,35.59,53.57
31.11,31.11,38.39,32.47,52.32
31.07,31.07,38.34,30.14,53.81
33.17,33.17,39.65,39.62,54.49
33.44,33.44,40.43,37.22,52.79
32.18,32.18,39.39,34.86,50.01
30.21,30.21,39.18,38.81,48.98
30.07,30.07,39.95,39.57,48.37
30.21,30.21,39.03,37.66,47.72
30.30,30.30,39.86,38.96,47.06
32.40,32.40,39.82,40.23,47.50
34.42,34.42,37.72,28.98,49.20
31.35,31.35,38.80,36.81,50.24
32.45,32.45,39.70,39.93,50.99
33.12,33.12,38.54,38.17,50.90
32.52,32.52,39.53,36.58,48.94
30.05,30.05,39.54,34.99,46.54
31.59,31.59,39.28,34.37,45.70
28.49,28.49,39.20,34.92,46.06
28.52,28.52,38.31,34.12,47.17
28.99,28.99,39.51,33.76,47.51
32.66,32.66,38.82,30.74,48.86
30.79,30.79,39.80,38.70,49.39
31.99,31.99,37.99,36.80,49.15
30.44,30.44,39.83,35.70,48.49
30.46,30.46,39.54,29.74,47.60
29.55,29.55,38.78,30.81,47.51
28.03,28.03,37.70,26.13,46.62
31.84,31.84,39.54,28.40,44.94
31.17,31.17,38.70,30.02,42.71
27.86,27.86,37.07,28.48,41.81
29.19,29.19,39.84,24.34,41.96
31.87,31.87,41.81,28.29,42.26
29.90,29.90,39.54,31.21,39.87
31.78,31.78,38.40,38.50,36.35
30.79,30.79,38.60,39.66,39.21
30.00,30.00,38.81,40.50,41.68
30.59,30.59,39.88,40.69,42.80
30.63,30.63,38.93,38.09,42.82
31.28,31.28,39.44,30.45,42.02
28.93,28.93,37.57,26.89,40.85
29.54,29.54,38.02,31.21,40.01
27.91,27.91,37.30,31.94,39.19
29.44,29.44,36.96,21.89,39.24
29.00,29.00,40.06,30.15,40.64
30.44,30.44,41.76,37.06,39.67
27.03,27.03,43.10,40.33,41.18
27.09,27.09,43.40,41.13,43.98
30.66,30.66,44.64,39.97,43.47
28.01,28.01,42.51,39.62,40.91
30.38,30.38,39.66,37.13,41.60
28.43,28.43,38.28,27.16,41.41
29.21,29.21,35.94,29.34,41.26
26.07,26.07,36.58,31.18,42.29
26.07,26.07,38.18,32.71,41.97
27.39,27.39,38.25,32.98,41.22
27.17,27.17,37.98,30.89,41.46
26.52,26.52,38.91,31.84,38.70
26.59,26.59,37.29,32.12,37.54
28.84,28.84,38.41,34.40,35.30
28.85,28.85,40.24,34.40,37.97
27.64,27.64,41.15,32.41,38.72
27.43,27.43,39.94,28.83,38.45
26.70,26.70,36.72,24.59,38.96
27.87,27.87,35.96,30.20,41.02
28.28,28.28,38.72,35.07,42.69
27.90,27.90,40.45,36.43,43.10
28.25,28.25,39.99,36.27,42.04
26.47,26.47,40.13,34.43,38.87
26.53,26.53,39.42,32.76,38.69
24.98,24.98,40.19,31.50,38.30
26.61,26.61,41.23,30.44,39.74
27.63,27.63,41.52,30.61,39.09
24.03,24.03,41.43,33.74,37.03
24.39,24.39,41.49,34.12,38.72
24.99,24.99,41.20,35.56,38.71
24.76,24.76,38.71,36.84,37.64
25.72,25.72,38.59,34.31,35.62
24.03,24.03,37.49,32.51,33.35
27.23,27.23,37.98,32.79,32.02
28.61,28.61,38.09,29.05,31.42
28.15,28.15,38.03,28.84,30.47
27.51,27.51,38.66,31.11,29.43
26.33,26.33,38.87,34.85,27.54
27.99,27.99,38.39,35.35,26.33
25.73,25.73,38.51,36.39,26.89
24.46,24.46,38.81,35.68,26.73
24.03,24.03,35.20,29.78,26.09
23.88,23.88,33.87,29.60,24.92
25.32,25.32,34.91,28.70,22.97
24.15,24.15,34.15,27.18,21.11
26.87,26.87,34.38,29.59,21.06
26.12,26.12,36.29,32.29,20.62
27.06,27.06,36.03,31.55,20.07
27.85,27.85,35.64,33.49,19.57
26.90,26.90,34.49,33.34,18.72
27.38,27.38,34.67,33.05,17.34
25.36,25.36,33.14,29.77,15.79
25.50,25.50,33.83,26.12,15.02
24.88,24.88,33.60,25.20,14.41
25.21,25.21,33.63,19.71,13.80
26.33,26.33,33.71,26.75,13.83
26.64,26.64,33.10,25.98,13.46
27.04,27.04,35.86,28.16,13.23
27.25,27.25,35.60,28.49,12.28
25.55,25.55,35.92,31.19,13.68
24.73,24.73,33.60,28.42,12.87
24.35,24.35,33.85,28.04,12.54
24.42,24.42,33.03,24.87,13.32
23.41,23.41,32.34,24.27,14.26
23.07,23.07,31.17,21.17,14.46
23.84,23.84,32.51,20.76,13.91
26.41,26.41,33.63,24.85,12.63
27.12,27.12,34.34,24.17,12.26
28.10,28.10,35.04,26.47,12.97
29.80,29.80,35.63,23.04,12.39
27.81,27.81,34.67,25.21,12.14
28.07,28.07,33.27,22.94,12.26
26.95,26.95,34.07,19.27,11.24
24.89,24.89,33.02,20.50,9.92
24.47,24.47,32.71,22.50,8.43
23.60,23.60,32.73,23.39,8.03
24.15,24.15,31.06,18.44,7.64
25.29,25.29,30.97,16.64,6.14
28.30,28.30,33.46,20.98,6.09
29.96,29.96,33.69,18.49,5.07
29.65,29.65,34.52,22.51,6.25
29.53,29.53,33.87,26.45,6.71
28.34,28.34,34.39,25.95,8.55
28.14,28.14,34.57,27.66,8.03
27.76,27.76,34.31,28.24,8.77
26.53,26.53,32.41,25.77,9.49
24.94,24.94,29.87,26.20,14.28
21.96,21.96,26.08,22.98,21.24
15.70,15.70,22.79,26.39,29.47
11.32,11.32,22.16,32.17,39.91
8.32,8.32,27.95,35.91,69.51
0.41,0.41,22.35,27.83,66.45
0.01,0.01,28.45,32.16,75.86
-0.00,-0.00,22.11,28.22,78.01
-0.00,-0.00,22.88,26.14,77.78
-0.00,-0.00,23.74,30.45,78.15
-0.00,-0.00,21.82,30.48,77.90
-0.00,-0.00,18.94,29.86,80.23
0.03,0.03,17.49,23.45,78.68
0.30,0.30,13.10,25.10,78.23
0.35,0.35,9.08,17.17,76.91
0.42,0.42,10.77,20.73,78.29
3.08,3.08,12.28,21.35,77.58
3.86,3.86,11.54,21.49,77.76
7.66,7.66,10.16,18.51,76.81
12.16,12.16,10.80,23.04,78.45
7.07,7.07,10.17,19.05,74.48
7.41,7.41,10.12,23.00,78.60
5.90,5.90,12.17,19.13,74.55
6.96,6.96,10.55,16.82,76.74
7.21,7.21,12.72,15.62,74.87
8.03,8.03,14.10,20.02,75.77
9.30,9.30,10.86,15.91,75.92
10.18,10.18,11.02,17.44,75.40
14.25,14.25,13.86,13.08,74.68
15.11,15.11,13.52,11.30,75.45
12.58,12.58,12.96,13.83,73.16
12.24,12.24,12.05,14.49,74.35
13.37,13.37,13.18,20.27,75.17
11.47,11.47,12.70,15.95,74.52
12.84,12.84,11.92,14.04,75.54
14.80,14.80,11.78,9.46,74.06
16.03,16.03,14.21,17.12,73.54
16.61,16.61,14.01,18.58,72.72
15.93,15.93,14.53,17.35,74.34
13.83,13.83,12.53,17.59,73.59
17.77,17.77,13.12,17.19,75.18
15.08,15.08,12.05,14.68,72.77
14.37,14.37,12.85,16.80,73.85
15.35,15.35,12.98,18.50,73.10
17.93,17.93,12.93,20.40,72.88
17.27,17.27,12.58,22.82,72.37
19.39,19.39,12.40,14.82,73.02
19.14,19.14,13.71,12.16,71.32
19.86,19.86,15.55,13.42,73.49
21.11,21.11,17.56,20.53,71.50
20.54,20.54,16.15,17.48,72.15
20.11,20.11,15.30,16.01,72.33
17.69,17.69,15.79,18.09,72.33
15.52,15.52,14.54,18.10,71.86
16.95,16.95,14.72,16.33,71.10
17.01,17.01,14.57,17.31,71.58
17.90,17.90,14.75,18.88,71.96
19.70,19.70,14.83,14.41,71.84
15.66,15.66,14.64,19.50,70.64
17.21,17.21,15.83,14.40,72.24
17.26,17.26,16.90,16.93,70.75
15.11,15.11,16.20,16.41,69.34
12.54,12.54,15.99,20.36,69.94
12.92,12.92,16.45,21.01,69.07
12.32,12.32,16.12,17.53,66.29
12.67,12.67,14.74,15.07,69.10
12.75,12.75,14.05,13.52,70.15
13.14,13.14,15.24,15.91,67.51
17.05,17.05,16.01,17.03,70.31
17.40,17.40,16.46,18.17,66.54
16.32,16.32,17.20,20.28,70.81
13.46,13.46,15.76,18.02,68.23
12.70,12.70,18.26,22.07,68.32
11.59,11.59,16.27,17.82,67.04
10.66,10.66,16.55,20.47,69.05
13.63,13.63,14.78,14.81,65.20
12.35,12.35,15.22,22.90,66.65
13.71,13.71,15.49,26.65,66.90
14.08,14.08,15.83,19.90,68.74
13.20,13.20,16.20,17.41,67.38
13.03,13.03,14.85,19.62,71.04
11.45,11.45,15.36,11.49,67.28
10.90,10.90,14.27,18.59,68.07
11.00,11.00,15.67,22.26,66.78
10.60,10.60,14.31,23.19,66.29
9.00,9.00,14.98,22.30,66.28
8.66,8.66,16.11,21.73,65.91
12.45,12.45,16.97,20.70,64.44
12.95,12.95,16.39,22.64,65.36
11.98,11.98,16.27,19.75,64.36
13.55,13.55,15.95,24.42,65.79
11.42,11.42,17.31,26.97,67.85
11.13,11.13,15.16,22.92,67.98
10.75,10.75,15.27,22.77,69.18
11.30,11.30,15.81,20.23,65.65
10.62,10.62,16.75,23.26,67.69
10.86,10.86,16.28,22.54,64.11
8.95,8.95,16.49,22.69,64.36
10.47,10.47,18.09,26.70,64.82
10.44,10.44,18.10,22.42,65.33
10.81,10.81,17.82,22.43,65.52
8.78,8.78,18.00,23.84,63.07
8.08,8.08,18.23,23.90,65.15
8.97,8.97,21.83,22.93,64.95
8.02,8.02,21.85,24.53,64.74
9.07,9.07,19.94,21.40,65.87
8.99,8.99,19.03,23.15,65.82
9.13,9.13,24.39,23.33,67.07
10.79,10.79,21.49,23.98,66.05
11.41,11.41,20.93,22.98,67.58
9.87,9.87,24.00,27.23,66.94
9.24,9.24,22.82,23.34,67.74
9.26,9.26,23.02,24.67,64.32
10.15,10.15,20.84,20.94,66.46
11.57,11.57,20.16,26.48,66.66
12.02,12.02,24.93,27.77,66.72
11.93,11.93,23.08,25.96,67.83
12.55,12.55,22.20,28.26,66.33
14.03,14.03,24.12,25.76,66.65
13.20,13.20,25.22,28.77,66.30
13.41,13.41,25.30,28.34,67.34
9.60,9.60,24.82,24.75,67.54
12.62,12.62,23.89,25.44,68.60
11.31,11.31,26.62,26.87,69.93
10.91,10.91,24.02,29.57,71.63
10.30,10.30,25.08,26.76,70.15
11.14,11.14,22.56,29.18,70.02
12.08,12.08,27.45,28.44,67.60
13.75,13.75,23.88,27.42,66.27
13.45,13.45,24.82,29.37,66.56
16.95,16.95,25.29,28.77,66.42
13.52,13.52,24.25,29.14,67.24
13.19,13.19,25.14,29.24,68.00
12.19,12.19,21.93,27.76,70.42
11.75,11.75,25.65,30.56,72.00
10.09,10.09,25.09,28.46,71.06
9.49,9.49,26.25,31.44,69.69
10.24,10.24,25.85,28.98,67.58
11.45,11.45,25.13,35.04,68.29
11.22,11.22,24.72,35.45,67.79
15.02,15.02,26.84,36.50,65.80
15.05,15.05,26.68,33.97,65.97
12.93,12.93,26.19,30.15,64.84
15.28,15.28,26.06,35.98,67.66
12.66,12.66,27.70,34.13,65.68
10.96,10.96,26.33,33.31,66.81
10.68,10.68,25.37,35.31,65.23
10.38,10.38,28.46,31.97,66.40
9.37,9.37,26.17,35.19,65.90
11.24,11.24,27.41,36.87,68.04
12.25,12.25,27.85,36.53,67.95
12.50,12.50,27.70,38.49,66.12
13.36,13.36,28.15,37.06,64.13
14.55,14.55,27.68,37.80,61.92
13.93,13.93,24.81,36.00,63.50
11.83,11.83,27.23,38.46,64.71
11.51,11.51,28.66,37.60,65.76
10.51,10.51,28.51,38.13,64.68
9.34,9.34,26.63,36.86,66.96
10.19,10.19,27.47,36.27,65.45
12.48,12.48,30.17,37.65,63.76
12.12,12.12,29.64,38.21,63.19
11.32,11.32,28.10,37.69,60.55
14.45,14.45,29.19,39.33,63.12
14.58,14.58,30.04,40.44,62.78
12.21,12.21,27.05,39.64,63.62
12.32,12.32,28.29,38.74,62.20
13.74,13.74,28.71,39.33,65.54
13.93,13.93,32.32,39.46,65.19
15.02,15.02,30.98,39.32,65.70
15.58,15.58,30.96,40.38,65.21
15.02,15.02,30.43,39.51,65.08
15.77,15.77,32.44,38.31,64.22
15.23,15.23,31.34,39.01,62.84
15.80,15.80,33.31,39.41,61.09
19.96,19.96,32.77,38.06,63.16
22.18,22.18,33.38,38.63,64.04
23.02,23.02,30.43,38.20,66.04
20.98,20.98,25.53,36.27,66.09
15.93,15.93,18.95,28.68,65.86
5.40,5.40,15.69,19.96,66.52
1.31,1.31,22.19,31.05,68.72
2.89,2.89,24.63,31.03,70.09
10.51,10.51,22.43,31.84,71.69
11.04,11.04,17.40,33.42,69.88
12.44,12.44,17.22,35.15,71.36
16.85,16.85,20.11,33.08,69.79
17.34,17.34,20.27,29.29,70.71
17.20,17.20,19.16,31.42,69.04
17.37,17.37,20.25,28.66,70.76
14.57,14.57,22.47,32.73,69.37
14.97,14.97,22.00,32.56,69.82
14.67,14.67,21.99,34.99,69.14
17.44,17.44,22.63,36.57,67.70
18.91,18.91,22.66,35.94,68.51
17.07,17.07,22.82,33.22,65.98
19.37,19.37,21.85,33.93,68.56
20.58,20.58,24.41,35.85,68.25
24.06,24.06,22.50,36.88,67.80
24.65,24.65,21.65,37.38,66.43
24.18,24.18,22.68,36.67,67.55
23.94,23.94,25.73,35.27,66.34
22.82,22.82,23.23,34.55,66.10
22.70,22.70,25.31,35.42,67.72
21.57,21.57,26.36,36.09,68.34
23.04,23.04,24.85,35.91,68.01
24.04,24.04,28.71,38.19,68.99
25.25,25.25,26.91,38.42,67.15
23.59,23.59,26.57,36.85,66.48
25.93,25.93,27.72,37.52,65.66
23.80,23.80,28.79,37.99,65.02
24.48,24.48,28.88,38.31,65.82
24.19,24.19,28.89,38.49,63.82
22.71,22.71,28.92,38.75,65.59
23.36,23.36,32.80,40.68,66.47
26.20,26.20,33.61,42.23,65.23
23.29,23.29,35.59,44.45,65.89
23.54,23.54,35.04,43.60,65.77
24.97,24.97,35.35,43.37,64.44
25.93,25.93,36.30,43.15,65.64
25.33,25.33,36.74,43.10,62.85
25.28,25.28,35.67,43.09,64.04
25.53,25.53,38.19,44.72,62.99
26.04,26.04,37.64,44.26,64.40
25.38,25.38,36.54,44.12,63.03
25.39,25.39,36.72,43.98,61.89
25.00,25.00,38.10,44.42,63.46
23.92,23.92,39.97,45.15,62.55
24.34,24.34,38.24,44.71,62.64
27.22,27.22,36.96,43.80,62.82
23.53,23.53,37.25,44.18,64.00
25.59,25.59,38.14,43.77,65.11
28.09,28.09,38.68,43.06,62.50
25.99,25.99,37.05,43.45,63.07
27.55,27.55,37.48,44.45,61.26
25.64,25.64,39.78,44.54,63.09
26.96,26.96,39.56,45.10,61.91
25.66,25.66,39.42,44.86,61.42
27.70,27.70,37.98,44.34,63.44
26.86,26.86,39.72,44.60,60.57
27.48,27.48,38.69,44.44,63.46
27.57,27.57,38.69,44.16,62.79
29.11,29.11,39.15,44.72,61.04
27.72,27.72,39.60,44.19,62.63
27.93,27.93,39.44,43.81,60.02
27.78,27.78,38.86,45.12,63.67
29.47,29.47,38.07,44.20,62.36
27.44,27.44,38.89,43.75,62.09
28.24,28.24,38.92,43.88,62.17
29.95,29.95,38.86,44.65,59.22
29.64,29.64,38.87,44.38,62.49
28.58,28.58,39.46,44.81,59.58
29.05,29.05,38.76,43.99,61.49
28.86,28.86,40.45,43.53,59.90
28.86,28.86,39.18,43.49,59.39
30.96,30.96,39.81,44.16,60.66
32.56,32.56,38.39,43.57,58.39
30.53,30.53,40.60,45.25,59.86
29.32,29.32,39.92,44.86,59.98
30.95,30.95,39.44,43.83,59.59
32.60,32.60,41.01,44.06,59.52
32.49,32.49,40.47,44.19,60.10
32.86,32.86,39.06,42.89,60.32
30.91,30.91,39.26,42.21,58.24
29.90,29.90,37.67,43.73,60.49
29.17,29.17,41.95,44.00,58.31
28.86,28.86,40.59,42.30,59.26
30.03,30.03,40.13,42.09,58.41
31.32,31.32,39.06,42.41,57.83
31.36,31.36,42.24,42.85,60.01
33.55,33.55,40.88,43.11,58.69
31.82,31.82,41.98,43.20,59.39
29.22,29.22,40.37,42.78,59.55
28.12,28.12,40.73,43.57,57.11
29.43,29.43,41.33,42.69,58.09
27.55,27.55,40.13,42.84,55.84
31.23,31.23,40.82,42.02,57.93
29.35,29.35,40.30,42.96,58.14
30.41,30.41,42.57,43.24,57.36
31.13,31.13,39.52,40.58,58.12
30.59,30.59,41.67,42.33,58.62
31.18,31.18,43.50,43.76,57.87
30.57,30.57,42.04,43.40,58.09
29.68,29.68,41.24,42.96,57.90
28.08,28.08,42.17,43.74,56.60
30.47,30.47,42.94,43.12,58.13
30.51,30.51,42.96,43.75,56.40
29.45,29.45,42.45,43.93,57.50
29.38,29.38,41.80,42.19,57.76
27.58,27.58,41.20,43.37,55.41
28.77,28.77,42.04,44.83,57.21
30.75,30.75,41.47,42.73,57.69
30.07,30.07,41.34,42.23,56.59
28.81,28.81,42.64,43.79,58.01
29.04,29.04,43.53,43.78,56.66
28.64,28.64,40.68,42.17,57.48
29.39,29.39,42.89,43.45,56.56
26.29,26.29,42.40,42.78,56.62
26.77,26.77,41.94,42.70,57.07
25.00,25.00,44.50,45.30,56.67
28.35,28.35,42.34,43.69,57.20
29.66,29.66,41.45,43.27,56.95
30.56,30.56,45.19,44.58,56.12
30.48,30.48,46.61,46.16,57.65
27.45,27.45,44.86,44.33,56.37
31.17,31.17,42.55,43.52,56.93
31.61,31.61,43.05,44.28,57.09
30.56,30.56,43.43,43.37,56.97
30.85,30.85,42.76,42.69,57.07
28.17,28.17,41.08,43.48,56.54
27.29,27.29,42.09,43.32,56.09
29.57,29.57,43.10,44.51,56.62
29.22,29.22,41.87,45.05,56.31
29.32,29.32,44.65,45.52,57.16
29.37,29.37,43.17,43.89,55.65
29.71,29.71,42.22,45.00,56.39
29.81,29.81,43.51,45.85,56.86
30.53,30.53,45.51,45.56,55.64
30.58,30.58,42.74,45.73,56.35
30.64,30.64,42.49,46.76,56.48
31.65,31.65,45.01,45.92,56.56
29.29,29.29,43.34,47.02,56.44
28.78,28.78,46.22,46.01,56.08
28.37,28.37,43.66,47.06,56.45
29.34,29.34,43.44,46.13,56.25
30.48,30.48,42.82,46.79,56.39
27.78,27.78,45.18,48.07,56.43
28.39,28.39,46.62,46.77,56.28
28.09,28.09,42.24,44.30,55.72
26.59,26.59,45.47,44.55,56.18
25.40,25.40,42.83,40.76,56.30
26.97,26.97,42.10,40.37,56.12
29.99,29.99,43.08,41.96,56.12
28.11,28.11,40.64,36.47,55.76
30.25,30.25,41.90,34.88,55.55
28.44,28.44,40.64,38.12,55.83
26.50,26.50,39.29,33.30,55.79
29.81,29.81,39.77,31.36,55.79
28.55,28.55,42.42,35.48,56.03
29.53,29.53,40.36,32.42,55.66
29.61,29.61,41.66,33.97,55.72
29.04,29.04,39.31,34.30,55.36
28.71,28.71,41.14,35.38,55.61
29.09,29.09,40.36,33.56,55.25
30.43,30.43,42.26,34.48,55.19
27.42,27.42,41.30,35.51,54.83
26.48,26.48,43.14,35.54,54.92
27.24,27.24,42.51,35.11,54.65
27.01,27.01,40.25,33.05,54.87
25.55,25.55,36.24,32.92,55.44
18.73,18.73,27.91,33.06,54.95
7.42,7.42,21.53,34.82,55.97
0.14,0.14,18.62,27.69,69.35
1.15,1.15,15.14,22.26,79.53
8.26,8.26,13.91,18.39,80.70
9.60,9.60,15.91,25.08,81.17
8.19,8.19,18.10,20.22,81.56
8.68,8.68,22.95,22.03,78.88
9.25,9.25,20.75,20.40,79.64
11.13,11.13,21.72,23.81,77.33
12.87,12.87,20.90,23.11,77.39
13.69,13.69,16.89,26.48,75.60
15.26,15.26,23.05,27.79,74.11
15.18,15.18,25.07,28.05,75.40
12.98,12.98,22.13,22.87,73.98
13.46,13.46,25.73,22.77,72.91
16.14,16.14,29.98,24.57,73.18
14.46,14.46,24.29,24.85,71.40
12.92,12.92,28.05,24.05,73.61
11.37,11.37,26.88,18.51,71.70
12.93,12.93,23.50,21.85,71.73
15.46,15.46,26.33,23.18,72.49
15.59,15.59,29.10,21.80,71.39
16.16,16.16,25.62,20.68,72.39
17.61,17.61,23.25,22.51,72.41
17.05,17.05,26.46,17.27,72.23
16.68,16.68,23.75,16.44,73.58
17.08,17.08,30.42,25.38,72.30
16.46,16.46,31.05,27.42,71.43
16.74,16.74,28.24,26.36,72.85
17.64,17.64,29.49,26.24,70.46
18.25,18.25,24.67,23.29,71.30
18.70,18.70,26.11,22.50,71.19
19.75,19.75,27.89,24.00,70.81
19.93,19.93,29.12,23.83,72.28
19.16,19.16,28.80,22.61,69.97
21.57,21.57,28.88,23.75,70.61
22.36,22.36,29.50,21.39,71.46
21.88,21.88,28.15,21.61,70.15
22.44,22.44,26.47,19.28,71.69
20.34,20.34,25.96,16.29,71.65
20.94,20.94,27.84,23.37,70.09
22.02,22.02,28.12,25.24,69.71
22.16,22.16,27.16,24.55,69.20
22.32,22.32,27.83,23.36,69.14
21.57,21.57,26.33,24.65,70.27
22.06,22.06,30.91,25.02,70.46
22.26,22.26,31.66,30.43,69.99
20.53,20.53,28.50,19.62,70.83
21.54,21.54,27.55,21.66,69.95
21.63,21.63,30.53,25.31,70.01
21.18,21.18,30.64,22.12,69.24
23.47,23.47,31.44,24.35,70.60
23.17,23.17,33.60,27.59,70.48
23.98,23.98,32.35,23.27,71.72
22.40,22.40,30.05,21.32,69.35
22.25,22.25,34.55,22.53,68.51
21.18,21.18,35.22,23.84,70.05
19.96,19.96,40.09,25.12,69.92
21.17,21.17,35.32,23.33,69.00
18.90,18.90,36.18,21.61,67.90
20.17,20.17,37.72,20.91,67.22
21.43,21.43,42.41,24.97,67.13
24.22,24.22,44.21,26.97,67.84
27.39,27.39,40.65,25.34,66.21
27.29,27.29,43.15,26.90,66.89
24.91,24.91,41.22,27.12,69.84
23.18,23.18,36.27,27.40,70.08
20.58,20.58,36.55,29.80,69.34
16.99,16.99,33.64,29.32,70.49
10.68,10.68,24.74,28.68,70.24
1.98,1.98,18.12,27.49,70.77
-0.00,-0.00,12.32,25.16,81.62
0.42,0.42,10.39,29.30,81.68
5.26,5.26,7.67,27.19,80.22
8.00,8.00,11.64,29.49,79.97
6.81,6.81,12.16,31.58,78.77
5.39,5.39,11.48,30.58,79.40
2.39,2.39,13.66,28.35,79.30
1.86,1.86,18.97,27.25,79.23
2.80,2.80,17.80,30.01,79.44
3.37,3.37,14.71,29.35,79.07
4.69,4.69,16.13,27.01,78.83
6.64,6.64,18.30,27.63,78.17
7.04,7.04,19.72,27.65,78.09
5.27,5.27,21.53,24.89,77.45
5.66,5.66,26.21,26.33,77.83
6.68,6.68,29.68,26.85,76.27
6.38,6.38,30.54,26.99,77.78
7.54,7.54,29.05,27.01,74.93
5.34,5.34,23.83,24.54,75.77
6.11,6.11,20.94,17.24,75.69
6.21,6.21,28.28,22.89,76.24
7.07,7.07,28.46,24.55,75.31
5.97,5.97,29.78,25.49,74.90
9.28,9.28,27.53,25.62,74.76
11.08,11.08,22.03,24.19,75.02
10.93,10.93,25.43,25.98,73.22
11.95,11.95,24.69,21.67,74.40
12.41,12.41,17.23,23.01,73.55
12.05,12.05,18.94,22.19,73.14
13.11,13.11,20.45,23.82,73.07
13.91,13.91,24.03,25.15,73.78
16.01,16.01,27.15,22.02,71.25
13.22,13.22,26.12,25.56,71.81
12.02,12.02,24.97,28.10,70.77
14.43,14.43,28.20,28.52,71.18
17.05,17.05,27.62,29.53,70.12
16.29,16.29,22.54,28.21,71.04
18.36,18.36,20.87,25.66,69.29
20.12,20.12,18.50,17.11,69.78
21.04,21.04,19.50,12.15,71.18
16.33,16.33,22.57,15.72,68.70
22.32,22.32,21.61,19.98,71.79
21.12,21.12,17.85,17.76,69.95
21.44,21.44,20.90,22.90,71.02
22.61,22.61,24.10,25.08,70.68
22.54,22.54,25.51,27.57,69.20
20.03,20.03,23.47,27.36,69.86
20.19,20.19,19.87,23.66,68.83
23.91,23.91,19.54,13.55,67.81
22.03,22.03,19.63,18.01,67.23
18.63,18.63,18.92,19.12,66.64
17.65,17.65,21.84,26.69,66.04
17.33,17.33,19.51,23.69,68.38
15.53,15.53,16.96,17.86,68.80
14.73,14.73,19.02,22.43,70.21
16.02,16.02,22.59,26.94,68.25
15.51,15.51,23.05,25.22,67.20
15.69,15.69,22.31,22.25,69.40
15.80,15.80,19.53,20.14,66.95
16.52,16.52,20.96,19.21,66.21
17.18,17.18,22.26,18.74,65.56
15.56,15.56,18.66,24.53,66.11
16.39,16.39,17.69,19.99,68.38
19.95,19.95,19.70,20.15,66.23
17.46,17.46,15.97,16.38,66.63
19.30,19.30,17.05,23.08,66.13
19.43,19.43,19.80,26.49,66.55
16.00,16.00,18.33,21.29,67.17
19.33,19.33,20.66,23.34,67.05
19.34,19.34,21.02,25.09,66.37
20.07,20.07,21.83,24.56,65.87
19.98,19.98,24.07,30.36,66.53
20.71,20.71,21.99,30.67,65.07
20.62,20.62,23.01,30.82,66.92
19.09,19.09,21.83,26.56,65.86
22.96,22.96,22.60,26.62,66.85
19.54,19.54,23.61,30.35,64.48
16.01,16.01,21.82,24.94,67.68
14.65,14.65,20.34,19.22,66.88
16.62,16.62,22.26,23.91,66.73
19.33,19.33,26.66,28.80,66.75
16.10,16.10,24.55,17.16,68.15
18.52,18.52,26.35,25.09,69.44
19.39,19.39,28.36,25.86,67.04
17.33,17.33,28.58,24.04,68.80
20.83,20.83,29.54,27.66,68.70
24.46,24.46,30.48,25.95,67.14
24.12,24.12,31.55,28.51,69.00
23.77,23.77,30.50,23.57,68.39
20.12,20.12,31.29,26.10,67.20
22.32,22.32,28.65,24.57,68.60
25.95,25.95,32.10,27.74,66.41
25.23,25.23,35.44,27.89,67.25
20.47,20.47,30.77,16.73,68.89
18.79,18.79,31.76,20.38,65.96
22.35,22.35,31.69,17.50,67.73
23.00,23.00,33.88,18.41,68.23
23.19,23.19,36.40,19.86,68.43
20.88,20.88,35.02,23.58,68.87
20.23,20.23,30.15,21.72,69.67
20.46,20.46,36.32,23.71,67.51
22.62,22.62,35.41,16.50,67.91
22.34,22.34,34.45,20.18,68.49
20.80,20.80,33.43,18.90,66.82
24.81,24.81,34.73,18.13,64.94
25.17,25.17,33.50,18.55,65.84
20.04,20.04,32.01,19.05,68.21
18.84,18.84,25.66,14.93,66.58
11.86,11.86,19.00,12.98,65.94
8.48,8.48,16.63,9.27,66.55
3.69,3.69,13.64,7.62,79.71
0.26,0.26,14.83,4.99,84.97
3.33,3.33,9.93,5.82,84.35
7.31,7.31,10.39,12.00,84.18
10.91,10.91,8.74,4.57,82.97
13.27,13.27,9.51,4.47,82.78
12.29,12.29,10.09,6.73,82.21
9.76,9.76,11.65,20.34,81.73
8.77,8.77,8.97,13.43,81.89
8.23,8.23,11.97,16.18,81.67
6.44,6.44,13.69,14.01,81.18
7.35,7.35,12.33,12.69,81.16
7.41,7.41,12.63,15.53,80.82
7.69,7.69,9.08,14.70,80.61
7.27,7.27,13.95,21.79,80.05
6.67,6.67,11.24,14.98,80.15
6.44,6.44,11.69,14.03,79.21
5.66,5.66,12.25,19.04,79.20
5.38,5.38,15.46,23.53,78.96
7.54,7.54,13.32,18.37,78.48
8.64,8.64,11.73,12.33,77.99
10.55,10.55,11.14,15.51,77.86
10.50,10.50,10.37,14.26,76.13
11.58,11.58,10.91,13.18,76.34
13.78,13.78,13.96,20.73,75.87
15.02,15.02,11.33,13.20,74.93
13.81,13.81,12.54,20.70,76.48
12.10,12.10,10.56,17.08,72.29
12.60,12.60,11.50,15.19,73.82
15.00,15.00,11.68,14.06,72.26
16.37,16.37,12.78,16.97,73.16
14.32,14.32,11.50,15.04,71.23
20.82,20.82,10.54,11.73,71.72
21.42,21.42,12.22,5.21,73.91
23.62,23.62,14.68,9.68,73.12
25.50,25.50,16.70,12.88,72.24
21.32,21.32,14.66,8.50,71.73
20.21,20.21,18.69,14.69,72.21
19.20,19.20,17.81,12.20,68.94
22.09,22.09,22.63,14.12,73.33
23.36,23.36,25.22,18.18,70.64
29.19,29.19,23.16,11.36,69.84
29.96,29.96,21.01,12.88,72.88
28.30,28.30,25.76,14.28,68.41
26.33,26.33,22.92,10.35,69.69
24.67,24.67,21.87,9.26,69.87
30.94,30.94,22.70,7.60,67.94
28.58,28.58,28.58,11.28,66.99
29.28,29.28,26.27,11.70,70.25
25.61,25.61,25.70,7.01,67.81
26.68,26.68,26.69,7.82,69.36
26.17,26.17,26.23,9.05,68.49
31.41,31.41,28.18,8.94,68.44
31.16,31.16,28.53,9.97,69.43
31.00,31.00,28.83,12.68,67.27
35.60,35.60,29.21,14.26,67.46
34.01,34.01,31.75,14.60,66.03
35.51,35.51,30.48,10.24,69.97
34.96,34.96,31.21,12.72,66.49
35.69,35.69,33.51,13.05,69.15
34.26,34.26,30.98,11.44,66.11
33.67,33.67,29.77,9.19,69.06
32.39,32.39,31.25,10.52,66.89
32.33,32.33,30.33,10.48,67.43
32.09,32.09,32.24,13.41,66.90
32.95,32.95,30.70,14.24,67.50
32.20,32.20,32.64,13.58,65.31
31.91,31.91,34.21,12.04,66.74
34.63,34.63,32.95,8.31,67.40
35.58,35.58,32.09,9.76,65.79
33.44,33.44,30.91,9.64,66.03
32.87,32.87,33.51,13.29,66.17
33.08,33.08,34.11,15.94,66.08
35.06,35.06,33.07,12.21,65.19
35.03,35.03,32.38,12.74,67.07
36.97,36.97,33.95,14.44,63.42
35.28,35.28,32.77,14.64,66.00
37.83,37.83,32.77,13.73,63.94
37.31,37.31,33.09,14.93,65.39
35.07,35.07,36.73,13.12,64.11
36.34,36.34,35.96,11.43,63.43
34.66,34.66,35.23,11.01,64.50
34.98,34.98,34.48,12.96,63.17
36.50,36.50,31.88,15.03,64.28
31.47,31.47,27.08,14.02,63.91
16.24,16.24,19.89,9.67,63.85
8.69,8.69,16.17,14.59,69.06
14.76,14.76,15.93,18.88,75.43
16.64,16.64,21.07,20.70,72.93
20.62,20.62,18.82,25.73,75.15
23.52,23.52,20.51,23.21,74.30
25.45,25.45,23.74,24.53,72.90
24.19,24.19,23.10,29.37,71.15
23.74,23.74,25.90,27.32,70.57
22.88,22.88,25.38,25.14,68.09
23.24,23.24,30.16,22.51,68.52
25.46,25.46,31.10,22.03,69.26
30.89,30.89,29.15,15.10,68.68
29.97,29.97,28.19,17.82,64.74
32.47,32.47,29.58,15.70,65.39
32.80,32.80,29.52,18.11,66.07
34.53,34.53,32.05,18.99,64.61
34.33,34.33,33.71,16.80,64.70
33.29,33.29,34.67,20.13,64.15
33.33,33.33,33.16,19.21,62.26
32.73,32.73,31.01,18.53,63.37
32.51,32.51,34.62,20.46,64.58
31.16,31.16,33.58,20.60,62.87
32.08,32.08,32.87,19.74,63.44
31.95,31.95,32.76,17.76,60.69
30.86,30.86,34.72,24.33,61.78
30.50,30.50,32.85,20.07,59.32
29.69,29.69,33.79,21.83,61.90
29.00,29.00,31.71,21.11,61.66
30.88,30.88,34.92,24.91,63.07
28.93,28.93,31.23,14.29,62.63
29.35,29.35,32.76,23.13,61.73
29.69,29.69,30.90,17.43,61.60
30.77,30.77,33.42,19.93,61.63
31.05,31.05,32.28,17.00,63.97
30.09,30.09,34.62,22.19,60.52
29.34,29.34,33.02,19.77,63.58
33.14,33.14,36.64,26.22,62.25
31.35,31.35,34.85,22.45,62.61
28.41,28.41,33.62,24.48,62.93
29.18,29.18,36.18,28.49,61.16
31.48,31.48,35.19,27.05,60.53
31.04,31.04,35.60,27.28,61.46
31.94,31.94,36.91,28.32,62.44
33.22,33.22,38.20,29.67,58.22
32.61,32.61,38.87,31.80,60.05
32.68,32.68,38.13,30.08,57.40
31.35,31.35,40.10,31.59,56.39
33.86,33.86,40.72,33.68,56.25
32.24,32.24,38.02,29.59,54.04
33.56,33.56,41.11,35.92,52.70
32.06,32.06,41.08,37.52,51.49
32.34,32.34,41.79,35.42,51.11
34.03,34.03,40.87,35.28,51.73
33.22,33.22,41.96,35.66,52.36
31.45,31.45,42.41,37.45,51.73
29.76,29.76,43.79,35.53,53.17
28.58,28.58,44.46,34.45,53.47
29.12,29.12,45.31,34.35,51.68
29.85,29.85,42.11,31.84,51.15
31.05,31.05,41.73,30.98,49.16
32.13,32.13,44.21,33.71,49.45
31.37,31.37,41.29,31.88,48.98
33.88,33.88,41.38,35.22,47.08
33.22,33.22,39.91,36.95,46.31
34.75,34.75,42.04,37.52,48.26
31.40,31.40,41.51,33.33,47.57
33.58,33.58,44.52,35.25,49.07
32.29,32.29,43.41,34.90,49.63
31.65,31.65,42.90,31.47,49.68
32.66,32.66,42.71,33.21,49.92
34.21,34.21,41.73,32.41,49.84
32.59,32.59,41.23,32.04,49.24
31.20,31.20,42.66,31.72,49.99
32.45,32.45,41.39,31.72,49.68
32.20,32.20,42.57,34.20,51.84
30.63,30.63,40.73,32.50,51.68
33.44,33.44,40.59,32.09,53.21
32.77,32.77,43.11,33.07,53.11
32.80,32.80,41.96,30.84,52.87
33.83,33.83,42.80,29.82,52.33
34.59,34.59,41.66,32.81,52.55
34.53,34.53,38.08,35.01,51.12
34.29,34.29,41.07,35.80,52.14
34.84,34.84,39.81,34.98,51.80
34.54,34.54,37.78,35.26,52.72
31.58,31.58,38.40,33.47,52.29
28.33,28.33,32.36,28.53,54.33
22.61,22.61,25.83,32.33,54.02
10.32,10.32,18.73,31.73,54.16
1.16,1.16,21.65,25.29,54.69
0.23,0.23,18.81,25.63,83.24
-0.00,-0.00,15.82,18.85,84.02
0.00,0.00,11.28,12.96,85.15
0.43,0.43,4.55,19.56,86.85
0.84,0.84,2.47,21.46,85.65
0.09,0.09,1.10,20.52,85.20
0.03,0.03,1.39,26.17,84.17
0.09,0.09,5.20,24.36,83.80
0.32,0.32,10.99,21.57,83.74
0.22,0.22,14.93,23.71,83.30
0.46,0.46,15.33,18.54,81.85
0.85,0.85,15.45,26.28,82.55
0.56,0.56,14.51,18.42,83.38
1.49,1.49,11.50,27.78,83.08
3.01,3.01,10.14,20.41,81.79
2.25,2.25,11.03,17.47,82.64
0.18,0.18,11.62,25.37,81.76
0.07,0.07,8.16,23.88,80.63
0.11,0.11,5.04,20.83,80.83
0.25,0.25,5.05,20.16,82.26
0.29,0.29,4.74,23.96,80.22
0.11,0.11,5.23,25.52,80.70
0.02,0.02,4.02,23.29,80.83
0.09,0.09,7.98,21.29,79.37
0.98,0.98,13.24,27.31,79.01
1.39,1.39,11.94,22.15,79.98
2.09,2.09,10.45,19.00,78.41
1.81,1.81,13.58,23.13,80.42
2.50,2.50,14.21,21.10,77.48
3.78,3.78,11.56,23.28,78.17
7.52,7.52,11.44,21.68,77.87
6.36,6.36,9.00,21.28,78.13
5.37,5.37,11.92,23.71,75.73
4.03,4.03,7.83,15.80,77.58
2.81,2.81,7.12,21.23,76.98
3.16,3.16,5.62,22.09,78.09
6.22,6.22,6.38,18.66,77.15
6.24,6.24,9.38,20.65,78.74
6.74,6.74,10.56,16.71,76.82
6.10,6.10,11.54,22.17,77.47
5.73,5.73,7.98,17.42,77.80
5.08,5.08,9.50,25.14,75.56
5.42,5.42,12.83,18.90,76.51
6.67,6.67,10.50,17.88,77.69
8.42,8.42,9.46,14.83,76.18
8.82,8.82,10.20,18.63,74.92
7.90,7.90,11.79,17.54,77.75
8.25,8.25,10.52,21.43,77.24
6.16,6.16,12.34,24.14,76.84
6.42,6.42,9.53,16.11,78.77
6.17,6.17,10.66,24.07,77.15
8.42,8.42,10.61,18.33,76.77
10.83,10.83,8.31,19.97,77.02
7.75,7.75,10.71,13.35,78.10
5.56,5.56,9.47,18.01,75.07
6.59,6.59,10.89,21.38,75.48
5.40,5.40,10.43,9.53,76.52
5.46,5.46,10.46,15.07,74.02
5.61,5.61,11.63,20.77,73.18
5.17,5.17,10.82,16.47,74.93
9.11,9.11,13.36,25.28,76.71
10.06,10.06,10.90,11.72,73.45
10.63,10.63,10.92,13.93,74.09
14.67,14.67,13.76,19.26,76.19
12.66,12.66,13.50,18.45,73.73
8.07,8.07,13.75,21.76,72.29
5.05,5.05,12.83,22.64,74.72
6.45,6.45,14.30,21.74,72.10
5.61,5.61,15.23,22.58,71.95
7.12,7.12,15.28,25.56,72.93
11.31,11.31,17.50,28.81,74.02
11.51,11.51,18.28,27.11,73.32
11.92,11.92,18.23,25.49,73.86
10.37,10.37,16.16,23.47,74.25
11.71,11.71,15.49,22.46,71.70
10.61,10.61,16.56,27.24,72.69
10.10,10.10,18.12,30.23,72.03
10.78,10.78,19.37,28.20,73.00
10.71,10.71,21.30,32.93,72.47
9.54,9.54,19.48,21.12,71.85
9.17,9.17,19.84,26.26,73.60
7.58,7.58,17.69,22.13,71.69
8.51,8.51,18.01,20.23,71.88
8.51,8.51,20.03,27.77,71.99
8.15,8.15,15.77,17.22,70.48
8.72,8.72,17.46,22.04,71.61
8.31,8.31,16.88,25.96,70.95
5.86,5.86,17.72,18.17,70.95
5.92,5.92,19.58,22.85,70.52
7.02,7.02,19.34,24.52,72.48
8.09,8.09,17.51,22.12,71.02
7.24,7.24,13.95,17.69,68.72
6.27,6.27,16.11,20.25,69.82
8.39,8.39,18.58,23.84,71.11
8.36,8.36,18.50,23.21,70.89
11.65,11.65,17.76,16.18,70.67
13.77,13.77,17.89,22.46,69.63
12.50,12.50,18.68,24.37,70.50
11.82,11.82,19.08,20.36,72.23
11.43,11.43,16.77,23.19,72.25
12.13,12.13,16.18,18.73,71.97
10.91,10.91,17.15,26.01,69.60
12.15,12.15,13.86,23.18,70.60
14.62,14.62,15.78,17.90,71.04
15.08,15.08,16.87,22.05,71.78
15.61,15.61,17.01,18.48,72.32
15.52,15.52,15.85,17.62,71.13
16.61,16.61,16.90,26.22,71.42
14.07,14.07,14.96,21.20,69.82
14.99,14.99,17.46,20.92,70.39
14.36,14.36,17.56,25.11,69.01
13.07,13.07,16.13,24.54,69.68
12.89,12.89,15.55,17.54,68.61
11.33,11.33,15.70,20.70,72.18
10.90,10.90,13.80,16.42,72.09
12.31,12.31,15.75,22.05,70.29
12.18,12.18,16.82,15.69,71.58
13.02,13.02,14.59,15.99,70.94
12.02,12.02,16.98,19.41,69.81
13.17,13.17,17.75,23.25,69.80
13.24,13.24,19.23,23.10,68.18
15.12,15.12,15.51,16.78,68.16
15.69,15.69,15.17,17.84,69.36
12.78,12.78,16.86,19.60,70.38
9.29,9.29,18.22,23.01,71.27
9.37,9.37,16.30,18.00,71.94
9.29,9.29,17.56,22.78,71.31
11.96,11.96,16.32,22.93,71.21
16.15,16.15,17.80,18.82,70.81
16.33,16.33,20.23,21.28,69.81
12.26,12.26,17.16,19.69,69.29
9.57,9.57,19.45,20.00,70.82
10.94,10.94,20.32,19.16,71.87
11.97,11.97,17.73,22.34,72.03
11.35,11.35,17.89,22.56,72.92
10.48,10.48,16.82,21.15,72.85
10.64,10.64,16.43,18.23,71.25
13.85,13.85,19.87,19.46,71.07
12.10,12.10,19.12,22.27,67.24
10.98,10.98,17.90,14.92,68.01
13.75,13.75,18.07,18.01,67.88
13.51,13.51,18.97,16.25,68.30
12.72,12.72,18.64,11.60,67.52
14.22,14.22,15.03,12.52,67.96
17.13,17.13,18.20,19.72,69.37
16.71,16.71,19.51,15.11,68.76
12.79,12.79,17.89,14.66,69.15
11.84,11.84,19.12,17.38,70.52
11.04,11.04,18.03,18.75,67.99
12.74,12.74,18.63,19.24,67.84
12.60,12.60,17.73,16.92,69.28
14.81,14.81,19.36,16.59,68.09
15.32,15.32,18.35,17.10,65.18
16.82,16.82,18.27,14.99,66.52
14.83,14.83,18.69,13.69,67.87
13.08,13.08,16.00,12.87,67.56
14.70,14.70,17.75,15.01,69.13
15.37,15.37,16.46,20.68,68.99
16.97,16.97,16.51,17.20,69.71
18.08,18.08,15.38,17.40,68.77
16.60,16.60,15.76,16.09,69.79
15.89,15.89,17.47,19.04,70.48
16.31,16.31,19.57,20.40,70.58
16.52,16.52,18.61,16.16,67.19
16.26,16.26,18.61,18.75,67.37
15.95,15.95,18.96,18.37,66.38
16.71,16.71,21.44,18.79,66.16
17.17,17.17,19.80,15.50,67.90
17.37,17.37,17.60,15.89,67.04
21.83,21.83,18.34,15.86,69.77
20.06,20.06,21.44,14.75,67.83
19.93,19.93,19.45,16.03,69.65
18.60,18.60,19.71,16.17,68.49
17.84,17.84,19.33,19.37,65.88
16.08,16.08,18.74,17.48,66.63
16.13,16.13,18.92,16.42,68.50
18.48,18.48,21.20,18.51,71.01
18.28,18.28,20.89,20.37,69.06
18.13,18.13,20.92,14.38,71.62
19.12,19.12,23.89,21.62,68.24
19.64,19.64,21.70,18.29,67.99
17.84,17.84,18.55,14.09,65.95
17.79,17.79,19.02,11.89,65.90
18.57,18.57,19.04,16.00,64.83
18.66,18.66,19.28,16.84,65.05
18.37,18.37,19.26,18.62,66.88
19.50,19.50,22.55,18.23,66.56
20.76,20.76,19.63,16.75,67.76
20.65,20.65,22.45,19.05,68.50
19.54,19.54,20.81,18.38,68.69
21.48,21.48,23.09,22.28,67.88
19.59,19.59,21.10,18.19,68.41
19.54,19.54,24.76,19.00,67.90
20.41,20.41,24.15,19.91,67.57
20.84,20.84,23.57,22.58,65.78
20.28,20.28,19.59,17.74,65.91
20.54,20.54,19.60,18.14,67.20
23.19,23.19,22.77,20.98,67.02
22.75,22.75,20.05,18.34,70.43
22.27,22.27,20.65,20.38,70.65
23.15,23.15,20.31,22.83,69.05
25.49,25.49,22.07,23.86,66.27
23.40,23.40,21.62,19.48,66.38
23.61,23.61,20.58,21.60,64.85
26.07,26.07,22.01,19.31,66.06
27.22,27.22,22.19,19.44,67.63
22.28,22.28,23.27,15.19,66.64
20.91,20.91,24.78,13.10,68.94
24.01,24.01,25.69,19.78,68.41
24.60,24.60,25.88,18.88,69.98
25.93,25.93,26.11,19.59,68.90
27.50,27.50,27.80,14.82,68.70
26.91,26.91,25.10,11.63,67.13
25.16,25.16,19.62,12.81,66.35
23.02,23.02,26.42,19.15,65.80
22.59,22.59,26.82,16.24,67.47
22.06,22.06,27.11,17.87,65.01
21.64,21.64,25.40,18.44,65.44
23.15,23.15,25.91,17.74,64.43
23.66,23.66,29.94,23.55,67.57
21.91,21.91,30.05,18.23,64.74
21.05,21.05,30.09,25.07,64.79
25.56,25.56,29.25,21.32,65.79
22.88,22.88,27.84,14.81,63.84
25.89,25.89,32.46,22.94,67.26
26.04,26.04,28.95,20.44,66.18
23.88,23.88,30.39,24.78,63.68
24.76,24.76,29.90,20.77,64.78
26.79,26.79,32.76,26.27,64.38
27.45,27.45,31.56,25.41,61.99
25.61,25.61,31.75,27.48,64.04
24.21,24.21,28.96,22.92,64.69
27.59,27.59,35.64,26.30,63.57
29.05,29.05,31.60,24.47,64.56
27.62,27.62,29.40,15.92,67.17
30.57,30.57,30.55,22.20,64.53
29.07,29.07,34.27,20.18,65.96
28.15,28.15,32.30,17.97,66.83
29.23,29.23,33.52,22.09,65.25
27.79,27.79,33.69,16.16,63.58
29.31,29.31,33.08,13.46,63.42
28.54,28.54,37.91,15.92,65.53
30.64,30.64,32.01,14.48,63.38
31.46,31.46,37.28,17.30,66.17
33.06,33.06,34.40,16.23,66.75
32.83,32.83,36.82,8.33,66.07
34.54,34.54,34.79,17.04,64.86
32.31,32.31,40.34,23.65,65.30
31.36,31.36,36.08,19.13,64.15
30.13,30.13,39.38,25.24,61.97
32.58,32.58,37.88,25.58,62.63
31.09,31.09,40.67,28.38,63.07
30.13,30.13,39.80,30.36,62.86
31.91,31.91,36.85,26.74,61.53
33.78,33.78,39.50,29.76,62.74
34.51,34.51,37.80,29.02,62.96
32.16,32.16,39.27,29.78,62.33
33.56,33.56,37.29,28.57,61.64
32.40,32.40,39.88,29.50,61.53
32.63,32.63,37.07,28.67,57.62
31.59,31.59,39.39,29.84,59.27
33.71,33.71,37.29,29.01,59.70
33.23,33.23,40.20,30.78,61.27
32.02,32.02,35.11,28.22,60.52
29.63,29.63,39.93,29.81,62.86
29.10,29.10,36.77,29.72,62.44
30.06,30.06,37.83,29.10,62.08
31.27,31.27,37.78,28.66,62.70
31.15,31.15,39.00,29.22,63.82
29.19,29.19,39.00,29.21,61.79
30.18,30.18,40.81,31.19,62.00
30.12,30.12,35.66,28.88,64.49
30.90,30.90,39.81,31.06,65.92
32.37,32.37,38.93,28.85,65.98
32.32,32.32,40.43,31.35,65.54
32.82,32.82,38.38,29.73,66.44
30.73,30.73,42.50,33.22,64.07
32.01,32.01,40.36,31.28,64.73
29.82,29.82,41.13,33.35,63.32
31.26,31.26,41.80,32.91,64.39
34.94,34.94,40.87,34.17,62.32
30.65,30.65,41.82,34.59,62.99
31.80,31.80,41.57,33.92,63.55
30.93,30.93,41.19,34.65,62.00
30.34,30.34,41.49,35.20,62.31
30.75,30.75,42.09,35.64,61.27
30.31,30.31,42.75,34.28,62.32
30.86,30.86,43.29,37.68,61.06
30.22,30.22,41.43,35.12,60.46
31.37,31.37,43.54,37.83,60.83
30.03,30.03,40.12,31.84,57.88
29.73,29.73,43.90,38.37,60.11
31.28,31.28,40.60,31.75,60.22
32.00,32.00,42.61,36.82,60.60
30.73,30.73,41.74,33.27,59.93
30.43,30.43,43.45,38.48,60.76
30.78,30.78,41.71,32.61,60.91
29.29,29.29,41.61,36.97,61.52
29.51,29.51,42.03,36.60,59.75
29.69,29.69,41.93,34.35,61.59
31.03,31.03,43.15,37.02,60.79
31.49,31.49,41.35,33.04,59.59
32.98,32.98,44.22,38.81,60.65
28.49,28.49,41.98,33.05,59.87
30.48,30.48,44.54,39.99,58.38
33.44,33.44,42.68,31.32,61.37
31.88,31.88,45.45,40.00,60.88
31.82,31.82,41.73,35.01,61.42
32.38,32.38,47.06,41.47,61.14
31.35,31.35,41.94,34.78,61.30
30.84,30.84,47.19,41.79,61.15
32.32,32.32,45.73,38.57,60.34
31.35,31.35,48.55,42.69,59.40
32.43,32.43,48.64,41.78,59.16
33.18,33.18,48.12,41.25,56.81
33.48,33.48,46.44,40.17,55.57
32.25,32.25,47.28,37.77,56.82
32.24,32.24,47.14,37.35,56.89
31.19,31.19,45.22,33.95,57.40
31.79,31.79,45.57,35.35,57.81
33.11,33.11,43.65,32.80,56.82
32.05,32.05,45.31,35.57,54.70
31.28,31.28,41.62,30.62,51.64
31.56,31.56,43.51,36.84,46.67
32.00,32.00,43.62,35.95,42.16
31.15,31.15,42.97,30.58,37.37
32.51,32.51,43.06,34.59,37.78
33.01,33.01,45.09,35.20,40.83
32.19,32.19,44.78,39.01,41.92
32.51,32.51,44.31,37.32,43.45
32.22,32.22,45.30,36.48,45.95
32.19,32.19,45.18,37.35,47.19
33.08,33.08,45.20,37.78,46.88
32.50,32.50,43.83,36.07,46.44
30.48,30.48,42.86,35.76,45.30
32.63,32.63,42.47,35.19,43.32
32.15,32.15,42.40,34.79,40.55
32.32,32.32,40.85,32.42,38.88
33.22,33.22,38.63,31.30,39.81
35.20,35.20,40.80,31.17,40.67
35.65,35.65,40.18,32.74,41.33
35.97,35.97,39.78,30.19,43.47
34.85,34.85,38.95,32.16,44.75
35.12,35.12,36.93,32.85,43.59
34.96,34.96,33.60,27.95,39.54
31.39,31.39,30.49,26.63,38.04
23.73,23.73,23.44,24.12,43.37
10.53,10.53,19.21,19.33,44.18
5.98,5.98,16.51,15.86,51.04
0.21,0.21,16.38,19.40,81.15
0.34,0.34,9.01,6.84,85.89
5.36,5.36,7.29,7.06,86.33
13.76,13.76,4.21,8.48,85.61
17.19,17.19,5.03,3.13,85.46
16.63,16.63,7.77,14.72,84.48
12.46,12.46,9.96,8.57,85.12
13.07,13.07,15.93,20.75,82.76
12.66,12.66,18.63,12.26,84.14
12.83,12.83,21.15,9.57,82.67
10.58,10.58,22.59,18.67,83.80
8.67,8.67,23.05,12.09,83.47
7.34,7.34,20.84,12.49,82.77
8.21,8.21,18.54,15.84,83.66
10.63,10.63,16.73,18.95,82.82
9.86,9.86,19.73,16.43,83.33
9.54,9.54,22.19,15.16,82.44
11.37,11.37,22.19,18.03,82.67
15.20,15.20,21.73,19.39,82.11
13.94,13.94,24.22,10.49,83.01
11.65,11.65,25.93,10.36,83.06
10.72,10.72,21.59,15.62,82.96
10.91,10.91,16.06,17.33,82.11
12.15,12.15,17.61,21.69,82.23
12.91,12.91,17.66,19.92,82.43
12.99,12.99,15.72,16.89,81.65
15.01,15.01,11.53,17.90,82.06
14.51,14.51,11.44,13.81,80.44
16.27,16.27,12.61,7.51,81.32
14.39,14.39,12.52,15.03,79.52
15.34,15.34,14.24,17.21,80.95
14.49,14.49,12.80,20.04,79.69
16.75,16.75,13.72,20.74,80.49
16.72,16.72,13.78,8.77,79.34
13.14,13.14,13.16,12.17,80.15
12.39,12.39,15.33,21.44,79.04
15.09,15.09,14.82,19.38,79.75
14.52,14.52,12.18,15.99,79.74
15.92,15.92,13.45,17.70,79.48
14.82,14.82,16.29,15.21,77.98
15.67,15.67,16.37,16.17,77.82
16.98,16.98,18.87,7.61,77.64
16.40,16.40,22.07,6.83,78.11
13.60,13.60,22.55,20.44,78.05
14.65,14.65,23.38,19.27,76.65
15.24,15.24,22.63,18.87,78.02
15.70,15.70,21.63,21.09,76.28
15.96,15.96,21.47,16.23,76.97
16.89,16.89,20.04,18.60,75.03
18.03,18.03,17.83,17.90,75.99
16.83,16.83,18.21,19.04,76.06
18.77,18.77,17.43,21.33,76.09
18.70,18.70,16.57,17.98,74.45
20.44,20.44,18.40,13.81,75.50
19.35,19.35,16.62,11.81,75.17
17.96,17.96,15.29,13.34,74.88
21.88,21.88,17.02,16.79,74.86
22.55,22.55,16.74,10.39,74.47
22.93,22.93,17.80,14.74,75.65
23.86,23.86,18.31,17.11,74.97
23.64,23.64,18.24,16.02,75.67
22.86,22.86,18.21,11.99,75.53
17.40,17.40,15.16,22.24,76.03
11.68,11.68,10.27,15.93,75.75
4.00,4.00,5.00,11.64,75.49
0.02,0.02,1.33,13.18,79.49
0.86,0.86,0.46,9.43,86.30
11.85,11.85,0.21,2.55,88.15
17.37,17.37,0.18,0.64,87.78
17.52,17.52,0.20,0.12,87.01
13.42,13.42,0.61,6.23,86.65
10.72,10.72,1.02,11.14,85.90
11.36,11.36,1.68,8.77,85.26
9.84,9.84,2.06,7.47,87.25
10.61,10.61,3.61,9.17,85.00
10.23,10.23,5.97,12.49,85.52
12.69,12.69,6.65,15.47,84.80
9.00,9.00,4.59,12.19,84.15
8.33,8.33,8.96,9.97,83.40
8.49,8.49,6.59,14.49,82.40
8.41,8.41,10.70,11.13,81.27
11.47,11.47,12.59,17.33,82.67
13.35,13.35,12.55,23.38,82.14
9.19,9.19,7.77,9.53,81.42
7.72,7.72,10.64,15.45,82.06
8.95,8.95,14.18,6.41,79.31
8.88,8.88,16.26,14.92,80.78
9.02,9.02,14.64,20.04,78.09
8.35,8.35,16.76,15.59,79.70
7.83,7.83,19.21,7.73,79.45
10.71,10.71,17.95,7.30,80.07
11.60,11.60,17.40,12.13,79.16
11.88,11.88,16.17,13.86,78.65
12.25,12.25,17.37,5.02,76.14
10.78,10.78,16.77,18.09,78.45
12.49,12.49,20.19,17.79,76.89
14.53,14.53,23.72,17.75,77.01
15.76,15.76,22.89,22.94,77.46
14.71,14.71,20.01,20.81,76.92
13.79,13.79,15.13,11.23,76.16
17.19,17.19,15.34,4.95,76.04
16.01,16.01,16.97,11.76,75.58
17.41,17.41,19.87,14.59,76.67
14.69,14.69,22.41,19.45,74.80
16.67,16.67,24.08,16.72,76.30
16.07,16.07,22.81,19.85,74.12
16.33,16.33,20.55,15.77,75.48
16.30,16.30,19.41,13.89,75.50
18.42,18.42,20.27,12.27,74.47
15.79,15.79,15.87,16.04,73.28
17.54,17.54,15.24,21.76,73.55
20.05,20.05,13.90,18.70,74.74
18.47,18.47,17.58,14.66,73.28
19.68,19.68,16.57,16.12,74.99
17.30,17.30,14.51,12.15,75.13
18.16,18.16,16.91,14.87,75.91
17.40,17.40,18.51,15.96,73.52
16.63,16.63,18.05,19.70,74.16
18.26,18.26,17.41,15.87,73.31
18.53,18.53,17.52,19.02,74.75
19.57,19.57,12.39,9.15,73.73
19.94,19.94,19.21,10.75,73.46
19.12,19.12,18.72,18.76,72.72
17.02,17.02,20.10,23.00,71.54
18.37,18.37,17.88,18.78,72.77
15.51,15.51,15.08,13.85,72.78
17.17,17.17,13.76,8.26,71.37
18.92,18.92,18.91,18.63,70.68
22.47,22.47,20.58,21.20,70.57
27.12,27.12,20.54,17.32,70.73
22.88,22.88,22.04,17.07,70.70
20.24,20.24,24.63,23.28,70.60
19.39,19.39,21.12,16.92,70.65
19.87,19.87,18.77,12.77,71.60
18.16,18.16,22.65,19.32,70.09
17.56,17.56,19.30,9.48,71.96
13.81,13.81,20.24,11.44,70.52
14.77,14.77,19.81,16.37,70.28
13.84,13.84,17.93,4.60,68.64
16.70,16.70,21.90,15.88,72.37
15.15,15.15,19.27,9.57,70.74
17.55,17.55,19.85,12.96,71.02
18.64,18.64,21.51,13.16,68.71
17.92,17.92,23.34,14.87,69.35
15.92,15.92,27.14,17.58,68.17
15.19,15.19,27.05,16.89,70.30
15.63,15.63,24.31,13.72,69.30
14.36,14.36,21.40,15.25,70.12
16.25,16.25,20.89,12.86,70.48
14.96,14.96,22.91,16.54,72.19
18.10,18.10,22.01,16.93,69.67
16.06,16.06,17.85,11.32,68.09
17.55,17.55,20.20,10.58,70.45
18.72,18.72,22.85,15.53,68.90
17.33,17.33,21.78,12.41,67.68
14.03,14.03,20.20,13.32,68.82
14.58,14.58,19.36,13.14,68.43
14.83,14.83,18.07,12.65,66.33
15.36,15.36,20.11,12.54,66.41
17.44,17.44,24.30,17.89,67.59
16.93,16.93,23.89,19.00,66.87
16.27,16.27,22.60,11.77,67.74
13.99,13.99,18.37,8.16,65.31
16.41,16.41,19.55,10.57,67.71
20.80,20.80,21.04,7.63,65.94
20.01,20.01,20.28,11.46,67.48
17.17,17.17,22.70,16.10,67.61
16.04,16.04,22.85,9.25,65.62
14.90,14.90,18.96,12.60,65.78
15.13,15.13,20.11,11.48,68.34
15.17,15.17,19.28,9.32,68.41
16.24,16.24,17.98,14.59,67.43
16.00,16.00,19.77,16.79,68.56
17.83,17.83,16.54,12.86,68.60
19.47,19.47,18.90,14.58,70.98
21.88,21.88,20.26,9.23,68.14
23.57,23.57,19.33,12.59,68.74
22.47,22.47,20.46,10.72,67.51
20.44,20.44,19.57,11.90,66.82
17.03,17.03,21.13,11.85,67.15
17.41,17.41,19.51,12.26,65.87
16.13,16.13,19.29,11.71,67.17
17.99,17.99,18.65,14.10,67.17
19.89,19.89,19.18,15.42,69.34
20.39,20.39,20.63,15.62,66.98
25.37,25.37,23.21,14.58,68.62
24.55,24.55,24.70,9.99,69.86
25.43,25.43,25.38,9.49,69.16
24.36,24.36,23.84,12.19,65.97
20.44,20.44,22.15,11.04,66.89
19.03,19.03,22.69,11.75,67.11
20.52,20.52,20.76,13.58,66.62
25.22,25.22,25.83,14.22,66.95
27.87,27.87,24.67,10.70,67.98
28.34,28.34,25.04,11.00,66.92
26.53,26.53,24.30,10.66,64.73
24.41,24.41,21.96,9.95,64.01
25.97,25.97,23.66,9.27,62.07
25.23,25.23,25.73,12.92,62.88
25.36,25.36,27.08,20.37,64.81
23.74,23.74,22.59,17.04,65.43
24.71,24.71,23.86,17.31,66.91
24.90,24.90,23.29,17.96,67.37
25.19,25.19,22.97,11.93,68.23
26.33,26.33,23.13,19.39,67.35
30.32,30.32,25.18,17.32,67.32
32.91,32.91,27.30,16.41,67.63
35.24,35.24,28.89,18.28,65.92
35.28,35.28,28.67,19.69,61.82
31.84,31.84,29.28,25.09,64.39
26.47,26.47,26.05,18.39,61.12
23.45,23.45,28.47,22.35,63.85
24.10,24.10,25.69,31.26,63.63
24.63,24.63,27.52,34.68,62.08
26.30,26.30,25.97,32.06,62.43
25.68,25.68,25.42,35.31,61.41
28.60,28.60,27.81,38.09,64.08
31.77,31.77,27.35,38.28,62.88
33.36,33.36,28.36,38.02,63.18
33.63,33.63,31.80,41.13,64.61
33.15,33.15,31.90,40.97,62.89
28.97,28.97,30.35,38.09,62.42
26.68,26.68,29.88,39.41,62.02
26.49,26.49,31.91,40.22,62.12
25.64,25.64,30.65,40.16,59.85
27.66,27.66,30.18,38.97,61.58
30.03,30.03,31.36,39.62,58.39
32.84,32.84,33.79,41.27,62.15
32.08,32.08,33.67,41.07,59.59
32.20,32.20,33.62,42.43,61.00
31.54,31.54,32.34,38.55,59.40
27.34,27.34,31.68,40.19,61.88
25.85,25.85,33.49,41.75,60.70
28.15,28.15,32.85,40.53,60.08
28.72,28.72,32.24,39.69,60.82
27.04,27.04,32.55,40.79,59.73
28.38,28.38,33.78,42.03,62.04
31.71,31.71,33.43,40.66,62.25
32.16,32.16,34.78,41.83,63.25
32.96,32.96,35.42,42.10,59.33
31.17,31.17,36.56,41.38,60.97
30.19,30.19,37.41,43.83,59.00
27.57,27.57,34.74,41.95,60.83
26.15,26.15,36.08,42.53,58.82
27.99,27.99,37.33,42.08,61.85
29.78,29.78,37.69,42.71,57.67
29.02,29.02,33.12,39.41,60.20
29.10,29.10,35.37,40.45,58.87
32.07,32.07,36.61,39.55,60.68
30.91,30.91,36.63,39.29,60.40
33.43,33.43,36.32,40.13,60.15
34.78,34.78,35.18,37.68,59.57
31.00,31.00,34.47,39.16,59.03
29.14,29.14,36.39,40.45,58.23
31.19,31.19,33.11,33.59,58.47
30.40,30.40,34.19,35.70,59.25
30.19,30.19,34.57,36.43,62.18
30.51,30.51,36.37,37.05,61.73
29.90,29.90,34.25,34.84,61.02
29.60,29.60,34.22,36.98,60.97
30.05,30.05,34.78,36.34,59.58
29.44,29.44,36.18,37.44,59.48
26.65,26.65,35.53,39.48,60.72
27.06,27.06,34.23,33.91,60.94
30.15,30.15,35.43,34.55,61.65
27.99,27.99,34.12,37.56,62.12
27.51,27.51,33.53,34.32,60.56
27.41,27.41,33.21,35.50,60.38
27.25,27.25,32.83,34.86,57.58
27.60,27.60,34.32,36.05,60.28
28.49,28.49,34.61,35.36,58.44
28.37,28.37,32.48,32.83,61.31
28.98,28.98,32.81,29.50,61.84
27.90,27.90,35.16,34.09,61.72
27.31,27.31,34.88,35.26,59.38
29.89,29.89,34.43,34.32,59.41
29.83,29.83,34.29,34.93,58.52
28.53,28.53,33.85,36.09,58.23
30.68,30.68,33.91,33.97,60.22
28.17,28.17,32.52,30.70,59.62
30.45,30.45,33.74,29.74,60.87
30.09,30.09,34.57,30.10,59.41
29.87,29.87,33.52,29.63,59.32
29.27,29.27,34.81,25.82,58.49
30.81,30.81,38.44,27.64,59.49
29.07,29.07,36.44,26.24,57.64
28.29,28.29,36.14,27.53,60.88
28.92,28.92,37.07,30.73,58.75
29.73,29.73,36.05,27.71,58.61
28.88,28.88,37.23,25.08,59.46
28.51,28.51,36.00,29.07,59.80
31.40,31.40,35.85,25.49,59.53
29.41,29.41,33.87,24.15,60.17
29.80,29.80,33.29,22.35,57.70
28.48,28.48,34.23,27.24,58.31
31.39,31.39,35.67,23.21,59.06
31.75,31.75,37.00,22.65,58.65
30.17,30.17,37.76,21.17,57.93
30.36,30.36,36.63,25.63,60.09
30.72,30.72,38.50,25.44,59.28
31.64,31.64,38.10,26.37,60.23
30.93,30.93,38.26,24.38,58.00
31.58,31.58,36.92,25.68,58.94
31.22,31.22,35.40,25.18,58.00
32.60,32.60,35.87,21.95,58.39
33.04,33.04,37.15,26.85,58.91
33.47,33.47,36.01,23.47,58.81
34.90,34.90,37.36,23.86,58.19
34.45,34.45,38.13,31.96,58.29
34.41,34.41,38.67,27.92,57.39
35.25,35.25,37.75,26.56,56.34
34.23,34.23,37.66,25.38,58.55
35.41,35.41,37.97,23.80,58.16
35.28,35.28,38.38,27.10,59.88
35.45,35.45,37.37,24.59,57.75
36.24,36.24,36.34,19.77,56.93
35.83,35.83,36.60,23.43,58.05
35.71,35.71,34.98,28.81,57.34
36.89,36.89,36.95,27.44,57.29
35.38,35.38,34.81,23.52,59.34
36.37,36.37,37.55,26.73,56.98
35.68,35.68,37.18,29.95,57.22
37.04,37.04,40.15,28.04,58.28
36.63,36.63,39.24,24.85,58.02
36.74,36.74,36.72,23.35,57.49
34.72,34.72,37.61,24.09,57.85
35.85,35.85,38.14,24.11,57.40
36.19,36.19,38.86,19.43,57.67
36.98,36.98,38.98,28.43,58.47
36.95,36.95,38.19,27.03,58.62
35.74,35.74,36.74,24.43,58.57
36.83,36.83,39.08,29.72,58.59
35.81,35.81,39.07,24.29,59.39
35.09,35.09,38.41,20.59,59.12
36.13,36.13,39.10,20.62,59.54
37.20,37.20,40.16,24.42,59.10
34.99,34.99,40.63,25.87,59.47
37.19,37.19,39.98,26.68,59.92
36.59,36.59,39.92,25.30,59.90
36.21,36.21,38.33,26.11,59.41
35.87,35.87,39.36,26.68,59.69
36.14,36.14,37.04,23.43,59.07
36.34,36.34,37.86,26.84,59.22
37.33,37.33,37.48,24.27,59.50
37.40,37.40,36.84,24.40,59.31
37.74,37.74,38.20,28.49,59.48
38.37,38.37,39.58,29.07,59.54
36.25,36.25,37.85,29.55,59.31
36.33,36.33,36.84,24.91,59.68
29.76,29.76,33.79,29.76,60.01
16.99,16.99,27.22,25.76,58.51
4.25,4.25,24.76,24.02,61.71
0.61,0.61,25.69,29.39,74.76
-0.00,-0.00,25.74,25.95,75.55
-0.00,-0.00,19.88,17.32,76.42
-0.00,-0.00,17.73,15.54,80.88
-0.00,-0.00,9.59,13.97,82.43
2.62,2.62,4.17,9.54,82.63
2.07,2.07,2.04,8.09,85.87
11.45,11.45,4.37,11.56,83.75
9.87,9.87,9.56,11.46,87.09
0.94,0.94,8.20,11.20,83.09
3.55,3.55,5.67,17.05,84.56
11.21,11.21,8.56,12.71,82.76
6.96,6.96,8.79,8.54,85.13
11.52,11.52,9.65,12.71,83.30
21.23,21.23,10.94,23.63,84.56
11.21,11.21,10.55,16.38,83.32
10.45,10.45,8.96,11.30,81.89
2.78,2.78,9.25,13.71,80.41
3.90,3.90,10.09,16.54,80.29
7.80,7.80,9.68,14.45,79.72
13.63,13.63,7.25,16.94,81.27
5.23,5.23,11.11,16.45,80.54
6.18,6.18,10.05,9.71,80.37
13.34,13.34,9.84,8.72,80.58
13.35,13.35,10.01,14.45,78.20
17.68,17.68,9.08,9.14,80.86
25.21,25.21,10.87,23.95,77.76
10.21,10.21,9.66,15.31,78.67
22.89,22.89,9.89,21.75,78.29
23.44,23.44,11.28,14.98,78.54
18.29,18.29,12.55,15.39,77.51
13.17,13.17,11.69,9.66,78.37
18.72,18.72,10.69,15.51,75.79
14.33,14.33,11.06,18.26,78.60
15.73,15.73,13.81,14.19,77.61
13.60,13.60,13.79,15.51,76.80
15.83,15.83,13.29,14.48,79.00
16.99,16.99,13.25,16.38,78.66
16.37,16.37,11.65,13.17,75.82
13.97,13.97,11.95,9.30,75.88
18.17,18.17,14.64,15.81,74.11
15.45,15.45,11.43,11.15,74.52
15.46,15.46,14.45,14.11,74.78
17.27,17.27,15.26,15.01,76.51
17.51,17.51,15.74,17.30,74.39
19.10,19.10,13.01,17.66,75.39
17.70,17.70,10.50,15.25,74.64
18.65,18.65,13.31,13.97,73.36
16.21,16.21,11.91,15.95,75.57
17.96,17.96,11.48,14.51,73.98
18.44,18.44,14.29,17.54,76.40
15.67,15.67,11.57,14.03,74.12
17.87,17.87,12.80,14.66,75.43
17.50,17.50,14.18,17.14,71.93
18.24,18.24,14.92,17.00,72.49
19.84,19.84,13.59,13.29,72.45
19.19,19.19,14.04,13.09,74.52
17.73,17.73,13.24,17.49,71.54
14.37,14.37,17.03,19.13,74.40
14.65,14.65,20.84,18.69,72.23
16.10,16.10,25.77,21.06,73.63
15.67,15.67,25.25,15.47,72.80
16.42,16.42,26.92,13.18,73.61
17.82,17.82,23.62,19.71,74.44
17.87,17.87,18.86,9.12,71.50
19.03,19.03,21.72,8.62,72.34
16.62,16.62,19.84,16.90,71.37
12.77,12.77,18.77,15.83,72.36
12.28,12.28,21.06,14.43,72.39
11.22,11.22,20.08,13.42,69.75
9.65,9.65,16.37,11.76,72.24
13.42,13.42,19.46,11.34,72.68
12.96,12.96,21.99,11.57,72.66
15.76,15.76,20.94,9.91,74.35
15.71,15.71,19.93,11.31,71.83
15.54,15.54,15.79,11.53,71.42
14.09,14.09,15.84,10.97,71.42
13.94,13.94,18.30,13.28,72.47
15.73,15.73,18.86,9.76,71.24
13.36,13.36,21.93,18.44,70.56
11.79,11.79,20.38,12.74,69.82
15.27,15.27,18.64,17.41,69.27
12.63,12.63,18.67,13.58,69.32
16.16,16.16,18.88,8.59,69.21
15.05,15.05,20.72,12.08,69.79
16.92,16.92,15.50,9.44,68.71
20.83,20.83,17.22,12.60,69.67
14.91,14.91,16.81,12.66,71.61
14.04,14.04,22.60,14.70,70.65
12.45,12.45,22.27,14.63,71.54
15.26,15.26,23.60,14.87,71.28
14.86,14.86,19.49,13.80,69.55
13.01,13.01,22.27,16.52,68.25
12.97,12.97,19.19,18.08,68.13
17.22,17.22,20.82,14.58,68.29
13.38,13.38,20.29,13.44,69.40
12.78,12.78,20.05,13.86,69.17
13.12,13.12,21.09,13.04,70.04
12.74,12.74,23.90,16.23,69.45
12.34,12.34,18.97,10.82,70.40
11.48,11.48,22.72,13.01,69.76
11.86,11.86,22.76,14.57,70.63
12.35,12.35,28.41,16.33,70.86
12.62,12.62,25.86,12.05,71.14
12.52,12.52,23.48,19.76,69.68
12.28,12.28,26.40,22.66,67.74
11.17,11.17,24.02,15.26,70.89
12.65,12.65,23.35,16.08,68.16
13.63,13.63,26.50,19.64,68.58
12.67,12.67,25.49,22.03,70.38
12.02,12.02,24.63,25.10,69.90
12.73,12.73,29.49,23.06,70.47
14.27,14.27,25.26,20.95,70.06
18.02,18.02,25.13,20.78,71.59
18.69,18.69,25.37,17.25,68.45
18.10,18.10,28.57,20.30,69.98
18.82,18.82,23.73,20.48,69.68
17.38,17.38,27.18,21.48,71.23
19.21,19.21,26.58,17.60,71.36
19.17,19.17,28.59,21.24,74.66
16.83,16.83,25.68,14.06,74.45
18.94,18.94,25.57,21.41,73.53
19.44,19.44,26.97,16.08,71.40
23.94,23.94,30.71,21.56,69.42
22.47,22.47,29.94,20.75,69.68
24.31,24.31,26.03,16.96,67.58
23.33,23.33,28.88,20.58,69.92
27.18,27.18,29.66,19.37,70.29
26.86,26.86,28.39,22.72,71.92
28.75,28.75,26.55,23.14,72.69
25.69,25.69,13.34,19.38,74.13
18.37,18.37,9.44,25.77,73.63
10.50,10.50,8.90,21.27,70.67
3.09,3.09,14.78,27.44,84.56
1.55,1.55,16.91,29.08,86.05
7.50,7.50,20.13,28.79,85.80
11.61,11.61,18.50,33.95,84.96
10.67,10.67,17.09,34.91,84.19
13.76,13.76,12.89,30.12,83.64
12.42,12.42,9.52,32.80,83.49
10.96,10.96,8.77,31.68,83.04
12.64,12.64,9.09,30.20,82.98
11.60,11.60,10.23,29.25,81.68
11.54,11.54,8.78,22.08,80.54
10.45,10.45,7.82,28.13,81.32
11.59,11.59,9.21,22.85,80.93
14.13,14.13,9.76,27.33,79.66
13.82,13.82,10.27,27.77,79.60
17.02,17.02,10.60,29.82,77.95
16.63,16.63,11.62,29.48,77.38
16.35,16.35,13.64,29.58,75.92
15.44,15.44,11.70,29.71,76.46
15.65,15.65,11.50,31.57,76.00
16.19,16.19,11.24,28.33,72.77
16.31,16.31,13.01,30.53,71.58
14.49,14.49,13.72,30.48,73.72
14.30,14.30,12.46,31.11,72.19
13.51,13.51,17.39,32.12,70.76
15.70,15.70,16.95,29.84,70.79
14.94,14.94,13.14,29.60,69.99
15.25,15.25,13.81,34.26,67.04
15.02,15.02,14.01,33.17,69.23
12.62,12.62,15.34,30.21,69.28
11.04,11.04,14.06,34.21,68.68
12.80,12.80,16.45,34.50,67.14
14.46,14.46,16.57,32.89,68.51
12.70,12.70,15.45,33.00,68.47
15.89,15.89,17.38,35.39,67.41
12.67,12.67,16.10,34.01,68.24
11.55,11.55,17.52,33.49,68.15
12.45,12.45,17.05,33.97,67.27
15.60,15.60,15.85,33.83,67.56
15.69,15.69,17.57,36.07,69.96
15.62,15.62,20.21,36.79,70.78
15.37,15.37,16.17,34.06,70.20
16.10,16.10,17.04,34.14,68.76
17.48,17.48,20.41,37.11,69.55
16.48,16.48,17.64,36.02,69.26
16.00,16.00,17.49,34.35,71.52
15.44,15.44,15.52,32.11,69.10
14.76,14.76,18.42,36.28,68.87
13.78,13.78,16.72,34.08,67.58
16.46,16.46,21.49,36.79,70.39
18.80,18.80,19.78,33.32,70.35
19.39,19.39,19.61,34.21,71.02
16.04,16.04,23.92,36.21,69.26
14.53,14.53,23.16,34.90,70.74
12.04,12.04,23.89,30.14,68.87
12.41,12.41,20.53,35.01,70.09
11.17,11.17,22.58,35.23,67.90
13.44,13.44,21.13,34.33,69.77
13.98,13.98,28.02,35.71,66.46
14.81,14.81,29.95,32.40,67.29
14.78,14.78,29.38,35.60,66.10
15.47,15.47,26.89,34.90,67.20
16.12,16.12,23.62,33.47,65.77
14.98,14.98,23.07,33.79,66.95
15.04,15.04,21.58,33.64,65.63
16.67,16.67,22.34,34.31,69.04
17.40,17.40,20.99,32.70,67.43
17.88,17.88,22.17,33.75,69.25
19.58,19.58,25.58,34.72,66.55
21.37,21.37,24.08,32.72,67.56
21.95,21.95,27.24,32.55,65.55
22.20,22.20,25.15,34.54,64.49
24.44,24.44,25.25,33.62,63.89
23.22,23.22,26.77,33.36,64.12
21.47,21.47,26.69,34.28,62.85
22.00,22.00,26.58,33.32,66.44
20.28,20.28,25.15,30.71,66.94
22.73,22.73,25.43,33.51,68.44
25.70,25.70,26.99,32.79,65.55
26.44,26.44,27.71,32.96,65.76
25.65,25.65,26.59,32.86,65.07
26.56,26.56,28.13,34.12,64.29
29.14,29.14,28.91,32.73,64.33
29.09,29.09,28.10,31.70,63.96
29.37,29.37,29.36,33.56,65.32
31.12,31.12,28.58,33.52,65.38
29.97,29.97,29.20,33.91,63.54
29.29,29.29,29.69,31.92,64.23
29.07,29.07,30.25,31.00,66.06
28.04,28.04,29.63,32.62,65.61
28.54,28.54,29.03,31.57,64.46
29.58,29.58,29.62,30.61,63.10
30.85,30.85,30.55,30.62,61.91
30.74,30.74,31.52,34.43,64.71
30.98,30.98,30.31,30.90,63.55
30.55,30.55,30.30,31.71,64.12
31.08,31.08,29.55,31.59,63.78
30.45,30.45,29.88,31.40,64.58
30.55,30.55,28.06,30.19,64.94
32.41,32.41,30.74,30.09,64.85
31.20,31.20,30.74,30.57,61.78
31.35,31.35,30.20,31.93,61.89
31.57,31.57,30.78,33.29,64.56
33.01,33.01,30.11,28.70,64.39
35.00,35.00,29.64,30.38,63.76
34.03,34.03,30.02,31.38,61.68
33.60,33.60,31.66,29.50,63.37
33.12,33.12,30.03,26.29,64.82
32.81,32.81,30.59,29.61,62.16
32.96,32.96,29.39,22.64,62.82
32.99,32.99,29.54,28.79,63.30
32.28,32.28,28.94,30.51,63.34
33.15,33.15,29.48,28.87,63.45
34.28,34.28,30.00,28.71,61.34
34.49,34.49,29.53,33.12,60.74
36.24,36.24,30.85,31.53,62.26
34.61,34.61,29.62,27.53,62.76
36.02,36.02,29.38,31.32,62.24
36.88,36.88,28.85,27.83,60.06
37.84,37.84,32.81,34.15,60.47
35.22,35.22,30.83,31.21,60.73
36.94,36.94,29.11,29.76,59.48
39.54,39.54,29.58,26.10,58.98
38.63,38.63,29.35,30.02,61.68
39.48,39.48,26.89,28.67,62.95
35.58,35.58,25.18,28.77,61.83
26.81,26.81,19.77,28.55,60.65
13.88,13.88,16.52,22.28,61.85
2.19,2.19,13.26,29.17,63.37
2.33,2.33,17.94,30.02,85.22
10.43,10.43,18.33,31.79,87.20
14.32,14.32,25.71,32.50,86.58
14.90,14.90,27.01,34.49,87.23
15.12,15.12,24.84,34.12,86.61
16.51,16.51,25.39,35.64,86.29
18.51,18.51,23.42,33.93,85.49
17.66,17.66,25.89,34.40,85.12
16.76,16.76,25.01,28.27,84.34
19.22,19.22,22.03,28.17,84.20
20.06,20.06,21.23,31.01,84.12
21.89,21.89,21.63,24.94,83.20
21.90,21.90,22.21,27.28,82.13
25.41,25.41,27.38,28.89,81.50
26.21,26.21,27.07,27.87,80.52
28.08,28.08,28.71,26.73,79.63
28.19,28.19,24.40,22.59,79.53
27.21,27.21,26.97,23.68,78.52
26.70,26.70,27.84,24.11,76.54
30.34,30.34,28.21,24.77,75.62
29.31,29.31,26.66,24.35,76.31
31.44,31.44,26.92,17.64,75.51
32.01,32.01,27.62,24.54,74.90
32.60,32.60,28.39,20.23,72.34
32.66,32.66,28.40,21.06,71.48
32.36,32.36,29.90,24.25,73.10
31.53,31.53,28.27,23.57,73.49
29.66,29.66,30.42,26.00,72.30
31.48,31.48,28.82,22.62,72.99
33.05,33.05,30.24,24.34,72.87
35.60,35.60,29.78,24.12,74.49
36.58,36.58,29.24,18.47,75.31
38.40,38.40,30.94,25.84,74.63
38.14,38.14,29.66,20.18,74.72
37.65,37.65,29.65,22.14,75.54
38.05,38.05,29.46,21.56,76.12
38.47,38.47,28.78,16.90,76.23
39.74,39.74,29.86,18.72,75.80
36.92,36.92,29.31,21.88,75.66
37.23,37.23,30.75,25.86,74.69
37.94,37.94,27.32,22.95,75.17
35.43,35.43,24.35,22.75,75.42
32.00,32.00,21.12,23.66,75.65
24.75,24.75,8.36,28.45,75.70
8.99,8.99,5.08,31.96,74.40
12.88,12.88,10.42,35.16,86.04
10.12,10.12,14.21,35.24,85.83
12.22,12.22,14.29,36.15,84.24
5.08,5.08,14.68,37.28,84.58
4.62,4.62,15.70,39.10,84.17
5.68,5.68,16.42,34.09,85.12
7.73,7.73,16.73,36.79,83.53
6.19,6.19,16.52,35.48,82.77
5.70,5.70,17.84,37.00,81.70
6.55,6.55,17.58,34.59,82.00
5.42,5.42,19.65,40.04,81.48
7.23,7.23,19.89,38.32,80.94
11.11,11.11,20.13,34.64,79.96
16.15,16.15,21.65,28.67,79.17
18.16,18.16,23.92,33.49,78.84
21.00,21.00,22.77,32.03,78.29
22.20,22.20,22.62,37.47,78.02
23.42,23.42,25.99,36.06,76.59
23.90,23.90,24.99,37.45,76.53
25.37,25.37,27.56,39.23,75.45
24.43,24.43,28.74,41.17,73.96
25.75,25.75,29.79,37.74,73.25
24.31,24.31,30.21,36.43,72.19
25.93,25.93,35.62,35.41,72.28
27.11,27.11,33.26,35.01,71.01
27.71,27.71,33.34,35.08,69.19
25.58,25.58,31.65,34.17,68.91
27.68,27.68,34.63,33.55,68.38
26.62,26.62,35.09,31.59,69.46
27.62,27.62,36.80,29.48,68.42
25.35,25.35,37.67,25.52,66.94
27.38,27.38,35.88,23.91,66.47
28.81,28.81,36.83,26.41,66.28
29.52,29.52,33.33,22.80,68.21
29.93,29.93,34.80,21.86,68.44
32.23,32.23,34.80,18.81,67.41
33.48,33.48,34.53,19.48,67.60
34.79,34.79,31.25,16.45,67.35
33.49,33.49,26.91,16.81,67.35
30.12,30.12,22.87,17.15,67.53
24.22,24.22,19.42,22.70,67.36
8.44,8.44,23.89,25.71,66.74
0.79,0.79,21.08,30.03,78.94
-0.00,-0.00,11.48,23.75,79.88
1.00,1.00,4.46,21.50,82.15
9.72,9.72,7.03,25.36,80.60
16.11,16.11,18.78,19.55,81.73
19.40,19.40,23.06,27.56,80.41
20.39,20.39,14.82,19.04,79.41
15.10,15.10,19.23,22.36,79.18
12.36,12.36,20.75,23.80,78.98
14.48,14.48,24.32,29.66,78.89
16.07,16.07,26.19,17.36,78.51
15.35,15.35,17.54,15.22,76.59
14.00,14.00,23.37,20.00,77.60
18.20,18.20,31.27,26.32,76.07
19.77,19.77,31.19,20.18,77.15
18.74,18.74,25.39,21.05,75.12
20.02,20.02,21.90,30.81,76.64
18.15,18.15,29.04,27.00,76.00
19.05,19.05,27.47,27.19,76.89
18.38,18.38,24.08,23.34,76.28
22.08,22.08,21.66,14.66,77.22
21.03,21.03,19.70,24.05,77.69
20.34,20.34,24.62,30.14,78.26
21.21,21.21,30.09,20.95,78.20
22.80,22.80,23.19,21.32,78.20
22.98,22.98,21.02,17.09,75.84
21.48,21.48,28.98,14.68,76.95
22.33,22.33,29.66,18.03,75.05
20.61,20.61,25.50,24.66,76.27
19.41,19.41,29.84,23.42,75.61
19.80,19.80,32.55,16.29,73.88
18.60,18.60,30.92,13.64,76.40
21.37,21.37,25.21,12.70,74.56
23.65,23.65,17.66,22.84,74.36
20.99,20.99,23.36,22.24,75.62
19.66,19.66,21.34,21.47,73.65
21.95,21.95,24.70,21.99,73.71
24.83,24.83,25.90,19.65,74.30
20.79,20.79,24.99,21.23,72.69
20.98,20.98,21.43,18.69,73.62
26.08,26.08,18.90,22.00,73.62
24.55,24.55,26.00,14.72,73.39
17.28,17.28,31.70,16.35,74.65
14.69,14.69,31.86,17.09,76.11
14.95,14.95,28.27,11.32,74.26
14.95,14.95,25.60,19.71,74.88
19.71,19.71,26.55,20.10,74.58
17.11,17.11,26.50,17.02,72.44
17.37,17.37,23.86,8.69,74.60
16.49,16.49,26.84,18.07,71.08
15.91,15.91,31.25,16.91,71.79
15.39,15.39,30.88,26.17,73.34
17.32,17.32,30.45,25.69,73.06
23.30,23.30,27.04,22.15,74.20
19.42,19.42,22.79,20.61,74.16
14.44,14.44,27.80,20.05,74.22
14.16,14.16,28.23,20.28,74.20
14.64,14.64,24.66,12.80,73.23
16.60,16.60,23.32,18.48,74.11
18.94,18.94,27.95,20.08,72.57
19.71,19.71,30.59,17.93,73.14
20.35,20.35,24.87,17.56,72.52
21.37,21.37,26.31,18.73,72.59
22.46,22.46,29.35,23.79,74.53
22.96,22.96,28.03,22.05,74.55
25.88,25.88,27.32,24.32,73.90
25.32,25.32,24.97,13.88,76.41
22.84,22.84,22.58,19.95,75.23
18.32,18.32,18.11,19.39,74.23
11.13,11.13,10.88,21.88,74.99
3.50,3.50,2.96,31.51,84.80
3.15,3.15,1.87,26.53,82.95
3.32,3.32,1.40,26.74,83.19
3.45,3.45,2.55,26.66,82.27
3.85,3.85,2.52,28.72,82.13
4.32,4.32,4.94,19.76,81.98
5.61,5.61,5.77,16.12,81.65
7.20,7.20,6.09,18.37,80.60
5.36,5.36,11.09,30.79,82.11
3.71,3.71,14.89,30.12,81.46
6.88,6.88,14.13,28.12,79.83
8.71,8.71,10.18,18.47,81.12
7.83,7.83,7.07,31.71,79.78
10.42,10.42,9.34,25.25,80.21
10.70,10.70,11.85,27.60,77.96
10.45,10.45,12.86,26.87,79.86
8.34,8.34,12.95,28.73,77.82
8.93,8.93,13.09,24.15,78.07
7.86,7.86,15.12,22.62,79.22
6.56,6.56,16.26,27.54,78.09
6.84,6.84,16.30,16.74,75.00
7.27,7.27,16.42,11.60,76.87
8.33,8.33,18.35,24.63,77.09
9.55,9.55,18.64,15.47,77.41
11.24,11.24,15.29,14.58,76.97
12.85,12.85,12.14,18.99,75.58
14.48,14.48,16.65,22.18,72.82
10.71,10.71,14.47,22.90,74.83
11.69,11.69,13.13,26.83,73.54
12.87,12.87,13.57,18.40,74.80
11.24,11.24,13.31,16.23,72.32
9.69,9.69,14.32,22.42,72.56
9.33,9.33,14.67,23.17,73.36
10.66,10.66,15.96,17.99,72.41
8.77,8.77,15.31,23.96,73.85
10.39,10.39,14.24,13.66,71.82
12.25,12.25,14.05,19.95,70.61
19.26,19.26,12.55,15.19,68.67
22.09,22.09,15.65,13.60,70.99
22.64,22.64,12.00,11.72,69.74
16.10,16.10,12.47,17.74,72.65
21.07,21.07,13.44,16.56,71.45
17.79,17.79,14.27,19.92,72.56
19.73,19.73,14.55,17.65,71.59
20.16,20.16,14.52,15.10,72.51
17.32,17.32,15.91,18.03,71.39
19.38,19.38,16.22,17.48,72.36
16.63,16.63,14.10,21.39,72.52
16.08,16.08,12.53,10.62,69.53
15.90,15.90,12.72,20.10,71.85
16.58,16.58,9.85,20.97,72.00
19.43,19.43,11.52,12.57,73.54
14.91,14.91,14.65,14.27,71.27
13.33,13.33,14.83,11.97,72.18
17.55,17.55,16.30,10.77,72.03
14.19,14.19,14.10,13.01,73.06
13.44,13.44,13.29,20.88,72.96
12.14,12.14,12.97,17.59,73.83
11.81,11.81,13.10,16.76,71.60
14.38,14.38,12.74,14.16,72.11
21.05,21.05,15.08,13.80,72.28
19.29,19.29,15.95,21.07,73.17
17.56,17.56,17.58,18.10,73.89
15.92,15.92,16.77,20.56,71.46
16.52,16.52,15.21,20.09,68.56
15.44,15.44,17.88,17.46,70.68
17.40,17.40,19.20,16.19,71.90
15.35,15.35,19.09,15.36,68.50
14.41,14.41,17.39,18.70,71.99
14.19,14.19,18.15,21.82,69.34
13.17,13.17,18.31,12.27,68.65
15.61,15.61,15.52,21.47,69.23
14.92,14.92,15.77,20.98,69.56
19.84,19.84,16.26,16.84,68.64
20.78,20.78,17.65,21.80,69.43
18.33,18.33,18.06,19.27,66.43
19.56,19.56,20.45,19.86,69.44
17.85,17.85,17.35,22.76,68.54
19.28,19.28,19.70,18.79,68.93
19.13,19.13,22.11,20.37,70.47
20.99,20.99,19.72,16.86,71.31
24.79,24.79,21.74,18.07,71.55
23.30,23.30,23.36,21.74,70.48
18.72,18.72,23.37,15.84,71.08
20.52,20.52,22.27,12.65,70.16
23.03,23.03,23.28,17.73,71.46
24.56,24.56,23.79,11.13,70.04
24.22,24.22,23.19,13.68,68.81
21.78,21.78,24.85,20.18,71.32
21.57,21.57,23.07,13.60,68.79
23.58,23.58,24.35,14.71,69.99
20.26,20.26,25.67,14.12,69.12
17.28,17.28,24.85,14.92,70.28
15.64,15.64,23.69,15.25,68.82
19.35,19.35,24.41,14.90,69.87
20.69,20.69,30.02,14.54,70.03
20.38,20.38,33.69,14.63,67.56
19.54,19.54,32.10,15.36,71.50
18.74,18.74,28.28,7.97,70.68
20.64,20.64,30.34,11.67,69.78
20.35,20.35,33.39,12.73,68.82
17.95,17.95,33.16,14.64,68.73
18.71,18.71,30.84,12.74,68.47
19.01,19.01,31.71,10.29,67.47
20.31,20.31,31.12,11.15,69.06
20.82,20.82,25.92,10.20,67.17
16.60,16.60,27.63,15.16,67.61
12.76,12.76,19.12,7.28,67.68
7.60,7.60,12.17,11.37,71.68
0.62,0.62,9.75,1.09,80.32
0.04,0.04,6.31,9.81,85.37
1.05,1.05,6.46,19.63,85.36
5.62,5.62,7.13,9.40,84.22
8.97,8.97,5.82,15.41,83.63
9.07,9.07,5.90,18.52,84.77
8.82,8.82,6.34,18.12,83.33
6.07,6.07,6.99,14.78,82.65
5.23,5.23,9.52,15.84,82.14
4.41,4.41,9.47,7.81,81.85
3.47,3.47,9.92,16.66,80.54
5.13,5.13,10.98,16.34,81.52
6.26,6.26,10.69,16.41,81.51
7.03,7.03,9.17,10.04,80.64
6.75,6.75,8.66,11.02,80.56
5.29,5.29,8.19,11.72,80.00
3.84,3.84,9.52,15.24,80.88
6.30,6.30,9.07,15.06,79.47
7.16,7.16,7.47,10.10,78.42
8.20,8.20,7.88,10.78,78.34
8.85,8.85,8.78,13.28,77.77
6.87,6.87,9.20,13.74,77.88
7.81,7.81,9.55,14.70,77.83
9.77,9.77,8.98,8.78,77.92
9.92,9.92,8.20,11.14,76.30
7.71,7.71,9.03,19.04,75.48
6.75,6.75,8.33,13.47,75.19
8.92,8.92,11.14,18.09,74.89
10.15,10.15,12.09,21.12,76.24
10.27,10.27,8.81,18.66,73.95
13.05,13.05,10.29,12.21,73.80
16.27,16.27,9.17,10.65,73.97
15.92,15.92,9.57,12.82,73.35
16.24,16.24,11.20,11.21,72.64
20.63,20.63,13.44,17.79,73.79
20.89,20.89,13.27,15.64,74.85
21.02,21.02,14.88,8.38,73.72
20.38,20.38,15.56,6.30,74.48
16.88,16.88,19.49,9.40,73.22
21.21,21.21,16.07,7.16,73.27
24.89,24.89,18.17,3.24,70.71
24.28,24.28,19.83,9.98,74.55
24.43,24.43,16.12,13.88,70.35
23.48,23.48,17.32,13.71,71.51
25.05,25.05,16.69,12.36,71.25
28.56,28.56,19.75,16.31,69.48
28.67,28.67,20.65,15.36,71.31
25.13,25.13,19.17,10.14,69.91
25.78,25.78,20.04,10.26,70.60
25.07,25.07,21.92,18.19,69.71
23.40,23.40,24.23,16.74,71.67
24.81,24.81,21.84,16.56,69.45
27.83,27.83,23.58,15.17,71.10
29.12,29.12,19.89,7.66,70.23
29.48,29.48,27.70,11.63,68.43
28.55,28.55,30.51,11.29,71.34
29.00,29.00,23.99,3.43,66.70
28.83,28.83,31.16,13.81,69.12
28.31,28.31,32.15,12.02,68.00
29.69,29.69,26.72,4.81,70.55
27.33,27.33,25.73,4.43,66.45
26.15,26.15,27.75,7.02,68.89
26.42,26.42,31.00,5.82,65.94
29.70,29.70,28.49,7.43,67.54
32.42,32.42,27.96,7.43,67.93
30.72,30.72,31.04,5.08,67.22
28.56,28.56,30.51,10.26,68.29
27.76,27.76,30.92,13.71,69.02
31.49,31.49,29.08,10.72,68.16
30.14,30.14,28.06,6.02,68.39
28.85,28.85,30.09,8.18,67.80
26.33,26.33,32.07,7.29,67.22
28.89,28.89,28.88,6.27,65.75
31.99,31.99,28.83,5.86,68.41
35.52,35.52,27.83,4.43,64.38
33.11,33.11,28.06,2.49,65.24
36.07,36.07,28.95,5.90,67.71
35.33,35.33,27.37,6.37,64.38
33.74,33.74,30.96,8.84,67.25
30.85,30.85,25.68,4.83,65.74
28.01,28.01,27.26,7.02,65.15
32.18,32.18,31.53,12.11,68.08
31.80,31.80,28.75,9.32,64.82
34.17,34.17,30.54,11.62,67.99
37.16,37.16,31.81,11.05,63.27
36.68,36.68,30.94,8.17,66.40
36.23,36.23,31.10,4.49,65.21
36.87,36.87,31.64,2.89,63.85
37.43,37.43,31.89,6.73,66.07
33.46,33.46,32.16,3.03,64.24
31.75,31.75,31.00,6.62,65.52
31.69,31.69,32.11,11.18,64.89
33.51,33.51,32.81,11.10,63.88
33.01,33.01,33.83,8.32,64.13
34.11,34.11,33.46,10.37,66.07
33.78,33.78,33.51,12.36,62.78
35.64,35.64,34.67,7.71,62.94
34.71,34.71,34.32,7.34,64.51
32.81,32.81,33.07,9.40,63.73
33.26,33.26,32.16,10.94,63.72
34.80,34.80,36.04,13.98,65.55
33.39,33.39,34.76,16.23,63.58
34.81,34.81,34.50,12.90,62.05
35.21,35.21,34.73,15.32,64.25
34.83,34.83,35.44,13.45,62.73
33.95,33.95,32.73,11.85,63.30
34.18,34.18,35.90,12.33,65.42
35.03,35.03,33.39,11.28,63.74
36.61,36.61,35.64,8.47,64.87
35.52,35.52,35.62,12.49,63.14
33.68,33.68,36.01,14.90,63.97
35.41,35.41,35.57,17.63,61.48
36.27,36.27,37.05,18.10,63.17
35.82,35.82,34.87,18.94,63.96
37.80,37.80,34.82,14.28,63.62
36.28,36.28,37.51,17.39,61.25
36.47,36.47,37.61,22.08,61.43
36.07,36.07,37.08,19.96,61.56
35.60,35.60,37.46,23.13,61.02
37.57,37.57,37.74,20.31,64.46
38.05,38.05,37.33,21.36,61.85
39.54,39.54,37.28,15.81,65.05
36.83,36.83,36.24,19.28,60.58
37.14,37.14,37.07,18.18,62.55
36.07,36.07,36.70,21.62,59.10
36.16,36.16,37.17,19.28,62.87
38.11,38.11,39.26,25.74,62.65
36.64,36.64,37.58,22.09,59.98
36.69,36.69,38.73,27.43,63.65
38.83,38.83,41.77,27.42,60.51
38.08,38.08,40.34,28.83,63.13
38.53,38.53,41.65,20.80,61.26
38.19,38.19,41.18,19.93,62.29
39.04,39.04,41.05,24.04,57.38
37.42,37.42,41.68,28.66,57.75
37.93,37.93,40.74,34.98,57.62
36.63,36.63,43.60,34.83,53.10
36.52,36.52,43.98,32.48,57.35
34.42,34.42,40.57,31.59,51.44
35.36,35.36,42.32,33.51,54.88
36.10,36.10,44.28,33.35,56.57
35.94,35.94,44.13,31.52,54.12
34.66,34.66,44.35,29.53,52.99
33.54,33.54,43.23,28.75,51.39
30.93,30.93,44.23,29.66,50.09
33.07,33.07,44.04,27.35,50.51
34.96,34.96,42.06,32.82,49.56
34.18,34.18,43.94,29.44,47.48
35.63,35.63,43.45,31.55,45.84
35.79,35.79,42.60,29.11,43.19
33.20,33.20,43.26,31.42,42.74
35.27,35.27,46.02,26.90,45.19
34.26,34.26,44.96,29.11,45.55
33.26,33.26,45.87,27.99,43.92
33.48,33.48,45.71,26.73,45.30
33.34,33.34,44.59,25.10,43.23
33.13,33.13,44.63,25.37,43.48
30.87,30.87,45.39,29.25,43.24
33.85,33.85,44.71,31.23,42.62
33.72,33.72,46.91,31.88,43.51
33.47,33.47,48.22,30.52,43.93
35.85,35.85,48.36,30.66,40.69
36.48,36.48,48.66,31.81,39.98
35.40,35.40,47.98,30.53,40.58
35.12,35.12,45.63,28.58,39.28
35.31,35.31,47.08,26.30,42.92
35.86,35.86,46.08,25.75,45.22
37.31,37.31,43.72,26.48,49.15
36.69,36.69,43.01,27.98,50.40
33.41,33.41,38.69,26.90,51.18
25.12,25.12,34.31,21.72,51.95
15.51,15.51,27.90,13.24,50.14
7.66,7.66,34.68,15.50,55.79
0.72,0.72,38.46,10.79,80.10
-0.00,-0.00,34.54,3.06,82.04
-0.00,-0.00,32.97,7.19,82.85
-0.00,-0.00,33.50,4.27,83.36
-0.00,-0.00,22.68,6.85,82.12
-0.00,-0.00,14.37,6.72,81.84
0.00,0.00,20.82,17.90,84.00
2.36,2.36,21.68,14.90,84.04
5.30,5.30,22.55,18.33,82.64
4.18,4.18,25.04,20.87,81.07
0.46,0.46,19.61,19.97,83.88
0.25,0.25,21.45,31.08,82.73
2.56,2.56,20.79,9.34,82.61
2.18,2.18,19.89,12.23,81.89
1.12,1.12,24.96,18.20,81.62
1.02,1.02,29.95,16.80,82.59
1.97,1.97,29.72,20.83,82.03
2.86,2.86,25.48,24.74,81.56
0.88,0.88,20.38,25.10,80.69
1.69,1.69,18.66,21.73,80.38
1.73,1.73,21.24,22.98,78.81
1.01,1.01,19.69,23.29,79.44
1.61,1.61,11.46,24.58,80.88
2.45,2.45,14.25,29.64,79.43
2.74,2.74,24.65,21.17,78.40
3.57,3.57,24.74,14.41,78.36
3.66,3.66,22.98,22.60,78.41
3.99,3.99,27.09,14.77,78.24
4.91,4.91,29.57,23.26,77.65
3.54,3.54,30.67,27.14,77.45
2.78,2.78,30.41,30.67,78.42
4.42,4.42,27.66,23.38,77.00
5.15,5.15,26.11,22.56,76.41
5.58,5.58,22.82,18.17,77.07
7.82,7.82,16.83,20.99,75.02
9.16,9.16,24.74,20.61,76.55
8.78,8.78,22.55,25.58,75.77
7.98,7.98,17.54,29.28,78.41
6.76,6.76,28.14,15.08,77.61
7.50,7.50,26.99,17.19,77.41
7.29,7.29,19.17,18.61,78.78
6.30,6.30,27.73,19.81,77.44
7.48,7.48,27.15,16.46,76.21
5.54,5.54,23.88,24.56,76.22
5.15,5.15,26.47,21.03,76.28
5.99,5.99,27.05,20.00,74.97
6.68,6.68,24.86,22.31,78.24
5.85,5.85,21.78,16.19,78.50
5.55,5.55,17.82,17.46,77.11
7.92,7.92,18.97,20.28,79.07
7.96,7.96,19.51,12.02,76.82
5.31,5.31,16.21,15.74,78.52
6.02,6.02,12.42,10.89,76.74
5.78,5.78,14.72,12.76,76.60
6.55,6.55,20.02,16.49,77.10
5.14,5.14,20.67,12.53,75.75
4.86,4.86,21.65,23.97,75.37
4.53,4.53,22.67,25.16,76.00
5.55,5.55,21.86,26.99,74.67
3.11,3.11,21.50,20.63,74.90
5.00,5.00,22.90,15.34,74.05
5.95,5.95,22.29,19.84,73.70
6.65,6.65,19.89,22.14,75.30
6.41,6.41,16.29,8.92,74.98
4.44,4.44,13.26,16.90,71.72
4.00,4.00,13.68,18.63,73.84
4.27,4.27,17.65,24.15,75.01
5.68,5.68,21.02,25.20,73.30
4.16,4.16,18.40,24.13,74.86
4.81,4.81,19.59,20.65,73.30
3.65,3.65,24.06,22.41,71.06
2.88,2.88,25.96,11.25,71.37
6.21,6.21,24.20,14.94,74.27
6.65,6.65,17.59,18.22,73.49
6.23,6.23,20.66,15.02,72.83
4.51,4.51,19.94,14.01,73.92
5.98,5.98,15.27,13.94,72.75
5.35,5.35,18.14,17.27,73.96
5.28,5.28,15.51,15.39,74.99
5.19,5.19,16.79,20.80,72.90
5.35,5.35,20.12,28.39,72.68
5.06,5.06,20.62,19.97,74.65
5.87,5.87,19.53,22.47,72.23
7.02,7.02,16.16,25.53,71.89
8.21,8.21,14.83,16.71,70.67
9.13,9.13,16.15,11.62,70.20
6.27,6.27,16.18,7.68,70.23
5.74,5.74,17.71,15.80,70.12
6.26,6.26,20.19,10.77,69.17
6.60,6.60,22.64,10.29,70.46
9.25,9.25,19.11,12.89,69.83
10.61,10.61,17.41,13.55,71.28
11.10,11.10,17.45,14.28,69.52
11.26,11.26,15.65,14.34,70.25
11.37,11.37,16.35,17.25,70.60
10.59,10.59,18.54,15.80,69.47
9.93,9.93,18.23,11.82,69.77
9.55,9.55,16.72,11.09,69.46
11.19,11.19,18.43,13.64,69.96
11.26,11.26,19.21,12.33,70.90
14.08,14.08,19.32,14.63,71.22
16.40,16.40,18.43,13.75,69.42
14.26,14.26,15.98,12.66,71.59
14.37,14.37,14.74,16.05,70.69
14.76,14.76,14.22,11.90,72.10
16.96,16.96,15.56,16.25,74.03
18.06,18.06,14.65,14.27,74.24
20.14,20.14,17.42,11.35,70.71
21.55,21.55,17.74,17.86,72.74
17.96,17.96,16.88,12.57,70.10
13.34,13.34,16.97,13.85,69.51
17.67,17.67,19.63,16.29,68.59
17.22,17.22,16.21,5.93,68.59
20.16,20.16,15.63,15.15,68.57
19.32,19.32,16.03,12.44,68.02
19.86,19.86,17.65,11.08,71.75
18.37,18.37,13.06,9.71,71.70
19.03,19.03,14.56,16.96,70.80
18.73,18.73,16.78,15.76,73.01
17.69,17.69,15.84,9.19,71.01
17.42,17.42,16.51,13.31,69.08
16.58,16.58,16.04,9.09,68.45
17.89,17.89,17.05,11.68,67.76
21.27,21.27,18.82,20.82,69.30
19.36,19.36,15.91,16.20,70.23
20.12,20.12,17.36,13.37,71.14
21.71,21.71,16.22,12.59,73.23
20.32,20.32,14.04,11.87,72.39
21.50,21.50,18.12,17.56,72.13
19.32,19.32,12.04,8.38,71.53
21.41,21.41,5.87,8.01,71.05
25.70,25.70,6.16,15.77,77.99
24.09,24.09,7.03,20.71,83.83
16.93,16.93,5.55,15.15,87.04
11.88,11.88,7.97,18.24,86.66
13.11,13.11,5.10,16.94,87.20
13.57,13.57,6.14,16.05,86.81
15.30,15.30,5.35,15.45,86.08
14.48,14.48,6.63,18.72,84.45
16.96,16.96,5.80,13.11,85.06
16.56,16.56,5.95,17.04,83.71
15.74,15.74,7.37,12.38,84.43
18.87,18.87,8.83,14.92,83.79
14.95,14.95,15.56,22.75,84.49
10.16,10.16,12.80,18.00,83.44
11.36,11.36,12.23,17.24,83.40
15.94,15.94,11.66,14.85,81.51
17.72,17.72,11.70,13.10,81.85
18.45,18.45,12.07,14.27,80.98
18.40,18.40,11.63,17.80,80.47
18.01,18.01,11.85,17.11,78.80
17.37,17.37,10.14,13.67,79.74
16.93,16.93,8.86,12.17,79.49
18.02,18.02,9.69,13.39,78.98
18.69,18.69,12.37,14.99,78.34
17.94,17.94,14.14,20.43,77.41
17.03,17.03,12.02,13.09,76.43
16.36,16.36,11.87,12.35,77.58
17.62,17.62,12.50,16.09,76.00
16.66,16.66,11.03,11.94,75.41
19.82,19.82,12.94,16.07,72.76
18.71,18.71,13.03,18.58,74.97
20.40,20.40,14.98,11.14,73.71
22.47,22.47,14.18,14.66,74.16
24.02,24.02,12.68,10.56,73.08
21.44,21.44,13.72,9.10,73.42
21.08,21.08,18.27,11.24,73.18
21.36,21.36,18.71,9.11,71.73
21.05,21.05,17.38,8.34,70.60
24.17,24.17,20.39,14.18,71.30
27.44,27.44,18.40,12.42,71.35
26.54,26.54,16.94,12.21,68.86
22.39,22.39,19.65,13.36,69.09
25.49,25.49,19.26,16.42,69.14
23.61,23.61,15.96,11.46,68.07
20.55,20.55,15.37,14.76,68.78
15.33,15.33,10.67,8.69,71.71
13.29,13.29,6.37,12.86,72.31
13.60,13.60,4.38,22.64,84.29
17.63,17.63,5.90,20.94,81.27
24.10,24.10,9.48,21.08,80.60
27.20,27.20,12.21,25.93,79.99
25.97,25.97,11.45,16.95,79.89
19.22,19.22,11.51,25.48,80.12
15.00,15.00,17.80,25.89,80.07
14.01,14.01,13.64,25.84,80.87
13.67,13.67,15.69,25.87,80.29
11.89,11.89,15.25,25.67,79.35
12.26,12.26,13.95,22.56,77.73
11.49,11.49,20.50,22.08,77.68
11.68,11.68,24.31,19.90,77.71
12.37,12.37,25.76,23.24,76.97
13.77,13.77,19.29,18.82,75.09
10.28,10.28,20.14,23.41,73.62
10.63,10.63,24.75,21.01,72.83
11.97,11.97,22.25,14.39,71.80
16.26,16.26,24.24,12.84,70.50
13.33,13.33,25.36,17.29,72.39
16.10,16.10,22.84,15.66,71.30
16.94,16.94,21.57,17.04,71.47
14.30,14.30,18.89,12.86,72.56
15.94,15.94,18.34,14.87,71.34
16.28,16.28,20.12,12.30,68.89
18.56,18.56,20.04,14.29,70.83
18.93,18.93,21.22,11.11,69.45
19.74,19.74,21.91,11.31,68.18
22.42,22.42,27.42,14.23,70.25
20.60,20.60,29.93,10.54,71.70
19.69,19.69,31.31,11.51,69.24
21.56,21.56,34.53,13.13,71.99
21.10,21.10,30.75,10.02,72.63
21.68,21.68,35.51,11.08,72.40
20.76,20.76,29.23,5.69,68.84
22.77,22.77,31.87,12.91,67.73
20.14,20.14,28.71,7.26,68.55
22.54,22.54,28.95,8.75,68.60
19.62,19.62,30.06,10.67,67.10
20.48,20.48,29.68,13.16,67.65
20.70,20.70,24.93,15.78,68.64
18.48,18.48,18.76,12.29,68.29
15.86,15.86,10.74,11.14,70.28
13.29,13.29,5.75,16.82,76.44
8.13,8.13,8.05,23.40,85.56
7.31,7.31,7.04,23.81,86.04
11.88,11.88,10.89,29.40,84.81
13.12,13.12,9.21,27.40,84.30
16.79,16.79,11.68,22.33,84.85
16.47,16.47,9.90,25.54,84.13
14.77,14.77,14.19,28.52,84.01
12.77,12.77,14.43,27.40,81.92
12.39,12.39,15.29,28.29,81.94
15.42,15.42,16.60,22.54,81.00
14.40,14.40,18.60,27.00,80.00
16.36,16.36,18.98,21.80,78.83
16.66,16.66,19.85,22.47,78.88
17.12,17.12,22.73,23.61,79.50
18.35,18.35,20.49,18.23,79.55
18.38,18.38,23.37,27.32,79.51
16.18,16.18,23.15,18.64,78.71
17.41,17.41,24.97,14.87,77.88
17.88,17.88,27.17,20.80,76.89
16.65,16.65,27.49,18.15,75.64
17.95,17.95,29.36,22.74,74.17
19.04,19.04,29.31,16.40,73.14
20.43,20.43,28.30,26.11,72.63
22.44,22.44,29.38,25.43,72.05
22.31,22.31,28.84,28.96,73.12
24.56,24.56,31.25,24.75,72.78
29.20,29.20,29.53,25.68,71.45
28.87,28.87,40.67,24.71,69.03
26.23,26.23,37.95,22.17,68.40
26.03,26.03,44.26,24.40,65.75
24.48,24.48,43.29,24.33,64.73
24.66,24.66,46.07,23.41,64.18
24.85,24.85,41.66,20.59,66.10
26.32,26.32,45.10,22.11,66.27
29.83,29.83,43.15,19.18,67.01
29.60,29.60,45.87,20.92,66.70
32.50,32.50,43.19,17.55,66.68
34.44,34.44,45.64,19.83,64.95
28.34,28.34,41.85,16.66,63.33
22.60,22.60,38.23,20.79,67.00
12.80,12.80,27.83,20.85,66.40
6.33,6.33,13.54,16.09,69.89
6.82,6.82,16.12,17.26,74.24
10.11,10.11,17.60,18.23,75.19
12.81,12.81,16.38,20.91,74.34
12.98,12.98,15.78,18.80,75.70
13.80,13.80,15.90,18.05,75.11
15.62,15.62,16.93,21.59,74.65
18.31,18.31,17.11,20.79,74.50
17.70,17.70,20.86,25.45,72.85
18.16,18.16,23.67,23.67,74.10
18.51,18.51,20.55,18.50,72.07
17.60,17.60,28.72,26.06,72.91
17.08,17.08,22.75,24.96,74.20
16.50,16.50,25.87,29.43,72.41
19.03,19.03,27.36,29.84,73.20
19.11,19.11,28.88,30.36,72.21
20.04,20.04,26.43,29.50,71.37
19.74,19.74,28.43,30.33,70.36
16.86,16.86,31.05,30.20,69.10
18.73,18.73,31.42,28.58,69.15
18.74,18.74,36.41,28.72,69.30
20.07,20.07,37.47,28.21,67.67
21.76,21.76,38.65,28.92,67.64
22.40,22.40,37.31,26.98,67.87
22.09,22.09,38.71,29.81,67.94
24.81,24.81,36.86,27.60,66.95
22.22,22.22,39.06,31.51,66.44
24.74,24.74,36.56,28.81,65.61
25.10,25.10,37.93,31.77,65.90
24.21,24.21,37.53,29.22,66.47
25.04,25.04,40.76,32.80,65.28
22.78,22.78,36.83,29.51,65.34
23.35,23.35,40.26,32.22,64.87
25.03,25.03,38.29,29.18,65.30
24.96,24.96,41.91,32.06,63.95
26.55,26.55,38.19,28.87,64.78
26.35,26.35,39.57,31.08,63.34
25.85,25.85,38.26,30.59,64.04
26.74,26.74,40.84,32.39,64.36
25.76,25.76,39.66,31.53,64.02
27.69,27.69,40.24,31.34,63.80
27.18,27.18,42.38,32.17,64.85
26.63,26.63,41.15,31.60,63.91
28.45,28.45,42.81,32.94,64.15
28.96,28.96,40.16,31.07,63.40
26.22,26.22,44.99,34.02,64.49
26.66,26.66,42.19,31.73,65.27
27.93,27.93,44.47,33.98,64.89
25.80,25.80,43.76,33.04,65.02
29.63,29.63,45.18,35.06,64.73
27.21,27.21,43.87,33.72,63.87
26.76,26.76,45.60,34.81,63.85
27.31,27.31,45.53,34.11,62.97
27.08,27.08,46.51,34.93,64.16
29.43,29.43,46.45,34.08,62.90
28.25,28.25,44.91,31.40,62.61
27.62,27.62,46.53,32.80,64.81
28.13,28.13,46.15,29.82,64.83
26.64,26.64,44.64,30.79,63.76
30.33,30.33,45.16,25.55,64.11
28.71,28.71,44.57,30.12,62.85
29.72,29.72,44.67,25.96,61.42
30.27,30.27,44.28,27.90,60.40
31.17,31.17,46.89,27.64,60.74
31.11,31.11,45.22,26.12,60.17
30.31,30.31,43.98,23.89,60.85
31.66,31.66,45.00,24.57,62.56
32.63,32.63,45.43,23.92,60.80
33.22,33.22,44.05,23.60,61.80
32.34,32.34,47.89,25.01,62.28
31.63,31.63,47.31,28.74,60.90
31.60,31.60,47.19,27.60,59.21
34.28,34.28,49.50,22.07,60.89
33.25,33.25,48.62,23.84,60.34
34.38,34.38,51.04,23.95,58.48
32.84,32.84,47.16,22.80,57.24
34.93,34.93,50.91,23.63,56.09
34.70,34.70,46.18,23.30,55.03
34.46,34.46,44.92,24.58,56.21
33.76,33.76,45.43,25.38,56.67
33.61,33.61,44.29,24.53,56.56
34.03,34.03,46.30,24.44,58.42
34.41,34.41,42.45,24.66,59.97
34.23,34.23,44.82,26.47,60.32
34.47,34.47,42.32,24.10,60.19
34.37,34.37,37.48,22.11,59.92
34.48,34.48,40.07,22.56,60.86
29.17,29.17,32.70,14.66,59.51
20.53,20.53,25.08,16.04,61.36
6.46,6.46,17.84,18.26,63.26
-0.00,-0.00,19.21,12.77,80.58
-0.00,-0.00,12.68,5.83,81.86
0.29,0.29,6.91,3.24,81.10
5.73,5.73,7.95,4.18,81.23
10.69,10.69,9.07,5.79,82.64
12.02,12.02,12.99,12.19,81.38
11.73,11.73,17.03,15.10,82.14
9.87,9.87,18.80,11.97,80.71
8.15,8.15,24.88,17.28,81.48
8.77,8.77,26.75,19.31,81.97
8.49,8.49,26.04,11.43,80.81
8.52,8.52,26.56,18.98,81.70
8.89,8.89,27.12,19.61,81.90
6.64,6.64,28.95,16.41,81.07
8.57,8.57,30.51,14.57,80.19
8.95,8.95,28.63,14.02,82.16
7.79,7.79,30.85,18.23,80.56
8.27,8.27,31.10,17.03,80.59
9.98,9.98,29.24,15.64,79.37
6.77,6.77,27.63,11.04,80.35
6.48,6.48,26.49,17.16,79.14
7.85,7.85,24.57,18.61,78.20
6.26,6.26,20.78,13.47,77.78
5.86,5.86,20.93,10.75,78.48
8.90,8.90,20.53,12.74,76.74
8.90,8.90,17.50,18.22,76.27
10.41,10.41,18.87,18.74,76.92
8.86,8.86,20.43,16.75,74.53
8.93,8.93,16.83,21.22,76.83
8.32,8.32,19.59,17.94,75.50
9.81,9.81,21.43,16.81,78.25
10.42,10.42,19.84,16.51,75.73
11.64,11.64,22.22,13.17,76.28
10.41,10.41,23.85,19.52,75.99
9.31,9.31,23.43,22.61,77.26
7.74,7.74,23.43,20.75,74.66
6.87,6.87,23.80,17.45,74.13
9.80,9.80,19.62,16.34,75.73
12.24,12.24,21.87,23.09,74.75
10.66,10.66,20.94,23.06,74.83
13.12,13.12,18.25,21.65,75.05
14.34,14.34,27.89,24.92,75.04
13.52,13.52,27.85,25.67,74.46
11.69,11.69,25.00,19.59,75.68
12.92,12.92,23.17,21.70,75.56
14.44,14.44,20.67,17.45,73.83
13.62,13.62,16.78,24.29,72.40
16.37,16.37,17.38,20.52,71.04
15.14,15.14,23.41,15.38,72.30
16.36,16.36,25.83,18.13,72.09
18.58,18.58,26.12,21.77,70.74
21.23,21.23,21.18,18.15,73.45
21.70,21.70,16.60,22.94,72.87
22.46,22.46,23.84,16.05,73.85
22.73,22.73,27.67,24.71,73.84
23.08,23.08,27.87,21.88,75.24
22.30,22.30,26.12,17.86,73.95
21.62,21.62,25.44,22.41,71.41
22.08,22.08,22.96,17.06,72.74
23.36,23.36,20.13,19.41,72.24
25.60,25.60,17.23,18.56,72.92
21.28,21.28,15.03,20.33,73.69
20.49,20.49,16.24,14.44,73.20
15.34,15.34,14.53,15.06,74.34
11.07,11.07,10.83,10.63,74.94
7.33,7.33,5.54,12.46,75.95
15.24,15.24,3.79,13.23,83.98
15.40,15.40,2.90,16.19,85.58
9.66,9.66,4.31,17.46,85.26
11.29,11.29,5.69,16.54,84.67
13.02,13.02,5.70,18.83,83.82
12.10,12.10,8.22,18.76,83.57
10.68,10.68,8.45,16.92,83.04
8.25,8.25,7.82,18.52,83.64
9.72,9.72,7.14,19.80,82.34
8.18,8.18,12.03,19.39,82.85
8.39,8.39,15.19,15.42,81.95
8.86,8.86,14.08,16.29,82.28
5.70,5.70,18.77,14.45,80.40
5.20,5.20,21.35,13.36,81.35
7.74,7.74,12.98,17.88,80.39
10.42,10.42,11.69,21.61,80.49
9.52,9.52,14.43,18.33,80.18
8.49,8.49,16.93,17.93,78.44
7.45,7.45,14.40,20.88,77.81
8.27,8.27,12.75,15.09,77.77
7.92,7.92,18.58,18.44,77.97
10.39,10.39,20.51,17.22,76.11
10.57,10.57,18.16,14.92,77.02
11.48,11.48,16.85,14.54,74.24
14.52,14.52,21.31,16.84,75.10
16.04,16.04,24.44,21.78,73.96
14.41,14.41,20.07,11.77,74.97
12.02,12.02,12.81,20.90,73.94
12.04,12.04,16.04,18.63,75.44
13.85,13.85,18.08,18.41,74.54
15.22,15.22,18.77,16.13,73.48
14.89,14.89,21.96,21.01,73.63
16.09,16.09,23.77,20.92,72.24
19.41,19.41,29.84,20.39,73.20
18.25,18.25,32.96,18.79,75.26
17.71,17.71,32.35,13.98,75.22
16.92,16.92,28.88,14.17,73.47
14.63,14.63,21.69,17.09,74.84
14.76,14.76,22.72,18.63,76.37
14.99,14.99,26.27,15.11,74.72
16.08,16.08,22.87,18.59,74.46
16.81,16.81,23.59,14.66,73.75
19.59,19.59,18.91,17.92,71.31
21.97,21.97,27.48,12.07,74.58
24.78,24.78,30.18,19.24,74.13
22.82,22.82,20.49,16.25,71.92
22.67,22.67,23.70,12.35,72.96
19.96,19.96,23.83,13.65,72.88
19.03,19.03,23.84,14.79,70.92
18.86,18.86,25.02,12.30,71.56
19.10,19.10,23.55,13.08,73.31
19.30,19.30,21.18,19.91,70.61
20.94,20.94,24.55,20.31,72.83
21.33,21.33,26.18,20.44,71.69
19.66,19.66,25.81,17.53,69.63
22.16,22.16,27.07,14.84,72.35
23.45,23.45,24.90,17.56,71.73
22.76,22.76,18.51,18.36,70.77
19.54,19.54,8.64,11.41,70.37
20.85,20.85,12.08,13.30,71.38
25.59,25.59,16.94,14.48,72.75
25.97,25.97,21.05,12.50,69.10
24.99,24.99,20.61,17.32,69.69
25.04,25.04,19.59,15.11,73.06
24.88,24.88,14.43,18.17,70.31
21.72,21.72,16.23,19.81,70.34
22.43,22.43,18.69,21.26,71.65
25.87,25.87,24.01,17.98,69.45
23.82,23.82,21.71,19.87,71.01
15.83,15.83,13.52,18.58,68.54
14.95,14.95,17.94,10.84,71.81
17.42,17.42,21.59,11.97,70.63
18.06,18.06,26.39,10.34,71.20
18.74,18.74,25.92,15.64,71.91
22.18,22.18,23.82,24.50,70.79
22.13,22.13,17.78,23.63,70.89
19.71,19.71,17.60,18.87,70.02
17.59,17.59,15.26,15.60,69.48
19.23,19.23,17.01,13.88,69.39
18.04,18.04,19.30,12.58,69.70
18.01,18.01,20.77,15.20,69.94
18.69,18.69,17.16,17.49,67.23
17.60,17.60,16.01,20.30,67.10
19.64,19.64,19.70,16.91,71.10
18.97,18.97,19.69,19.16,68.88
19.80,19.80,19.37,15.01,69.77
21.63,21.63,20.84,19.54,69.64
21.45,21.45,24.94,12.04,68.08
20.28,20.28,27.62,11.78,67.92
20.89,20.89,28.08,9.91,69.99
23.78,23.78,24.74,14.24,69.43
22.04,22.04,17.04,12.78,69.61
19.39,19.39,14.37,13.45,69.59
20.52,20.52,18.68,14.77,68.55
19.91,19.91,19.59,17.50,67.51
19.38,19.38,21.65,19.84,65.68
22.97,22.97,24.54,14.80,67.38
25.07,25.07,20.36,19.29,67.08
26.07,26.07,21.10,14.30,68.58
25.42,25.42,19.55,13.81,65.90
23.81,23.81,18.25,12.72,68.40
22.87,22.87,21.73,8.84,66.07
23.13,23.13,22.24,8.16,65.71
24.23,24.23,19.64,12.32,68.54
24.59,24.59,20.23,8.52,66.78
21.90,21.90,18.23,17.25,67.38
17.99,17.99,11.35,11.68,65.25
16.45,16.45,6.63,13.44,71.79
19.76,19.76,4.16,16.45,75.05
17.06,17.06,5.81,19.36,75.79
19.76,19.76,7.41,21.58,75.29
16.81,16.81,6.43,18.00,74.44
15.48,15.48,7.07,19.76,74.43
16.77,16.77,9.13,16.64,74.56
15.14,15.14,8.04,16.55,75.00
15.19,15.19,8.93,16.56,73.74
16.28,16.28,11.05,17.10,73.75
14.48,14.48,14.01,12.46,73.77
17.21,17.21,15.85,5.89,73.42
22.10,22.10,15.99,8.84,72.10
23.59,23.59,18.04,17.08,72.40
20.46,20.46,14.61,18.13,71.82
18.92,18.92,18.06,16.41,72.08
17.98,17.98,18.92,18.68,72.11
16.44,16.44,18.45,18.41,72.10
18.59,18.59,19.31,15.68,70.26
21.34,21.34,19.28,13.08,71.45
21.53,21.53,21.28,7.64,69.25
20.89,20.89,19.02,14.92,70.59
22.60,22.60,20.79,6.51,69.66
23.65,23.65,20.95,9.90,68.71
25.32,25.32,21.55,8.87,68.14
25.00,25.00,20.63,10.82,68.50
23.71,23.71,20.86,12.51,68.39
22.24,22.24,22.13,6.17,67.12
21.18,21.18,20.95,11.75,68.01
21.09,21.09,19.94,14.63,67.81
24.07,24.07,22.19,14.72,68.56
28.40,28.40,23.31,17.81,66.04
31.75,31.75,24.03,21.09,66.13
33.07,33.07,23.26,21.81,66.16
32.96,32.96,24.01,23.03,61.21
28.44,28.44,22.91,24.09,65.07
24.69,24.69,22.87,26.90,64.76
24.14,24.14,23.27,26.09,64.92
24.42,24.42,24.38,27.28,62.91
24.52,24.52,24.26,28.45,63.20
26.39,26.39,25.89,29.54,62.90
25.72,25.72,25.21,29.02,62.16
30.93,30.93,28.95,30.25,61.80
30.89,30.89,30.58,31.82,63.04
33.52,33.52,33.49,32.03,64.51
33.85,33.85,32.11,30.40,62.18
32.38,32.38,33.48,30.27,63.46
29.81,29.81,34.01,30.02,59.83
26.99,26.99,33.92,30.14,60.70
25.81,25.81,33.58,29.21,59.73
28.40,28.40,34.24,27.96,62.43
28.89,28.89,34.12,29.07,59.94
30.67,30.67,34.68,27.71,61.48
32.16,32.16,32.94,26.31,60.44
31.37,31.37,33.46,26.00,60.93
32.71,32.71,35.63,28.42,62.73
33.04,33.04,36.48,28.74,60.85
29.82,29.82,36.02,25.65,60.53
29.37,29.37,36.51,26.09,61.12
30.53,30.53,37.94,28.60,59.98
30.41,30.41,38.49,27.69,61.21
32.80,32.80,38.40,25.24,59.61
32.86,32.86,35.89,24.94,60.44
35.63,35.63,37.30,28.44,60.62
36.97,36.97,38.15,28.14,61.25
36.18,36.18,39.77,28.33,60.82
36.33,36.33,41.15,28.80,59.33
33.37,33.37,42.06,31.33,60.87
31.24,31.24,41.84,31.67,61.54
32.75,32.75,43.62,32.31,59.52
33.67,33.67,42.93,27.50,59.90
34.47,34.47,42.57,31.59,59.17
35.06,35.06,41.98,31.02,57.55
34.96,34.96,43.90,32.87,58.81
35.47,35.47,45.04,30.84,57.09
35.42,35.42,43.55,26.64,59.38
37.21,37.21,46.36,33.33,57.32
36.30,36.30,42.90,29.19,57.77
35.47,35.47,45.01,31.55,59.32
34.15,34.15,45.47,32.88,58.75
35.19,35.19,43.14,30.63,58.79
36.63,36.63,44.27,32.30,60.24
36.57,36.57,42.66,24.96,57.69
36.17,36.17,42.80,29.90,59.67
36.60,36.60,41.42,28.08,59.81
30.85,30.85,34.84,26.45,59.78
25.65,25.65,25.41,19.08,59.20
12.85,12.85,16.44,21.45,57.12
1.44,1.44,14.89,21.94,63.43
-0.00,-0.00,14.17,23.77,79.68
0.07,0.07,10.01,27.12,77.16
1.57,1.57,10.69,27.09,78.90
4.44,4.44,9.84,28.22,77.54
7.46,7.46,10.84,30.48,75.83
8.97,8.97,13.37,30.11,75.39
11.72,11.72,14.27,30.86,73.51
13.42,13.42,15.72,28.60,72.93
13.61,13.61,13.37,31.92,71.76
12.19,12.19,17.11,35.30,70.76
11.87,11.87,16.24,32.13,69.44
15.65,15.65,19.40,32.26,68.80
19.27,19.27,22.37,33.10,67.64
18.89,18.89,22.73,32.22,67.66
22.08,22.08,28.24,31.92,66.17
24.75,24.75,30.02,29.97,65.47
26.31,26.31,29.58,28.66,62.69
28.77,28.77,33.42,25.84,63.35
30.51,30.51,30.63,23.19,62.38
29.92,29.92,31.34,24.60,63.44
30.43,30.43,33.03,25.84,63.17
29.86,29.86,30.41,24.77,62.76
31.29,31.29,29.51,23.00,63.37
27.79,27.79,31.43,22.34,62.91
28.54,28.54,32.80,23.81,63.74
29.48,29.48,37.46,24.55,62.87
26.79,26.79,33.91,25.05,63.52
27.92,27.92,31.87,25.75,62.87
30.46,30.46,31.48,25.71,63.43
29.38,29.38,30.34,25.79,63.07
30.86,30.86,30.91,26.65,62.82
32.16,32.16,33.17,26.65,63.00
31.98,31.98,32.06,26.08,63.21
33.49,33.49,33.39,25.40,63.51
31.16,31.16,32.65,25.02,62.67
34.64,34.64,36.01,24.87,63.57
35.09,35.09,36.88,24.23,62.41
34.87,34.87,33.68,22.80,61.93
36.60,36.60,34.89,20.30,62.14
37.53,37.53,33.20,22.61,61.91
36.88,36.88,33.88,25.52,62.22
36.23,36.23,32.21,25.23,61.61
35.72,35.72,28.24,29.69,60.51
31.29,31.29,23.01,32.96,59.82
21.21,21.21,13.75,30.13,59.71
4.42,4.42,13.69,21.88,67.64
0.91,0.91,17.32,31.00,86.39
7.96,7.96,18.46,31.38,84.93
12.74,12.74,16.94,28.30,84.69
15.29,15.29,14.77,29.39,84.25
16.81,16.81,14.75,29.80,84.43
17.83,17.83,16.10,34.45,84.65
17.70,17.70,16.56,33.48,82.70
18.00,18.00,18.39,35.55,83.30
15.41,15.41,20.08,37.26,81.90
13.34,13.34,20.64,37.07,81.43
12.61,12.61,21.79,36.98,81.25
15.62,15.62,22.68,37.09,80.59
17.34,17.34,23.97,37.95,79.03
21.31,21.31,25.67,36.10,78.99
21.41,21.41,27.30,35.43,78.86
22.30,22.30,27.09,35.78,77.64
23.84,23.84,26.57,34.52,77.60
26.11,26.11,27.72,30.92,76.55
27.23,27.23,28.85,28.83,75.78
27.30,27.30,31.33,28.09,74.95
28.12,28.12,32.02,26.56,73.85
28.38,28.38,34.11,25.87,73.07
28.30,28.30,34.44,22.82,72.57
28.50,28.50,34.99,21.59,72.07
28.24,28.24,34.56,19.31,70.40
27.83,27.83,35.32,19.12,69.31
28.60,28.60,35.38,17.79,68.26
29.26,29.26,34.84,18.09,67.03
28.27,28.27,35.28,17.45,64.93
28.95,28.95,34.05,18.63,64.39
28.19,28.19,34.61,15.81,65.39
28.75,28.75,35.02,14.68,63.22
29.58,29.58,38.04,13.93,63.94
29.97,29.97,38.29,14.81,62.78
30.34,30.34,38.50,15.30,63.34
31.36,31.36,38.82,17.10,63.76
32.25,32.25,40.51,16.91,62.09
31.94,31.94,37.19,16.38,62.96
31.65,31.65,34.55,17.27,63.12
29.14,29.14,29.92,24.18,63.27
18.64,18.64,22.11,32.58,61.62
4.18,4.18,16.44,41.37,61.94
0.19,0.19,17.01,58.20,66.22
2.52,2.52,20.57,78.88,86.59
7.37,7.37,22.75,78.80,86.03
2.53,2.53,16.86,79.73,87.42
1.51,1.51,10.82,77.62,84.38
1.78,1.78,10.34,79.85,87.54
5.23,5.23,12.21,77.97,86.45
3.08,3.08,8.43,79.69,88.56
3.53,3.53,12.29,78.33,86.60
4.55,4.55,9.77,79.08,88.28
3.77,3.77,6.97,79.52,85.65
1.16,1.16,11.02,77.53,87.25
6.17,6.17,14.23,79.30,84.46
10.35,10.35,13.57,77.62,86.96
11.71,11.71,12.75,79.75,85.18
10.24,10.24,9.25,77.84,84.91
7.37,7.37,10.49,79.45,83.55
5.86,5.86,13.45,78.12,85.89
8.22,8.22,11.20,80.32,84.04
12.88,12.88,10.80,79.93,83.42
11.95,11.95,11.07,79.04,83.29
11.67,11.67,8.09,79.98,83.98
8.46,8.46,8.94,78.50,81.93
9.26,9.26,8.42,80.49,83.30
6.91,6.91,9.22,78.35,81.36
10.58,10.58,8.77,80.19,81.65
8.97,8.97,8.66,78.24,82.06
13.24,13.24,9.38,80.53,80.48
12.24,12.24,9.39,79.60,82.10
18.20,18.20,8.72,78.55,81.92
16.68,16.68,12.02,79.31,83.06
16.85,16.85,12.24,77.64,82.71
9.92,9.92,10.02,79.19,83.50
13.38,13.38,11.23,76.80,78.91
12.41,12.41,11.64,78.63,82.56
10.83,10.83,9.88,76.92,79.25
7.46,7.46,11.26,78.07,79.97
13.15,13.15,12.68,77.18,79.54
9.73,9.73,10.60,77.33,82.20
12.69,12.69,10.16,76.99,80.47
30.74,30.74,10.14,75.49,81.58
23.29,23.29,11.90,77.25,78.75
17.50,17.50,14.13,75.10,81.70
28.12,28.12,12.91,76.10,77.77
16.87,16.87,11.14,73.46,80.18
17.83,17.83,15.38,75.40,79.39
20.50,20.50,17.97,73.19,78.33
10.54,10.54,14.00,74.13,80.43
10.15,10.15,9.77,74.60,78.87
9.93,9.93,12.30,72.74,77.98
15.39,15.39,16.31,74.23,77.75
15.66,15.66,13.14,72.45,79.60
21.48,21.48,11.82,73.63,78.23
15.52,15.52,16.62,71.81,78.17
12.36,12.36,17.87,73.21,76.69
12.91,12.91,19.20,71.40,78.16
16.24,16.24,18.60,72.18,75.03
13.66,13.66,15.68,71.42,75.44
11.35,11.35,12.62,70.06,73.71
11.79,11.79,12.08,71.03,74.24
16.01,16.01,11.17,69.17,74.10
15.46,15.46,12.42,70.76,73.14
17.16,17.16,16.37,68.58,72.47
18.01,18.01,15.01,70.73,75.41
18.38,18.38,12.00,68.99,72.46
18.37,18.37,12.66,69.89,72.66
18.40,18.40,14.07,68.74,74.22
20.99,20.99,27.42,67.95,74.87
20.43,20.43,24.78,68.61,76.85
18.12,18.12,17.92,67.14,79.34
16.47,16.47,12.07,69.31,78.35
19.26,19.26,9.71,66.77,79.02
26.46,26.46,9.36,67.42,78.69
20.74,20.74,10.02,65.54,79.58
22.40,22.40,9.78,66.42,77.93
20.13,20.13,9.81,65.04,79.91
17.04,17.04,9.22,65.83,78.68
16.65,16.65,9.08,66.37,79.02
18.27,18.27,8.05,63.55,77.21
19.31,19.31,9.87,63.57,79.39
24.33,24.33,9.55,62.41,80.03
19.83,19.83,9.51,65.28,80.10
23.77,23.77,9.16,62.61,77.76
23.10,23.10,8.59,63.74,79.88
17.19,17.19,9.86,61.49,77.94
17.39,17.39,10.05,61.94,77.44
17.43,17.43,10.92,62.12,78.62
18.00,18.00,10.17,61.34,78.30
14.70,14.70,10.20,63.32,77.11
16.28,16.28,11.89,60.57,76.99
16.87,16.87,11.93,61.29,76.56
15.92,15.92,10.41,58.31,76.32
14.96,14.96,10.78,59.67,76.90
16.44,16.44,11.44,56.70,76.90
14.43,14.43,12.52,56.68,77.37
14.45,14.45,12.76,58.48,76.62
13.40,13.40,11.84,57.73,75.78
13.56,13.56,12.17,59.75,74.10
12.02,12.02,12.87,58.48,74.52
14.38,14.38,12.89,60.42,71.94
14.64,14.64,14.57,57.75,73.91
12.47,12.47,15.53,58.22,71.54
15.77,15.77,12.08,56.08,74.79
17.38,17.38,11.35,57.04,75.32
15.02,15.02,10.54,53.85,76.64
13.95,13.95,9.80,54.43,76.19
14.86,14.86,10.45,55.87,77.21
15.93,15.93,13.73,54.74,74.22
15.89,15.89,13.69,57.58,74.55
13.81,13.81,13.14,55.79,73.64
15.99,15.99,11.70,57.23,75.01
19.82,19.82,11.78,53.56,75.79
16.83,16.83,12.82,52.90,73.79
17.81,17.81,15.55,49.72,74.84
19.12,19.12,16.58,53.22,70.50
20.31,20.31,17.00,54.11,74.66
20.42,20.42,19.62,52.35,74.29
17.68,17.68,20.23,54.15,76.04
15.75,15.75,22.40,51.66,75.81
18.64,18.64,22.12,52.21,77.79
18.07,18.07,21.16,49.07,75.48
24.42,24.42,19.17,49.46,76.72
27.61,27.61,18.09,50.41,73.12
24.36,24.36,18.50,49.39,70.84
26.54,26.54,17.22,49.97,71.25
23.97,23.97,13.28,50.27,69.10
26.29,26.29,13.98,52.69,72.74
24.22,24.22,11.52,47.44,75.19
25.40,25.40,13.19,47.90,76.71
26.74,26.74,14.20,43.39,76.82
25.07,25.07,16.07,46.82,78.16
21.63,21.63,13.12,47.02,75.19
20.42,20.42,13.84,48.53,77.29
21.79,21.79,20.06,45.12,75.47
16.95,16.95,10.68,43.45,79.61
17.66,17.66,7.80,47.19,78.02
16.84,16.84,8.81,45.23,75.80
21.75,21.75,10.00,45.64,80.69
24.09,24.09,10.31,44.75,79.47
25.08,25.08,8.84,44.04,76.75
25.11,25.11,9.89,40.62,79.87
24.90,24.90,8.95,40.55,77.65
25.83,25.83,12.08,40.46,76.49
23.51,23.51,10.29,43.77,80.47
21.57,21.57,12.16,44.97,78.29
22.98,22.98,18.10,43.92,78.05
22.40,22.40,21.40,38.95,77.14
22.43,22.43,24.79,38.11,76.13
22.79,22.79,37.28,38.46,74.47
22.89,22.89,36.80,36.97,76.85
23.89,23.89,38.55,36.71,74.13
23.07,23.07,39.28,38.00,73.45
20.44,20.44,39.67,35.82,75.50
19.42,19.42,37.51,33.54,75.31
17.83,17.83,32.70,32.47,76.78
15.24,15.24,26.58,31.37,77.11
15.21,15.21,29.21,27.98,77.96
17.89,17.89,30.21,29.69,78.81
20.34,20.34,32.76,29.86,78.33
22.52,22.52,37.88,31.93,77.66
22.70,22.70,37.60,32.21,78.18
23.89,23.89,34.17,30.10,79.68
23.78,23.78,38.41,30.36,78.25
22.71,22.71,34.25,32.34,77.53
23.17,23.17,40.86,32.16,76.89
22.55,22.55,35.45,27.61,76.24
20.10,20.10,36.96,26.59,74.36
21.17,21.17,37.67,26.85,76.20
23.52,23.52,39.07,26.42,74.72
21.69,21.69,36.16,19.86,74.45
25.06,25.06,35.00,18.84,75.88
25.11,25.11,36.71,21.55,74.18
22.76,22.76,35.35,32.84,75.83
21.07,21.07,28.68,42.53,74.76
21.62,21.62,20.79,44.13,73.25
19.52,19.52,16.88,48.88,73.76
15.52,15.52,17.00,69.80,73.35
15.67,15.67,16.14,80.42,74.26
17.07,17.07,12.29,80.37,74.04
14.79,14.79,11.74,81.11,72.98
18.25,18.25,12.56,81.09,70.44
17.53,17.53,13.03,80.44,71.43
15.99,15.99,14.21,80.33,69.18
17.63,17.63,13.91,80.92,69.48
17.20,17.20,16.77,81.59,68.24
17.13,17.13,18.03,81.60,68.66
14.25,14.25,18.06,80.88,69.62
12.68,12.68,18.82,80.88,65.59
12.69,12.69,19.59,80.50,66.02
12.70,12.70,19.37,80.77,67.16
14.45,14.45,19.08,80.79,68.13
12.40,12.40,17.38,80.59,69.18
15.10,15.10,18.58,80.18,68.02
15.43,15.43,20.17,81.15,66.91
16.25,16.25,19.93,80.72,68.44
17.27,17.27,19.85,80.76,67.98
15.31,15.31,19.11,81.31,67.81
16.38,16.38,19.84,80.95,71.19
16.05,16.05,19.54,81.04,71.38
17.13,17.13,19.92,80.47,72.46
21.22,21.22,20.12,80.49,71.67
20.91,20.91,20.21,80.27,72.09
21.08,21.08,21.39,80.50,69.26
22.89,22.89,21.45,80.24,68.76
23.63,23.63,20.91,79.78,67.05
23.00,23.00,22.58,79.51,67.01
25.15,25.15,22.43,79.69,68.20
24.86,24.86,23.84,78.93,65.98
25.04,25.04,25.17,78.38,69.18
27.12,27.12,25.32,77.98,66.23
27.23,27.23,25.35,77.16,64.81
29.67,29.67,24.15,77.51,64.20
29.42,29.42,26.36,77.21,65.29
29.12,29.12,26.08,76.85,65.15
27.22,27.22,24.85,76.44,65.97
28.65,28.65,25.65,76.01,63.85
29.56,29.56,26.21,75.87,67.42
29.25,29.25,27.65,76.30,66.71
28.81,28.81,26.60,76.42,71.13
30.74,30.74,28.22,75.67,68.93
30.69,30.69,29.35,74.86,69.17
31.15,31.15,27.76,74.11,66.61
30.62,30.62,28.36,73.94,66.04
29.34,29.34,28.74,73.65,63.49
29.85,29.85,29.55,73.52,65.04
30.45,30.45,27.26,73.02,64.68
33.51,33.51,28.13,73.52,64.01
32.69,32.69,30.24,72.85,64.55
34.85,34.85,29.58,72.78,62.71
33.43,33.43,31.18,73.02,62.03
32.67,32.67,29.32,71.83,63.09
32.34,32.34,29.21,71.88,61.70
34.25,34.25,30.90,71.29,59.91
30.20,30.20,30.22,70.77,59.48
31.72,31.72,31.31,70.65,63.55
32.47,32.47,31.81,70.80,61.93
30.79,30.79,30.15,70.24,64.10
33.48,33.48,31.56,70.00,62.79
34.75,34.75,31.45,69.54,64.50
34.86,34.86,30.33,69.87,64.09
34.50,34.50,30.76,69.36,66.30
34.90,34.90,30.71,68.47,66.81
33.98,33.98,31.31,68.38,67.09
34.86,34.86,31.00,68.38,65.73
33.52,33.52,29.91,68.00,64.86
33.73,33.73,30.11,67.30,63.13
34.96,34.96,31.82,67.59,64.02
35.30,35.30,32.65,67.03,63.50
34.74,34.74,31.13,67.09,64.46
36.82,36.82,32.03,66.59,64.30
37.13,37.13,31.44,66.19,65.46
36.90,36.90,30.18,66.08,63.07
38.51,38.51,30.96,66.01,63.20
37.98,37.98,32.32,65.35,60.48
39.50,39.50,32.24,65.09,57.98
38.10,38.10,31.97,65.04,56.17
37.66,37.66,31.42,64.68,59.95
41.90,41.90,32.95,63.86,60.86
40.70,40.70,29.96,63.46,59.84
38.46,38.46,28.13,63.74,60.09
38.95,38.95,28.04,63.09,58.64
34.73,34.73,25.50,63.25,57.23
30.19,30.19,24.70,62.49,58.33
20.30,20.30,24.85,63.24,56.62
8.50,8.50,27.54,77.26,64.35
8.01,8.01,26.34,80.84,76.38
13.89,13.89,16.48,79.36,86.46
17.31,17.31,12.12,81.30,87.68
12.20,12.20,13.43,81.87,86.53
10.57,10.57,12.08,81.42,87.10
13.75,13.75,11.27,79.94,86.22
13.82,13.82,12.68,79.87,85.31
15.24,15.24,12.79,80.95,85.52
15.75,15.75,13.22,81.09,85.19
18.25,18.25,15.95,80.62,84.30
15.96,15.96,15.41,80.81,84.61
16.96,16.96,15.94,80.62,83.72
17.81,17.81,18.98,79.91,82.59
16.46,16.46,17.06,81.27,82.17
13.87,13.87,13.90,81.70,81.72
14.02,14.02,16.89,81.17,81.01
17.29,17.29,16.89,80.21,80.61
17.41,17.41,19.03,80.02,79.96
20.33,20.33,19.24,80.29,79.23
20.21,20.21,19.57,80.47,78.45
21.39,21.39,17.59,79.78,77.21
21.72,21.72,17.65,79.85,76.19
25.40,25.40,18.80,79.46,74.86
26.13,26.13,20.95,78.56,74.71
28.55,28.55,22.41,78.37,74.63
29.32,29.32,21.33,79.84,72.75
26.06,26.06,21.28,79.02,72.02
27.92,27.92,22.14,77.60,72.38
28.16,28.16,22.49,76.25,71.11
28.43,28.43,21.31,77.69,72.86
29.33,29.33,19.42,78.00,74.47
32.22,32.22,19.71,76.78,73.21
33.60,33.60,20.77,76.78,74.48
33.35,33.35,22.38,76.25,74.68
31.83,31.83,22.75,75.29,74.60
32.58,32.58,23.28,74.75,75.48
34.40,34.40,23.75,76.42,76.40
34.60,34.60,24.88,76.21,75.53
37.11,37.11,23.78,75.02,75.61
36.13,36.13,21.82,73.34,75.57
36.33,36.33,18.72,74.64,74.85
32.93,32.93,16.53,74.69,75.57
26.63,26.63,14.49,73.52,75.34
17.02,17.02,13.03,73.24,74.80
21.49,21.49,25.67,73.33,76.06
27.79,27.79,36.95,72.75,79.11
21.61,21.61,30.68,71.27,79.06
17.32,17.32,24.48,72.69,78.69
12.54,12.54,19.52,72.49,79.05
10.41,10.41,18.40,71.98,80.20
10.55,10.55,21.24,70.50,80.69
9.87,9.87,19.11,71.08,81.41
9.95,9.95,16.47,71.06,80.20
13.84,13.84,20.19,70.91,79.16
10.18,10.18,18.21,70.18,78.07
11.50,11.50,21.10,70.41,78.43
12.94,12.94,20.39,68.96,78.74
15.36,15.36,22.35,68.32,77.74
16.05,16.05,21.45,68.30,77.30
16.05,16.05,20.60,69.63,76.78
17.64,17.64,22.66,69.62,77.31
17.88,17.88,21.89,67.30,77.14
20.14,20.14,22.99,66.59,77.33
22.20,22.20,24.91,67.14,77.41
22.15,22.15,26.95,66.36,76.94
23.30,23.30,26.14,66.33,76.77
24.16,24.16,26.08,66.93,76.97
24.97,24.97,25.93,65.56,76.82
25.05,25.05,25.66,64.92,76.40
24.36,24.36,29.07,65.04,75.75
27.29,27.29,29.32,65.96,75.45
26.46,26.46,28.46,66.09,75.75
26.93,26.93,27.91,64.39,74.32
27.15,27.15,28.91,63.17,73.97
26.14,26.14,29.82,64.37,73.21
28.13,28.13,29.11,64.37,73.80
26.93,26.93,26.88,63.51,72.29
26.90,26.90,29.67,63.11,73.60
28.37,28.37,29.38,63.00,72.18
31.14,31.14,28.03,62.65,72.05
28.62,28.62,23.07,61.43,70.57
27.60,27.60,18.88,62.30,71.03
21.20,21.20,14.15,62.00,72.18
15.89,15.89,14.19,61.16,73.54
8.47,8.47,16.70,54.28,80.61
0.92,0.92,16.24,61.24,80.78
5.82,5.82,21.98,63.73,84.32
22.94,22.94,42.55,75.69,84.66
16.98,16.98,37.53,79.32,85.34
6.47,6.47,24.11,79.86,85.49
6.28,6.28,21.27,80.55,84.08
7.16,7.16,17.44,79.17,81.98
12.15,12.15,14.59,80.11,81.44
12.74,12.74,14.29,81.29,79.25
21.97,21.97,12.17,81.21,80.07
22.52,22.52,10.37,79.22,77.88
15.91,15.91,9.78,80.40,76.79
11.03,11.03,9.98,80.65,77.44
10.43,10.43,18.08,80.87,76.95
19.04,19.04,20.05,79.03,75.84
12.30,12.30,24.28,79.48,75.85
13.89,13.89,18.26,79.77,74.93
15.67,15.67,19.85,81.15,73.26
14.79,14.79,19.48,79.98,72.49
14.87,14.87,21.61,80.42,76.10
16.14,16.14,20.58,79.95,74.26
16.02,16.02,29.24,80.81,75.24
14.52,14.52,30.90,79.53,76.34
11.56,11.56,29.47,79.82,75.89
12.67,12.67,30.16,79.85,76.01
15.53,15.53,27.30,80.87,76.17
14.28,14.28,27.52,80.17,73.97
17.54,17.54,30.77,80.03,74.14
19.99,19.99,27.22,79.96,73.52
15.13,15.13,22.60,80.92,73.10
15.95,15.95,31.07,80.50,74.18
16.19,16.19,29.98,80.63,74.94
14.27,14.27,24.31,80.01,76.20
15.95,15.95,23.26,80.90,76.43
19.67,19.67,15.90,79.85,76.13
17.10,17.10,17.75,79.49,76.51
11.48,11.48,25.62,78.97,74.99
12.85,12.85,25.01,80.16,74.07
12.80,12.80,30.83,78.89,72.77
10.44,10.44,28.48,78.60,73.22
10.13,10.13,25.93,78.62,72.89
12.38,12.38,27.17,78.82,73.58
11.09,11.09,24.73,77.66,75.04
9.55,9.55,17.60,77.39,74.65
10.67,10.67,20.25,76.38,75.33
11.32,11.32,23.88,76.66,74.33
11.70,11.70,19.86,76.54,74.57
9.79,9.79,19.43,75.45,74.06
11.76,11.76,25.24,75.44,73.71
11.88,11.88,28.35,75.25,73.92
11.46,11.46,25.76,74.84,74.88
9.97,9.97,18.86,74.68,72.64
12.20,12.20,21.71,74.60,74.44
12.06,12.06,23.49,74.66,72.98
14.29,14.29,27.87,73.86,74.10
14.92,14.92,21.74,73.29,74.85
15.02,15.02,19.16,73.87,75.64
15.31,15.31,27.48,72.93,74.42
18.58,18.58,25.30,72.31,74.48
18.22,18.22,26.14,72.29,73.13
17.71,17.71,27.10,73.31,74.97
16.52,16.52,23.00,72.49,73.67
18.46,18.46,27.89,70.79,75.46
18.44,18.44,24.61,70.89,75.58
15.58,15.58,18.61,72.29,73.88
11.23,11.23,11.01,71.59,76.76
8.40,8.40,14.61,69.89,83.39
19.51,19.51,34.23,70.09,82.30
22.05,22.05,37.19,70.92,82.97
12.75,12.75,26.02,69.89,80.62
8.62,8.62,17.73,68.94,81.38
10.10,10.10,16.05,68.80,83.05
10.64,10.64,13.31,70.62,80.30
8.59,8.59,14.30,69.70,80.66
7.40,7.40,13.75,68.06,81.62
8.76,8.76,15.80,67.32,81.38
6.89,6.89,18.16,67.04,81.04
8.02,8.02,17.25,64.86,81.92
6.37,6.37,15.62,64.60,80.12
7.03,7.03,16.18,65.64,80.68
9.71,9.71,16.08,66.76,78.61
11.22,11.22,16.64,65.17,79.61
11.94,11.94,16.57,64.89,80.76
9.39,9.39,17.09,65.21,77.16
11.51,11.51,16.14,66.74,78.50
9.37,9.37,14.58,64.35,79.03
8.42,8.42,14.67,60.21,77.30
8.80,8.80,18.57,61.67,78.53
8.40,8.40,18.97,64.74,78.17
11.01,11.01,19.36,64.62,77.84
12.56,12.56,21.06,63.76,77.02
12.29,12.29,22.84,62.58,79.87
11.93,11.93,16.48,62.35,76.75
12.61,12.61,17.36,61.73,78.36
17.33,17.33,19.81,62.59,76.54
10.26,10.26,23.07,62.71,75.75
10.53,10.53,20.76,62.62,76.83
14.85,14.85,23.49,57.82,74.23
10.20,10.20,20.07,50.56,74.29
11.75,11.75,18.94,58.68,74.42
7.19,7.19,19.47,59.86,74.87
6.05,6.05,19.55,58.70,73.36
8.62,8.62,20.37,58.62,74.55
8.54,8.54,20.91,60.25,73.26
5.37,5.37,21.66,60.67,71.76
6.07,6.07,17.34,55.71,73.23
6.14,6.14,16.81,51.33,71.50
6.04,6.04,16.66,52.91,71.23
11.49,11.49,18.23,54.89,72.51
11.50,11.50,19.26,55.44,72.77
16.59,16.59,18.47,55.03,74.51
15.42,15.42,16.79,55.51,73.67
12.08,12.08,16.41,58.28,72.92
11.88,11.88,16.72,57.63,72.80
8.25,8.25,17.57,58.13,72.77
9.95,9.95,18.44,60.22,74.31
8.59,8.59,17.92,59.49,71.60
8.43,8.43,16.59,58.43,72.94
10.46,10.46,18.14,57.28,71.10
10.69,10.69,18.43,55.42,71.67
12.78,12.78,17.00,53.96,71.34
12.65,12.65,14.34,55.70,71.06
18.16,18.16,14.22,54.88,71.08
14.73,14.73,17.28,52.94,71.83
11.65,11.65,17.54,46.29,72.38
11.41,11.41,17.40,36.47,72.39
13.62,13.62,16.64,29.62,73.80
16.48,16.48,17.45,43.77,72.04
16.96,16.96,16.01,51.19,73.63
19.48,19.48,17.46,52.08,70.88
15.54,15.54,15.75,55.01,72.14
14.58,14.58,16.48,54.93,73.02
9.46,9.46,19.31,52.53,71.94
18.42,18.42,30.40,62.99,72.61
27.97,27.97,42.64,81.09,74.30
21.30,21.30,35.16,79.79,72.80
11.70,11.70,22.71,81.01,71.73
9.58,9.58,18.48,81.99,72.99
10.29,10.29,14.72,81.14,72.50
11.57,11.57,14.05,80.04,72.67
12.93,12.93,13.85,81.72,71.78
10.21,10.21,12.52,82.00,71.17
11.80,11.80,11.63,80.46,72.78
12.76,12.76,10.37,81.08,72.32
12.84,12.84,9.51,81.83,72.90
13.20,13.20,10.89,81.53,72.10
16.03,16.03,13.15,80.04,71.13
16.63,16.63,12.61,80.94,71.55
17.92,17.92,11.80,81.62,71.96
17.13,17.13,15.58,81.04,71.06
18.66,18.66,13.75,79.80,70.95
19.97,19.97,12.58,81.73,73.85
23.53,23.53,14.53,82.08,73.32
18.96,18.96,13.92,80.66,71.49
13.15,13.15,16.56,79.82,74.03
15.99,15.99,25.05,80.60,72.66
18.23,18.23,26.06,80.31,73.20
13.37,13.37,19.07,78.69,73.10
15.30,15.30,16.09,78.99,72.61
16.09,16.09,14.45,79.37,73.75
17.26,17.26,14.35,79.36,73.94
17.42,17.42,19.08,77.58,73.03
12.09,12.09,20.46,78.39,73.37
9.85,9.85,22.73,78.71,72.17
15.57,15.57,21.55,78.51,72.69
16.42,16.42,16.27,76.62,72.99
14.61,14.61,17.23,76.90,73.27
15.03,15.03,21.03,76.80,75.17
12.36,12.36,22.35,75.68,72.71
12.78,12.78,17.69,75.45,73.30
13.82,13.82,14.52,76.62,72.41
18.88,18.88,16.81,75.55,71.50
20.17,20.17,18.29,74.09,69.97
18.20,18.20,18.35,74.73,67.98
16.35,16.35,19.23,75.30,72.42
14.54,14.54,17.72,75.02,70.17
13.12,13.12,15.87,73.81,71.98
12.60,12.60,11.79,74.65,72.38
12.29,12.29,8.77,73.39,76.38
10.74,10.74,9.00,72.85,84.32
12.31,12.31,7.66,71.87,84.40
15.28,15.28,8.99,71.86,84.82
15.34,15.34,10.20,72.06,83.51
12.34,12.34,10.12,71.85,83.25
9.90,9.90,9.61,71.50,83.84
10.08,10.08,7.83,71.47,83.18
12.66,12.66,6.67,70.22,83.32
11.42,11.42,9.10,69.14,82.36
10.12,10.12,12.63,69.48,81.58
9.02,9.02,10.24,70.70,81.45
9.36,9.36,10.92,70.29,81.41
10.51,10.51,11.60,68.65,81.51
12.55,12.55,12.84,69.22,80.97
13.20,13.20,10.68,69.65,80.04
13.28,13.28,13.12,68.43,80.24
11.73,11.73,13.49,66.93,80.72
9.48,9.48,12.91,67.13,78.74
10.47,10.47,12.07,67.51,79.15
11.10,11.10,11.82,67.46,78.46
14.14,14.14,17.36,67.46,78.43
28.20,28.20,30.09,66.48,79.56
23.87,23.87,22.31,66.94,81.60
18.11,18.11,16.60,66.33,80.45
12.88,12.88,12.60,64.28,80.72
8.45,8.45,11.80,63.41,81.28
5.42,5.42,9.52,63.08,79.96
4.83,4.83,9.90,62.71,80.17
5.67,5.67,12.45,64.58,82.59
4.85,4.85,12.80,65.13,80.48
5.79,5.79,9.30,62.24,79.76
6.76,6.76,8.44,62.93,80.30
6.87,6.87,7.37,65.51,79.92
8.38,8.38,9.63,65.24,78.63
10.87,10.87,10.16,63.24,79.82
11.82,11.82,13.93,60.06,77.66
9.69,9.69,13.70,60.72,77.17
11.68,11.68,12.39,60.27,78.46
10.94,10.94,11.83,59.02,76.84
10.61,10.61,12.08,62.29,77.33
9.86,9.86,13.11,62.22,77.40
13.63,13.63,11.42,58.85,76.61
16.69,16.69,12.48,55.07,74.64
16.69,16.69,12.99,58.53,76.36
14.71,14.71,13.09,60.45,75.67
17.44,17.44,12.57,59.03,75.33
20.11,20.11,13.74,58.30,73.76
21.87,21.87,12.75,59.16,73.78
18.48,18.48,15.65,59.20,73.83
20.39,20.39,19.35,60.46,74.32
18.85,18.85,18.60,60.63,73.70
19.80,19.80,15.75,58.82,71.54
21.86,21.86,16.93,55.96,72.61
24.13,24.13,16.66,55.38,72.38
17.13,17.13,16.56,57.13,71.61
20.54,20.54,18.79,55.93,72.28
21.16,21.16,18.29,55.77,72.31
21.26,21.26,17.24,55.64,72.65
23.66,23.66,20.02,55.92,71.79
20.36,20.36,21.26,54.87,70.71
24.72,24.72,22.46,52.10,70.88
22.79,22.79,22.27,51.69,70.46
22.48,22.48,20.99,53.51,68.85
22.14,22.14,21.20,53.45,71.08
22.95,22.95,21.66,52.41,71.62
23.06,23.06,21.76,51.61,69.25
23.86,23.86,22.22,51.87,71.47
24.31,24.31,22.93,51.20,70.89
24.11,24.11,25.52,50.21,68.71
23.49,23.49,24.40,51.53,68.98
21.52,21.52,27.30,52.48,67.91
22.74,22.74,27.16,51.81,69.15
21.63,21.63,27.15,49.08,66.82
20.96,20.96,26.56,49.15,68.28
22.98,22.98,28.87,49.04,67.85
22.45,22.45,29.60,48.25,68.51
24.26,24.26,26.33,50.55,67.68
26.25,26.25,27.03,51.11,67.71
27.27,27.27,24.68,51.18,68.18
20.31,20.31,25.87,48.92,66.42
19.01,19.01,27.41,47.76,66.55
19.47,19.47,29.18,47.26,66.00
23.22,23.22,29.06,46.53,65.05
26.90,26.90,36.96,43.20,65.22
30.57,30.57,38.68,40.97,66.58
33.21,33.21,41.59,41.72,67.16
33.07,33.07,37.00,42.65,65.53
33.09,33.09,37.83,43.44,66.00
36.24,36.24,38.09,40.80,65.96
34.38,34.38,38.66,40.61,65.84
33.37,33.37,36.75,42.00,66.51
29.45,29.45,34.71,41.12,66.57
31.61,31.61,35.09,42.67,65.93
30.74,30.74,34.70,41.43,64.69
32.07,32.07,39.87,40.24,65.28
30.48,30.48,37.09,38.63,66.56
34.58,34.58,37.99,40.43,68.41
32.45,32.45,36.58,39.13,64.80
29.10,29.10,34.81,38.53,65.74
29.05,29.05,37.53,36.71,65.00
29.94,29.94,37.00,35.25,64.98
30.94,30.94,38.85,35.96,64.43
31.11,31.11,38.19,36.72,64.01
29.25,29.25,35.58,38.31,64.33
30.85,30.85,34.93,37.62,64.87
29.96,29.96,35.34,37.41,64.40
30.47,30.47,35.68,37.03,63.16
30.34,30.34,36.59,36.03,65.88
34.12,34.12,38.87,33.26,61.65
33.65,33.65,36.46,32.62,65.70
33.15,33.15,37.17,28.49,63.46
32.52,32.52,37.60,30.05,63.27
31.16,31.16,38.13,30.89,63.78
33.09,33.09,37.37,29.19,65.55
37.16,37.16,36.87,30.89,62.23
34.79,34.79,36.61,29.98,62.63
33.07,33.07,40.14,30.54,63.13
35.53,35.53,38.76,29.18,61.32
34.15,34.15,38.87,28.57,63.05
35.87,35.87,38.05,32.31,61.67
35.36,35.36,38.15,30.02,64.73
36.92,36.92,39.24,30.84,63.79
35.23,35.23,40.13,31.46,63.57
35.26,35.26,40.65,29.58,62.59
34.23,34.23,38.77,28.35,60.41
33.74,33.74,40.06,26.96,63.54
33.30,33.30,39.86,27.57,62.66
34.35,34.35,41.54,27.10,61.95
33.73,33.73,40.96,27.32,61.92
32.88,32.88,41.47,28.49,63.44
35.16,35.16,41.64,26.19,62.08
35.86,35.86,40.81,28.73,61.41
34.56,34.56,45.31,30.71,61.72
35.14,35.14,43.82,28.27,59.21
36.13,36.13,42.72,30.56,60.71
35.85,35.85,43.40,34.15,55.78
37.27,37.27,41.99,29.53,56.51
35.37,35.37,44.43,36.07,53.75
34.57,34.57,44.31,34.01,54.32
34.37,34.37,45.88,32.21,55.33
36.27,36.27,45.64,35.23,53.89
33.10,33.10,43.97,35.95,56.00
33.63,33.63,45.95,34.86,54.94
35.65,35.65,45.54,33.69,52.42
33.54,33.54,45.30,35.14,51.55
32.90,32.90,45.91,34.36,50.72
34.84,34.84,43.59,32.58,48.90
34.52,34.52,44.41,30.05,47.46
34.58,34.58,46.43,27.72,43.84
36.27,36.27,44.18,22.97,42.63
32.43,32.43,45.81,26.33,43.92
34.41,34.41,48.69,21.68,46.27
33.54,33.54,45.97,26.95,44.99
35.42,35.42,47.06,24.93,47.79
34.51,34.51,47.42,24.20,45.54
35.89,35.89,45.51,22.60,44.21
33.84,33.84,45.82,23.76,45.19
33.31,33.31,43.57,25.23,44.69
32.05,32.05,43.02,22.74,44.31
34.32,34.32,46.66,20.91,47.18
34.44,34.44,46.38,22.92,47.19
34.34,34.34,46.29,21.07,45.44
34.59,34.59,48.17,17.93,43.75
33.95,33.95,47.95,20.97,41.92
34.17,34.17,48.58,16.42,42.60
34.90,34.90,47.98,13.76,41.62
36.14,36.14,44.31,14.73,45.10
37.20,37.20,45.78,12.93,49.68
37.58,37.58,44.41,13.94,51.30
35.91,35.91,40.62,8.79,53.01
33.01,33.01,40.02,15.79,52.37
24.70,24.70,32.51,30.15,52.36
12.85,12.85,23.63,44.61,54.18
5.60,5.60,25.97,60.70,73.06
0.08,0.08,22.77,74.48,81.68
-0.00,-0.00,19.20,81.40,82.63
-0.00,-0.00,16.70,79.56,83.65
1.79,1.79,18.21,79.39,81.63
4.31,4.31,10.78,79.55,82.17
3.90,3.90,12.14,79.96,81.80
1.20,1.20,9.57,78.81,83.42
0.99,0.99,10.09,79.21,80.63
1.38,1.38,14.81,79.87,81.27
2.20,2.20,17.95,81.06,82.28
2.70,2.70,18.18,79.84,81.53
2.71,2.71,14.68,79.24,80.14
1.79,1.79,12.66,79.69,80.86
1.44,1.44,15.95,80.60,81.98
2.31,2.31,17.32,79.62,80.77
2.90,2.90,15.03,79.95,81.93
2.77,2.77,14.23,80.20,80.19
2.92,2.92,13.83,80.41,79.13
3.43,3.43,17.73,78.94,79.90
4.02,4.02,21.82,78.89,80.28
4.10,4.10,21.60,80.82,79.49
6.84,6.84,22.40,80.18,79.49
8.66,8.66,22.02,79.66,77.32
8.84,8.84,21.20,79.62,79.93
7.86,7.86,20.85,80.90,79.46
8.38,8.38,23.45,80.93,78.97
5.51,5.51,24.74,79.75,77.04
7.87,7.87,21.16,79.65,78.48
9.73,9.73,15.38,80.38,78.48
7.96,7.96,15.28,79.95,75.29
7.33,7.33,16.71,79.07,78.88
6.12,6.12,24.31,79.21,77.68
5.78,5.78,21.95,80.66,77.97
4.52,4.52,24.33,79.70,79.94
6.52,6.52,24.51,79.10,77.12
6.89,6.89,21.82,78.85,77.64
4.15,4.15,21.74,79.87,78.97
5.85,5.85,20.89,78.97,77.83
6.82,6.82,16.88,77.84,77.18
7.33,7.33,13.20,77.78,79.00
7.74,7.74,12.51,78.94,79.95
7.18,7.18,14.96,77.42,77.74
6.40,6.40,16.02,76.66,78.91
5.17,5.17,19.53,76.24,74.69
4.82,4.82,20.13,77.55,75.79
5.33,5.33,19.46,76.72,75.67
6.48,6.48,27.12,75.74,73.88
6.77,6.77,24.60,75.77,77.81
9.16,9.16,20.08,76.25,76.72
10.19,10.19,20.01,75.12,74.10
10.52,10.52,27.25,74.00,77.58
6.38,6.38,32.81,74.41,75.74
3.91,3.91,26.88,75.61,72.65
4.75,4.75,26.10,73.86,75.69
4.59,4.59,27.62,73.35,73.93
6.60,6.60,26.32,73.13,73.42
9.25,9.25,20.36,74.50,75.06
8.48,8.48,27.05,72.68,71.43
5.40,5.40,23.67,72.29,75.72
7.60,7.60,27.96,72.37,76.70
8.15,8.15,20.49,73.37,75.68
8.60,8.60,21.77,71.82,75.55
6.55,6.55,27.03,70.85,73.48
6.23,6.23,20.04,70.96,74.03
6.45,6.45,21.94,71.55,77.32
9.62,9.62,24.45,70.25,76.36
29.23,29.23,42.75,69.96,73.95
25.01,25.01,37.93,70.11,77.70
14.29,14.29,28.13,70.94,76.73
10.51,10.51,27.49,69.27,76.11
10.69,10.69,24.26,68.41,74.28
9.74,9.74,25.02,68.98,73.38
11.46,11.46,24.79,69.88,72.81
9.00,9.00,22.97,67.68,73.78
9.08,9.08,24.87,67.39,72.69
7.90,7.90,30.04,67.73,74.22
7.38,7.38,25.67,67.87,73.95
8.66,8.66,22.24,66.95,73.65
9.62,9.62,23.31,66.02,72.90
10.09,10.09,21.96,65.02,73.16
9.24,9.24,22.15,65.71,72.89
8.57,8.57,21.78,65.72,73.69
7.44,7.44,22.02,65.70,73.01
6.16,6.16,24.29,65.39,71.75
9.20,9.20,27.83,65.13,72.01
9.35,9.35,24.47,62.45,71.45
10.27,10.27,22.04,61.47,71.25
9.72,9.72,17.61,62.33,72.50
11.19,11.19,18.59,61.88,72.10
11.97,11.97,22.28,61.92,71.50
13.34,13.34,20.99,62.45,73.24
13.80,13.80,19.69,63.05,74.88
13.25,13.25,18.95,62.87,75.21
12.51,12.51,22.31,60.48,76.01
13.05,13.05,25.37,60.85,74.04
8.26,8.26,24.94,61.16,73.33
6.40,6.40,21.79,62.25,74.52
8.89,8.89,23.21,61.31,72.93
10.98,10.98,23.85,59.29,74.87
12.80,12.80,22.46,58.91,75.15
11.78,11.78,21.16,61.02,75.50
11.42,11.42,18.63,61.21,75.85
10.87,10.87,18.59,61.89,74.11
13.04,13.04,18.38,61.04,71.51
13.19,13.19,20.70,58.61,71.14
12.17,12.17,19.27,58.21,73.76
12.89,12.89,22.26,58.58,73.11
14.02,14.02,21.84,58.17,72.46
14.52,14.52,24.45,57.46,72.37
14.39,14.39,22.59,55.94,74.08
15.84,15.84,24.19,55.32,74.25
17.16,17.16,24.57,55.86,74.24
21.52,21.52,28.03,55.92,72.77
17.43,17.43,21.31,56.56,72.37
17.22,17.22,23.88,56.13,70.18
14.59,14.59,20.01,53.77,71.15
14.61,14.61,22.49,51.23,69.24
14.06,14.06,23.97,49.86,71.35
14.78,14.78,20.35,50.76,69.68
16.68,16.68,22.68,54.44,70.03
12.91,12.91,18.74,53.96,70.16
14.11,14.11,18.97,54.87,71.16
15.97,15.97,22.15,55.10,69.59
18.56,18.56,26.56,55.01,69.72
15.42,15.42,28.14,53.04,69.08
14.91,14.91,28.46,49.96,69.61
18.46,18.46,28.19,48.50,69.89
22.13,22.13,25.83,50.30,70.24
25.66,25.66,23.16,51.32,70.57
24.29,24.29,20.08,50.22,69.60
20.80,20.80,17.58,48.60,68.34
15.98,15.98,20.03,47.76,66.59
30.39,30.39,40.83,43.52,74.62
23.33,23.33,34.97,37.11,82.86
13.46,13.46,24.23,45.85,86.17
16.23,16.23,24.04,48.24,86.48
15.09,15.09,33.15,44.53,86.35
16.36,16.36,35.03,43.00,86.57
17.40,17.40,34.03,41.08,85.90
17.94,17.94,38.96,45.97,85.86
15.75,15.75,37.42,46.85,85.03
11.71,11.71,31.68,44.06,84.06
16.19,16.19,33.37,42.77,84.17
17.82,17.82,31.16,44.84,82.94
16.09,16.09,24.22,45.85,83.94
11.70,11.70,24.34,44.86,82.84
12.56,12.56,27.87,42.54,82.13
14.74,14.74,25.30,41.83,83.04
17.64,17.64,25.39,37.45,81.47
19.32,19.32,28.51,33.48,80.68
19.28,19.28,26.02,32.84,79.90
17.24,17.24,28.25,33.82,79.95
16.09,16.09,34.21,36.82,79.67
16.27,16.27,30.92,37.97,78.51
16.87,16.87,32.83,38.45,78.35
17.02,17.02,37.00,39.21,78.43
13.49,13.49,33.39,37.41,78.80
14.75,14.75,37.49,38.65,78.28
13.46,13.46,31.98,36.63,76.57
18.19,18.19,33.85,35.73,77.71
18.68,18.68,37.64,35.34,75.87
20.75,20.75,35.49,32.54,75.51
19.81,19.81,33.72,33.75,73.77
20.67,20.67,38.48,33.39,76.64
27.81,27.81,35.22,31.24,73.09
27.17,27.17,33.72,33.02,75.50
28.44,28.44,35.24,28.66,73.16
28.38,28.38,34.19,31.67,74.49
24.28,24.28,29.35,29.43,70.23
24.83,24.83,35.30,26.14,72.50
23.25,23.25,34.19,27.46,69.70
22.26,22.26,35.15,27.26,70.95
23.37,23.37,40.32,26.98,70.08
18.93,18.93,38.08,30.01,71.86
18.87,18.87,37.71,29.02,71.39
23.17,23.17,34.61,33.63,73.49
32.83,32.83,40.78,34.64,79.58
26.65,26.65,33.44,28.30,85.42
13.36,13.36,30.25,35.04,82.90
14.16,14.16,23.57,37.91,82.72
14.04,14.04,28.26,36.27,83.10
19.60,19.60,30.66,38.77,81.68
24.54,24.54,34.82,35.27,81.06
22.20,22.20,37.25,36.74,80.03
18.11,18.11,42.06,33.94,79.32
18.29,18.29,44.00,32.04,80.46
16.55,16.55,38.02,33.69,78.78
16.28,16.28,36.95,30.91,78.42
15.81,15.81,31.63,25.90,76.22
16.98,16.98,35.31,26.81,77.19
16.94,16.94,33.66,27.52,74.58
13.47,13.47,39.21,28.42,74.23
14.12,14.12,33.53,28.69,73.21
15.04,15.04,35.86,27.18,74.45
15.60,15.60,37.91,27.75,71.25
17.61,17.61,38.38,29.18,70.62
23.12,23.12,32.88,24.81,71.28
24.21,24.21,36.24,23.45,73.81
20.69,20.69,32.31,22.93,71.97
17.80,17.80,33.47,21.29,73.21
15.21,15.21,34.16,22.12,72.50
20.66,20.66,36.66,22.66,70.82
20.90,20.90,30.89,23.38,70.01
20.62,20.62,32.11,22.87,67.73
23.43,23.43,33.05,23.88,69.85
29.27,29.27,28.41,20.08,69.26
25.66,25.66,37.23,19.52,70.65
24.24,24.24,28.95,17.51,72.67
26.68,26.68,36.54,14.57,72.68
25.27,25.27,27.93,10.75,73.14
24.81,24.81,31.68,14.98,72.28
24.99,24.99,31.31,17.19,72.80
25.09,25.09,33.39,13.91,71.35
24.53,24.53,29.88,18.48,67.61
26.33,26.33,30.16,15.45,68.06
26.11,26.11,30.53,12.46,68.32
25.44,25.44,36.21,16.87,70.09
27.23,27.23,26.90,13.02,69.45
23.84,23.84,22.82,13.25,69.21
25.81,25.81,16.36,13.36,71.51
27.72,27.72,28.24,16.63,76.76
22.37,22.37,25.31,17.70,79.84
20.17,20.17,26.87,20.89,87.71
16.08,16.08,32.36,22.53,87.76
15.82,15.82,31.61,24.08,88.46
18.43,18.43,28.88,27.94,88.26
18.40,18.40,28.43,20.92,89.07
19.81,19.81,29.20,17.66,89.04
20.78,20.78,31.55,16.95,88.58
20.30,20.30,30.74,22.17,87.44
19.03,19.03,27.47,18.10,87.07
17.68,17.68,24.79,18.15,86.19
15.84,15.84,27.74,10.48,85.36
16.34,16.34,23.92,18.13,84.97
17.01,17.01,23.73,16.06,84.32
18.48,18.48,19.53,21.08,84.36
19.21,19.21,20.63,20.53,83.37
16.17,16.17,18.83,11.62,82.63
15.08,15.08,17.42,9.01,80.56
18.09,18.09,20.22,11.50,79.55
19.15,19.15,22.68,11.12,77.53
18.79,18.79,24.13,11.56,77.24
19.26,19.26,24.39,15.90,76.52
21.41,21.41,24.95,11.83,74.64
21.66,21.66,24.79,13.92,73.64
21.80,21.80,26.35,12.45,70.92
21.73,21.73,27.11,12.43,72.38
24.88,24.88,34.66,10.89,71.58
26.24,26.24,37.29,13.15,72.54
24.39,24.39,46.61,9.63,71.42
24.32,24.32,42.51,13.86,72.65
24.53,24.53,40.26,15.82,73.97
21.35,21.35,40.46,10.64,73.45
21.06,21.06,39.22,13.47,73.04
23.34,23.34,40.93,7.62,71.41
24.38,24.38,42.00,6.34,72.35
27.20,27.20,41.08,10.42,71.24
25.95,25.95,43.49,8.05,72.14
31.12,31.12,39.28,9.40,71.76
29.85,29.85,40.45,11.72,73.35
26.76,26.76,32.48,24.55,71.15
21.80,21.80,28.22,41.35,70.57
18.14,18.14,20.48,42.56,69.77
13.89,13.89,13.90,62.97,74.37
13.31,13.31,8.55,81.74,75.07
12.98,12.98,7.08,81.24,76.65
15.60,15.60,7.52,81.45,75.77
13.86,13.86,9.99,82.54,74.33
12.88,12.88,9.73,81.45,75.49
15.65,15.65,12.23,80.48,74.41
14.35,14.35,12.41,82.29,73.69
16.83,16.83,14.86,81.06,75.33
20.30,20.30,15.73,80.73,73.67
18.37,18.37,17.07,82.04,74.44
16.18,16.18,19.24,81.68,73.43
17.79,17.79,19.41,81.19,73.10
17.91,17.91,18.65,82.01,73.31
18.57,18.57,21.73,81.16,72.04
21.89,21.89,21.99,81.21,72.73
18.56,18.56,22.59,82.62,71.10
24.14,24.14,22.70,81.37,71.88
27.16,27.16,23.74,80.91,70.72
22.87,22.87,22.27,81.98,69.68
20.59,20.59,23.61,81.03,68.10
21.48,21.48,24.83,80.77,68.34
20.15,20.15,25.00,81.74,67.48
18.71,18.71,23.71,81.03,68.43
19.59,19.59,23.29,80.99,67.42
20.98,20.98,25.10,82.00,68.03
22.46,22.46,25.03,80.92,67.90
22.96,22.96,26.39,80.55,68.31
21.43,21.43,26.09,82.05,67.75
21.85,21.85,25.19,80.71,69.00
22.97,22.97,26.22,80.92,68.55
26.11,26.11,26.42,82.13,67.92
25.63,25.63,25.70,81.60,67.07
20.57,20.57,26.05,80.84,68.09
19.25,19.25,27.27,81.71,66.71
22.24,22.24,28.68,81.02,68.10
22.69,22.69,28.54,80.62,68.52
18.82,18.82,29.15,81.68,69.12
15.39,15.39,27.12,80.69,67.48
16.36,16.36,26.61,79.91,67.51
20.53,20.53,23.56,80.49,68.54
20.41,20.41,21.54,79.55,67.75
15.88,15.88,17.78,79.22,67.17
10.79,10.79,15.60,80.44,66.46
18.51,18.51,33.22,76.55,67.78
26.75,26.75,42.53,85.56,71.81
17.91,17.91,33.90,83.84,70.52
11.64,11.64,25.56,76.86,70.14
13.05,13.05,26.21,84.88,69.13
14.62,14.62,27.20,81.49,69.94
11.59,11.59,26.57,77.64,69.49
17.91,17.91,22.67,85.14,69.81
23.65,23.65,24.19,81.07,70.07
22.85,22.85,21.95,78.59,70.21
23.07,23.07,22.07,85.36,70.27
21.32,21.32,16.38,79.54,69.92
22.49,22.49,19.39,80.55,68.98
22.60,22.60,18.18,84.89,68.40
20.41,20.41,16.36,79.22,68.28
28.57,28.57,22.93,82.00,68.17
25.86,25.86,17.17,84.42,67.72
21.31,21.31,22.57,78.79,66.93
21.09,21.09,18.56,82.55,66.01
22.92,22.92,17.99,83.89,65.58
22.40,22.40,21.57,78.79,65.14
30.16,30.16,17.50,83.24,65.06
27.19,27.19,33.99,82.92,65.57
28.04,28.04,41.95,78.57,73.91
26.68,26.68,31.38,83.39,73.27
25.10,25.10,24.77,82.27,73.70
29.80,29.80,20.53,78.79,73.93
28.31,28.31,18.02,83.57,73.98
21.77,21.77,18.59,81.52,73.83
25.93,25.93,19.70,79.50,73.76
26.50,26.50,17.50,83.69,73.54
19.53,19.53,17.30,80.94,73.64
17.03,17.03,20.01,80.57,73.59
20.61,20.61,19.54,83.18,72.73
21.01,21.01,21.61,79.36,72.52
20.73,20.73,24.33,80.47,71.97
21.49,21.49,22.38,81.61,71.58
20.73,20.73,20.42,78.41,70.40
20.02,20.02,21.29,80.51,70.30
20.13,20.13,19.04,81.18,69.72
19.78,19.78,19.37,77.42,69.43
18.93,18.93,21.05,79.37,69.29
9.52,9.52,15.63,79.51,68.65
3.68,3.68,16.03,76.98,69.48
12.58,12.58,32.34,81.78,72.83
5.28,5.28,28.92,76.55,83.50
1.12,1.12,18.62,79.87,86.25
0.67,0.67,11.88,82.82,84.56
1.27,1.27,9.20,76.16,83.83
2.29,2.29,8.47,79.75,85.36
2.47,2.47,6.23,78.73,84.61
3.03,3.03,5.73,79.90,84.92
3.57,3.57,8.65,79.83,85.36
2.63,2.63,8.88,75.91,85.89
3.37,3.37,8.11,82.44,84.93
1.84,1.84,18.27,79.86,83.48
2.59,2.59,21.64,76.68,85.00
1.80,1.80,23.36,80.98,83.49
2.40,2.40,27.13,81.25,83.48
4.02,4.02,24.07,78.45,83.05
4.75,4.75,16.25,79.97,83.64
5.51,5.51,17.04,80.61,82.09
9.71,9.71,21.15,80.48,81.32
7.04,7.04,23.52,80.12,81.51
7.80,7.80,25.20,79.22,80.42
5.28,5.28,25.86,82.24,79.81
5.43,5.43,23.40,80.07,79.89
5.83,5.83,18.66,79.14,81.48
7.78,7.78,17.25,81.30,79.35
8.74,8.74,20.87,81.06,79.00
4.27,4.27,22.86,79.95,79.30
4.73,4.73,21.32,79.78,79.44
5.97,5.97,14.67,80.83,79.03
6.46,6.46,14.25,81.59,78.40
6.70,6.70,22.29,80.74,78.06
8.22,8.22,23.64,80.96,77.03
9.24,9.24,19.76,81.57,77.92
6.99,6.99,15.03,80.55,75.80
6.71,6.71,16.01,80.16,79.22
7.97,7.97,17.81,80.65,75.68
10.20,10.20,15.56,80.07,74.76
10.06,10.06,12.35,78.99,76.24
10.57,10.57,18.15,78.57,77.03
11.50,11.50,21.46,80.00,75.51
10.06,10.06,22.45,80.45,76.86
11.95,11.95,21.82,78.86,76.03
12.09,12.09,20.57,78.65,76.38
12.36,12.36,21.42,78.37,73.93
11.57,11.57,22.09,76.86,76.40
13.58,13.58,16.55,77.20,74.91
15.81,15.81,18.19,77.21,76.63
14.56,14.56,26.48,76.82,75.24
15.55,15.55,28.35,76.69,75.50
17.20,17.20,27.51,76.15,74.85
19.72,19.72,23.91,76.84,75.30
20.04,20.04,17.21,76.01,74.23
19.56,19.56,13.40,75.63,76.26
20.18,20.18,17.07,75.74,75.56
19.86,19.86,21.11,74.78,76.78
20.70,20.70,20.69,74.35,75.94
22.21,22.21,21.12,73.80,75.32
22.60,22.60,19.58,74.13,75.13
22.43,22.43,22.15,74.49,76.28
22.57,22.57,20.99,72.17,76.73
24.88,24.88,17.08,72.89,75.65
25.04,25.04,15.68,73.81,75.40
18.68,18.68,13.60,72.55,75.13
14.36,14.36,8.96,71.21,74.94
7.64,7.64,5.61,70.76,80.23
4.58,4.58,8.08,70.67,85.46
6.34,6.34,11.56,70.66,85.82
6.45,6.45,12.50,69.30,85.20
13.61,13.61,21.87,71.36,84.25
16.61,16.61,25.18,72.06,81.88
11.14,11.14,20.27,69.09,83.12
10.69,10.69,17.14,69.58,83.00
11.09,11.09,15.99,70.06,83.06
9.28,9.28,14.79,70.20,80.47
10.44,10.44,12.29,69.35,81.42
11.71,11.71,11.38,69.55,82.15
11.38,11.38,10.82,69.97,79.80
10.54,10.54,11.89,68.74,81.09
10.02,10.02,14.17,67.30,80.05
9.79,9.79,13.13,68.82,79.64
9.91,9.91,10.34,67.64,80.82
11.96,11.96,9.52,66.27,80.18
13.91,13.91,13.06,65.87,79.18
12.88,12.88,12.50,66.14,79.88
10.77,10.77,11.22,64.98,78.09
10.49,10.49,11.07,65.51,79.18
10.51,10.51,11.30,65.21,78.70
13.03,13.03,14.26,65.07,78.58
12.82,12.82,14.46,63.11,78.05
15.06,15.06,14.94,62.71,80.34
17.21,17.21,14.22,63.11,78.45
20.80,20.80,12.22,60.90,76.42
21.62,21.62,12.41,61.64,76.86
20.16,20.16,10.17,62.48,77.54
19.49,19.49,10.61,63.10,75.93
18.27,18.27,15.54,62.25,77.13
17.36,17.36,16.46,59.50,75.99
18.84,18.84,17.18,59.34,76.66
18.82,18.82,19.67,61.35,75.44
20.45,20.45,19.53,60.49,75.43
21.75,21.75,16.56,58.59,73.42
17.53,17.53,15.31,57.50,75.85
17.04,17.04,16.25,57.78,76.39
16.80,16.80,15.30,58.73,73.67
16.89,16.89,13.40,59.37,74.57
19.72,19.72,16.21,58.82,74.41
17.22,17.22,14.87,58.52,72.27
17.94,17.94,18.15,55.73,73.38
17.56,17.56,16.32,57.19,73.34
20.13,20.13,12.30,57.31,71.57
21.82,21.82,12.09,54.99,72.38
20.98,20.98,11.94,55.61,72.03
21.40,21.40,11.75,56.56,72.61
20.85,20.85,12.02,54.99,71.06
19.90,19.90,10.40,55.05,73.19
16.24,16.24,9.98,56.13,72.31
15.80,15.80,11.23,54.14,72.91
19.16,19.16,13.17,52.42,71.87
20.50,20.50,12.98,53.24,71.70
21.24,21.24,14.47,54.07,69.39
21.66,21.66,15.56,53.19,69.81
19.06,19.06,14.64,52.55,67.96
17.41,17.41,15.05,52.98,68.36
19.32,19.32,17.22,53.78,69.39
19.49,19.49,18.72,53.61,68.83
20.90,20.90,17.64,52.70,67.96
21.11,21.11,18.24,52.69,69.98
20.87,20.87,17.43,52.18,71.30
21.03,21.03,17.47,51.56,69.76
24.56,24.56,18.11,50.98,69.84
26.87,26.87,18.83,49.89,68.29
20.48,20.48,16.25,48.47,70.92
26.72,26.72,30.28,50.13,72.99
26.44,26.44,34.09,49.99,78.54
20.18,20.18,26.70,45.85,78.18
17.39,17.39,21.89,46.55,79.95
16.64,16.64,16.33,48.98,81.73
11.21,11.21,17.62,48.67,81.53
12.74,12.74,14.56,48.90,81.90
8.47,8.47,14.17,46.15,82.86
16.61,16.61,17.34,46.09,81.28
19.44,19.44,15.99,47.55,80.38
15.61,15.61,18.76,48.00,80.16
6.25,6.25,17.84,46.03,80.18
9.15,9.15,14.05,45.34,79.52
5.87,5.87,15.33,48.18,79.14
9.68,9.68,15.54,44.94,79.74
14.30,14.30,16.64,45.50,77.39
15.82,15.82,16.82,45.42,78.61
11.25,11.25,14.53,44.72,78.69
10.77,10.77,16.38,48.65,78.95
9.71,9.71,16.63,47.16,76.58
9.80,9.80,18.62,43.81,78.72
10.82,10.82,23.43,45.04,77.80
11.29,11.29,21.02,42.56,76.21
14.38,14.38,17.53,43.10,78.05
17.78,17.78,13.18,45.64,78.00
19.88,19.88,16.18,40.53,75.22
16.04,16.04,18.24,42.37,76.09
15.04,15.04,16.73,41.93,77.75
17.76,17.76,14.42,42.01,75.68
19.43,19.43,16.25,39.13,75.00
20.28,20.28,17.77,41.14,74.90
20.92,20.92,19.68,42.01,74.81
18.25,18.25,21.44,40.37,73.23
19.36,19.36,19.80,38.93,73.70
19.75,19.75,19.08,42.04,74.72
19.85,19.85,16.88,42.70,74.43
18.33,18.33,18.63,38.43,73.00
20.26,20.26,22.77,36.62,73.76
19.88,19.88,21.76,38.17,72.92
21.40,21.40,20.32,37.85,71.38
23.45,23.45,19.64,35.80,71.89
23.80,23.80,19.80,39.32,73.35
22.40,22.40,18.96,37.80,72.95
20.56,20.56,13.78,38.86,71.25
19.69,19.69,11.06,30.58,72.85
16.89,16.89,7.54,33.34,77.25
15.46,15.46,8.95,39.22,76.08
11.31,11.31,8.73,36.06,74.14
14.88,14.88,13.63,35.96,76.34
12.30,12.30,17.57,39.85,76.30
12.40,12.40,20.55,36.08,76.86
14.78,14.78,20.79,40.77,74.46
12.92,12.92,24.29,40.47,76.32
16.04,16.04,24.96,31.90,73.35
17.54,17.54,17.06,30.36,75.10
16.58,16.58,19.78,27.69,74.52
15.55,15.55,16.47,35.60,72.33
14.61,14.61,21.20,29.45,73.29
14.82,14.82,23.00,32.29,73.66
15.34,15.34,23.26,31.62,72.82
16.99,16.99,25.59,35.16,71.25
18.60,18.60,21.63,31.43,71.98
21.86,21.86,20.60,31.96,71.98
21.48,21.48,20.89,30.75,69.68
20.08,20.08,20.54,29.46,69.50
21.77,21.77,22.34,31.46,69.14
22.65,22.65,22.18,27.66,68.54
22.83,22.83,23.49,29.71,69.20
21.38,21.38,24.92,27.73,67.52
24.15,24.15,26.20,30.07,69.45
19.89,19.89,22.84,25.14,69.83
19.70,19.70,21.53,28.33,68.74
22.48,22.48,26.34,26.47,71.81
27.25,27.25,26.57,24.54,67.73
30.47,30.47,30.79,21.81,67.02
31.68,31.68,27.28,24.41,65.37
30.70,30.70,28.45,25.76,66.82
29.03,29.03,27.76,22.08,63.87
26.99,26.99,27.08,23.45,66.96
26.40,26.40,29.06,20.91,65.57
25.20,25.20,29.28,25.32,63.94
26.07,26.07,30.34,25.56,63.87
28.72,28.72,29.24,22.85,64.33
26.69,26.69,28.55,24.92,65.25
31.23,31.23,30.49,28.41,64.15
31.04,31.04,29.17,30.33,65.10
33.41,33.41,29.93,29.72,62.44
34.59,34.59,32.29,33.19,63.47
33.53,33.53,32.48,33.44,62.45
29.45,29.45,31.45,33.82,62.76
27.93,27.93,33.33,33.18,60.91
28.68,28.68,33.97,32.47,63.63
30.31,30.31,34.25,35.93,60.48
29.84,29.84,34.71,37.41,60.88
32.37,32.37,36.48,35.09,60.05
32.51,32.51,37.40,36.73,59.54
30.80,30.80,36.16,37.40,62.25
32.75,32.75,37.62,37.54,60.92
32.47,32.47,38.59,39.33,60.49
27.99,27.99,36.49,38.05,58.39
28.98,28.98,38.08,38.02,60.51
30.50,30.50,38.25,37.01,58.70
31.40,31.40,38.95,35.83,60.92
32.43,32.43,38.46,34.00,57.73
32.86,32.86,39.32,36.41,58.99
35.80,35.80,38.52,36.51,61.92
36.13,36.13,38.95,33.99,59.90
34.75,34.75,38.81,32.21,61.74
35.49,35.49,40.42,35.31,60.63
33.31,33.31,39.83,35.66,59.82
33.44,33.44,38.72,33.77,58.75
32.61,32.61,40.50,30.70,59.07
34.73,34.73,41.32,34.40,60.90
36.07,36.07,41.60,34.55,58.58
36.04,36.04,40.68,32.87,59.67
36.10,36.10,40.87,31.04,59.71
37.54,37.54,42.51,33.36,59.19
36.58,36.58,42.39,32.80,56.44
36.77,36.77,44.37,36.42,57.69
37.03,37.03,42.27,31.66,59.44
35.52,35.52,44.71,31.80,58.20
36.57,36.57,42.64,27.89,60.80
38.19,38.19,42.30,26.19,59.26
38.80,38.80,38.04,22.55,57.69
37.70,37.70,41.08,24.46,57.96
38.91,38.91,41.31,23.77,60.07
36.36,36.36,41.76,18.92,58.91
34.22,34.22,35.63,11.97,60.28
27.80,27.80,26.94,24.69,59.24
12.26,12.26,23.14,35.10,58.95
0.47,0.47,16.35,49.03,67.43
-0.00,-0.00,14.43,60.72,80.18
2.24,2.24,18.38,79.39,78.10
11.56,11.56,30.79,81.35,78.77
7.84,7.84,25.63,80.12,77.29
6.49,6.49,21.85,80.35,75.01
7.89,7.89,21.06,80.70,74.60
8.38,8.38,20.31,81.71,73.10
10.52,10.52,20.99,80.79,73.11
12.96,12.96,22.14,80.34,71.62
14.00,14.00,22.74,80.56,72.11
14.26,14.26,22.05,81.33,71.60
15.15,15.15,22.82,80.03,71.24
16.33,16.33,24.85,80.34,70.78
17.43,17.43,26.46,80.35,69.41
17.24,17.24,28.81,81.11,68.97
19.44,19.44,29.90,80.18,69.05
17.64,17.64,28.89,80.03,67.96
20.88,20.88,29.29,80.23,67.30
20.81,20.81,27.76,81.21,66.27
21.38,21.38,28.05,80.06,65.91
24.02,24.02,27.46,80.36,66.95
23.63,23.63,26.11,80.90,66.64
24.44,24.44,25.44,81.21,66.55
23.69,23.69,24.31,80.55,65.63
24.77,24.77,27.42,79.88,64.93
25.90,25.90,27.77,80.84,65.82
24.22,24.22,29.74,81.00,64.62
25.37,25.37,25.91,79.40,64.47
28.39,28.39,28.24,79.16,64.79
26.27,26.27,29.73,80.06,64.41
27.04,27.04,29.14,79.54,64.32
25.98,25.98,32.74,78.34,64.16
28.98,28.98,31.93,77.46,63.80
29.03,29.03,30.58,79.30,63.01
27.72,27.72,31.06,78.53,63.85
29.13,29.13,32.02,76.81,63.21
29.53,29.53,29.14,77.22,63.01
30.88,30.88,32.96,77.45,63.41
32.19,32.19,32.82,76.35,62.00
32.37,32.37,29.79,76.06,62.45
31.33,31.33,29.61,75.58,62.04
30.94,30.94,29.96,76.76,61.21
30.67,30.67,28.97,75.55,59.64
24.36,24.36,26.57,74.43,60.90
21.49,21.49,30.87,74.45,59.03
29.42,29.42,40.90,75.75,72.42
17.11,17.11,32.41,74.04,77.99
13.50,13.50,23.17,72.98,86.11
22.68,22.68,22.20,73.15,85.99
23.44,23.44,21.28,73.99,84.41
29.57,29.57,23.35,73.08,83.90
27.13,27.13,24.48,72.11,83.84
32.49,32.49,23.96,71.21,84.03
15.85,15.85,29.44,73.22,83.48
13.64,13.64,29.45,71.90,82.71
14.71,14.71,25.48,70.76,80.62
18.64,18.64,28.88,70.95,80.99
16.58,16.58,31.51,72.46,81.65
23.56,23.56,31.11,70.70,80.55
18.43,18.43,31.07,69.33,79.08
13.16,13.16,32.38,69.93,78.23
13.37,13.37,30.74,70.76,78.93
16.27,16.27,33.09,68.92,78.00
15.97,15.97,32.19,69.16,77.46
17.87,17.87,33.66,68.72,75.49
21.03,21.03,29.99,69.33,74.89
22.19,22.19,34.11,68.62,74.84
23.72,23.72,34.01,67.29,74.01
24.59,24.59,31.56,67.72,72.29
23.19,23.19,34.90,68.75,70.89
23.10,23.10,33.63,67.33,71.65
23.81,23.81,35.27,67.39,71.30
24.14,24.14,35.87,66.76,68.28
23.73,23.73,36.43,67.68,68.56
24.74,24.74,36.32,65.88,69.03
25.20,25.20,35.34,64.92,68.01
25.08,25.08,31.27,65.57,65.94
26.72,26.72,32.11,66.12,66.72
27.15,27.15,31.11,64.00,64.32
27.59,27.59,32.73,64.16,65.24
29.23,29.23,36.74,64.18,63.66
29.54,29.54,34.48,65.39,64.25
30.57,30.57,37.04,63.28,64.47
30.01,30.01,33.65,62.47,63.21
29.26,29.26,27.77,64.16,64.85
24.14,24.14,25.97,64.19,62.77
14.56,14.56,21.34,62.58,63.10
5.83,5.83,20.91,60.49,62.56
3.85,3.85,23.02,66.91,68.33
4.40,4.40,25.03,78.35,84.56
6.60,6.60,24.97,81.56,87.80
2.01,2.01,20.38,80.34,86.44
1.53,1.53,21.82,80.36,85.75
1.25,1.25,17.59,77.21,87.09
2.10,2.10,13.44,78.43,87.09
4.58,4.58,10.18,78.10,89.59
1.85,1.85,15.11,77.22,87.93
6.14,6.14,17.42,80.05,88.33
4.73,4.73,19.30,77.59,87.31
1.82,1.82,23.52,79.29,86.52
2.86,2.86,23.84,77.69,87.17
10.15,10.15,23.74,78.90,87.19
10.86,10.86,22.02,78.13,86.59
6.11,6.11,21.51,79.31,86.04
7.27,7.27,22.54,80.17,86.37
7.15,7.15,20.35,79.40,83.69
9.19,9.19,17.60,79.96,84.66
6.05,6.05,14.78,77.98,82.70
5.48,5.48,15.93,79.63,83.62
6.31,6.31,17.58,78.21,82.98
5.59,5.59,13.47,80.15,83.11
16.11,16.11,14.79,78.81,80.11
12.02,12.02,17.07,79.94,81.48
13.81,13.81,13.67,79.72,79.85
4.53,4.53,12.46,78.80,81.45
4.78,4.78,16.68,80.41,78.89
7.30,7.30,17.09,78.71,81.82
9.55,9.55,16.09,80.45,79.33
7.51,7.51,15.88,78.21,81.21
5.18,5.18,18.55,79.66,80.52
10.43,10.43,17.85,77.72,80.59
15.43,15.43,17.94,78.53,78.49
25.79,25.79,21.41,77.77,79.49
22.76,22.76,19.99,76.89,79.40
23.87,23.87,20.77,78.41,81.33
15.88,15.88,18.44,76.49,80.06
16.10,16.10,18.00,77.54,80.97
14.88,14.88,17.30,74.55,80.32
14.27,14.27,18.92,76.95,79.53
21.01,21.01,16.12,75.07,78.89
15.75,15.75,18.69,76.94,77.68
12.67,12.67,20.21,75.61,77.99
18.85,18.85,16.95,74.93,78.11
11.40,11.40,18.49,75.15,79.80
11.00,11.00,17.26,73.71,78.88
14.12,14.12,19.30,75.01,79.08
17.22,17.22,18.43,72.51,77.72
21.15,21.15,17.76,74.89,77.94
16.77,16.77,17.64,73.02,74.81
17.43,17.43,17.74,74.52,74.94
16.69,16.69,22.74,71.99,72.26
15.59,15.59,25.71,72.00,73.35
16.96,16.96,27.86,72.71,73.52
16.22,16.22,29.90,70.91,72.88
17.77,17.77,29.69,72.83,72.63
18.65,18.65,30.52,70.73,75.24
19.33,19.33,27.70,71.83,71.83
17.36,17.36,20.13,69.23,74.30
18.01,18.01,20.77,70.68,75.17
18.27,18.27,20.94,68.91,72.84
20.65,20.65,26.91,69.95,73.43
20.56,20.56,26.00,70.35,75.37
20.13,20.13,24.15,69.44,73.46
15.58,15.58,20.05,69.46,75.10
17.77,17.77,18.21,66.55,73.46
24.54,24.54,30.87,68.24,77.53
22.54,22.54,26.58,66.31,79.65
20.96,20.96,19.14,68.69,82.17
20.47,20.47,15.08,66.50,80.28
20.18,20.18,13.56,67.85,80.22
20.91,20.91,14.78,66.71,80.14
25.86,25.86,21.69,66.52,81.14
22.72,22.72,19.76,66.43,78.74
24.36,24.36,17.96,65.00,82.78
26.91,26.91,14.01,67.25,80.51
23.44,23.44,16.39,64.65,82.09
22.26,22.26,17.40,66.02,79.52
21.39,21.39,14.12,63.77,80.19
21.78,21.78,12.04,64.56,80.74
23.93,23.93,12.59,64.34,80.72
21.41,21.41,13.19,64.42,81.23
26.37,26.37,11.07,65.10,78.67
22.73,22.73,9.89,63.13,79.35
16.09,16.09,7.62,63.16,78.73
16.35,16.35,7.01,60.15,80.28
18.64,18.64,8.29,61.87,83.83
12.07,12.07,8.21,61.24,85.23
14.06,14.06,9.36,63.66,86.63
16.73,16.73,9.26,62.53,86.88
13.65,13.65,10.03,61.27,86.86
18.12,18.12,13.54,60.02,86.62
14.39,14.39,13.21,56.88,85.29
17.21,17.21,12.02,59.75,85.50
21.93,21.93,12.81,59.32,84.56
16.51,16.51,12.01,61.40,84.80
16.09,16.09,9.47,57.83,83.92
17.72,17.72,10.09,59.00,83.83
15.57,15.57,9.51,56.72,83.58
16.91,16.91,14.29,56.32,82.83
16.48,16.48,14.85,56.05,82.62
23.11,23.11,17.92,54.78,82.33
19.09,19.09,16.10,57.01,80.00
19.20,19.20,13.49,55.88,81.58
21.37,21.37,13.72,57.86,80.02
19.26,19.26,13.65,55.72,80.21
15.88,15.88,13.70,56.49,79.97
16.46,16.46,15.54,54.65,78.14
14.30,14.30,15.08,54.95,78.74
15.75,15.75,15.83,53.26,77.12
15.51,15.51,14.06,53.21,77.99
18.08,18.08,10.89,53.16,79.20
21.42,21.42,12.88,51.65,76.00
20.74,20.74,13.01,53.29,77.93
20.86,20.86,12.70,50.87,74.83
22.57,22.57,12.89,52.94,74.81
22.01,22.01,15.77,50.84,75.57
21.02,21.02,13.10,51.87,75.63
20.21,20.21,14.93,49.83,78.03
20.04,20.04,16.95,50.16,77.92
20.30,20.30,16.31,52.04,77.00
20.90,20.90,15.09,49.06,78.39
24.67,24.67,19.11,49.91,74.57
23.72,23.72,17.85,47.21,73.96
20.69,20.69,15.66,48.64,73.48
27.12,27.12,16.37,46.51,72.55
26.44,26.44,16.64,48.54,74.24
27.79,27.79,15.81,48.66,75.79
24.74,24.74,10.10,47.59,76.57
19.27,19.27,6.37,48.25,77.55
14.49,14.49,5.22,46.41,79.78
13.80,13.80,14.37,46.18,85.38
13.63,13.63,17.55,43.73,87.04
17.18,17.18,7.71,44.58,84.65
14.63,14.63,2.57,43.81,86.22
20.86,20.86,4.38,41.50,85.01
23.56,23.56,6.17,37.88,83.83
24.36,24.36,8.78,30.92,82.64
27.20,27.20,9.76,40.43,83.19
25.14,25.14,6.78,42.30,82.60
20.00,20.00,8.31,39.39,81.80
19.33,19.33,8.55,36.73,81.36
23.13,23.13,10.26,40.37,80.99
21.58,21.58,11.54,38.26,82.43
18.37,18.37,12.71,32.70,79.24
20.60,20.60,12.93,32.72,79.30
18.79,18.79,10.53,31.95,79.29
18.44,18.44,10.86,30.91,78.78
17.36,17.36,10.97,23.21,77.33
19.96,19.96,15.42,29.40,77.55
17.49,17.49,18.08,26.60,76.91
17.77,17.77,21.42,25.21,76.01
19.71,19.71,14.03,21.84,76.27
19.50,19.50,18.16,22.59,77.28
13.62,13.62,14.89,22.87,80.65
11.75,11.75,10.68,20.68,80.92
15.19,15.19,7.76,27.91,78.60
15.34,15.34,10.73,25.68,80.16
19.58,19.58,12.18,22.99,80.15
20.70,20.70,13.31,23.46,79.99
19.37,19.37,11.88,23.34,80.36
22.11,22.11,11.28,23.70,77.85
23.85,23.85,12.39,27.22,78.16
22.64,22.64,26.40,28.45,77.90
21.72,21.72,26.29,21.27,79.83
22.56,22.56,34.17,27.69,78.51
22.25,22.25,38.09,25.93,79.16
19.65,19.65,37.84,16.15,75.69
17.21,17.21,30.48,22.71,75.53
18.92,18.92,35.63,15.48,76.18
20.03,20.03,34.24,21.29,74.67
19.79,19.79,32.84,25.57,77.14
21.80,21.80,27.03,34.83,75.16
22.09,22.09,21.18,41.59,76.78
19.98,19.98,17.96,49.55,75.55
21.47,21.47,18.14,72.45,76.22
16.78,16.78,16.47,82.35,74.22
21.77,21.77,15.03,81.46,74.12
18.33,18.33,16.43,81.09,73.38
15.26,15.26,17.04,80.98,71.67
14.51,14.51,14.92,80.25,71.15
12.84,12.84,14.83,80.24,71.60
12.53,12.53,15.62,80.72,71.84
13.56,13.56,17.12,80.83,73.74
14.67,14.67,17.11,80.96,72.85
14.66,14.66,18.99,81.19,72.80
13.72,13.72,19.24,80.81,72.30
11.39,11.39,20.35,81.57,70.21
12.13,12.13,21.54,81.24,70.39
10.55,10.55,21.01,80.81,71.06
9.29,9.29,20.50,80.56,70.70
10.45,10.45,21.55,80.06,71.00
9.48,9.48,20.74,80.51,70.46
9.78,9.78,21.73,80.34,71.57
8.71,8.71,20.39,80.78,69.75
8.77,8.77,21.06,80.74,71.39
9.53,9.53,19.94,80.98,69.23
10.18,10.18,19.31,81.28,71.27
8.64,8.64,19.53,81.32,70.26
9.51,9.51,21.12,80.79,72.26
11.63,11.63,22.14,80.21,72.44
8.80,8.80,20.69,79.85,72.21
9.83,9.83,21.49,79.64,69.37
11.67,11.67,22.55,79.10,69.84
12.55,12.55,22.06,78.98,67.30
13.94,13.94,21.73,78.77,67.63
15.09,15.09,24.12,78.47,68.86
15.96,15.96,23.67,78.62,67.11
15.32,15.32,24.01,78.36,68.21
18.41,18.41,23.68,78.96,69.85
19.21,19.21,22.37,77.81,72.12
20.71,20.71,21.99,77.10,70.54
22.65,22.65,22.57,76.61,71.69
23.20,23.20,22.30,76.54,69.63
23.98,23.98,21.40,76.75,72.18
26.91,26.91,22.87,76.15,72.54
28.30,28.30,22.48,76.10,70.91
28.16,28.16,23.16,74.82,72.26
29.09,29.09,23.30,75.37,71.14
28.71,28.71,24.00,75.29,71.47
30.72,30.72,24.55,75.54,70.46
31.06,31.06,24.39,74.45,69.25
31.12,31.12,25.13,74.57,67.49
29.45,29.45,26.10,73.75,67.44
29.67,29.67,25.85,73.31,63.53
30.92,30.92,25.73,73.35,64.93
33.69,33.69,26.65,72.75,66.40
32.03,32.03,26.90,72.79,64.40
31.21,31.21,26.16,72.04,65.85
32.56,32.56,27.33,72.32,63.59
33.71,33.71,27.51,71.57,62.50
30.41,30.41,26.35,71.45,65.09
31.47,31.47,27.49,71.29,66.32
31.42,31.42,28.59,70.67,66.66
31.00,31.00,28.54,70.55,65.04
32.85,32.85,28.59,70.47,65.93
32.47,32.47,28.82,69.87,68.74
33.55,33.55,30.33,69.22,68.08
33.39,33.39,27.39,69.01,66.85
34.67,34.67,29.05,68.84,66.62
33.54,33.54,28.74,68.66,67.65
33.85,33.85,29.82,68.48,67.80
33.32,33.32,29.51,68.35,68.36
33.57,33.57,30.18,68.94,66.46
32.55,32.55,28.51,67.46,64.85
32.38,32.38,28.02,67.26,65.08
33.31,33.31,27.13,67.30,65.12
37.40,37.40,28.72,66.54,66.77
37.00,37.00,28.89,65.69,62.49
35.80,35.80,28.39,66.35,61.13
35.53,35.53,29.56,65.12,65.30
35.78,35.78,31.55,65.07,64.15
33.98,33.98,31.38,64.67,64.33
37.72,37.72,30.13,65.08,62.88
38.13,38.13,30.12,65.51,62.44
37.92,37.92,30.86,64.38,62.21
38.20,38.20,28.38,64.00,62.22
40.06,40.06,29.98,63.25,62.10
40.99,40.99,28.57,63.77,63.74
37.82,37.82,26.43,62.88,61.40
35.70,35.70,24.68,63.15,62.58
26.59,26.59,25.38,61.82,63.16
14.42,14.42,27.46,64.54,62.39
10.82,10.82,32.94,79.44,67.13
10.88,10.88,30.50,79.38,74.92
13.82,13.82,24.64,81.36,85.71
14.77,14.77,15.50,81.78,86.35
14.91,14.91,15.28,81.11,85.84
15.58,15.58,15.68,80.55,86.67
18.72,18.72,17.52,81.02,86.77
18.06,18.06,18.63,81.20,86.27
17.20,17.20,20.56,80.51,84.96
20.48,20.48,21.84,81.81,84.97
16.69,16.69,19.15,82.09,84.32
17.78,17.78,15.05,81.36,84.52
14.38,14.38,16.05,79.73,83.43
17.43,17.43,15.39,81.03,82.61
17.08,17.08,14.93,81.46,81.64
17.98,17.98,14.80,81.70,81.34
11.69,11.69,16.06,80.48,80.60
15.95,15.95,16.05,80.95,80.24
19.62,19.62,18.68,80.92,79.87
21.94,21.94,17.90,80.09,78.33
23.09,23.09,19.74,80.79,77.52
23.99,23.99,18.49,80.92,76.97
24.63,24.63,18.19,79.91,75.24
29.98,29.98,20.03,78.16,74.64
28.65,28.65,21.02,78.44,73.89
30.26,30.26,24.20,78.70,72.98
30.69,30.69,22.43,78.93,73.48
29.95,29.95,21.64,77.59,73.64
27.15,27.15,21.87,78.00,72.64
26.38,26.38,22.93,77.49,72.46
30.25,30.25,23.38,76.98,71.98
32.73,32.73,24.30,76.91,72.81
35.03,35.03,24.74,78.05,73.09
37.78,37.78,24.54,77.33,74.45
37.50,37.50,23.18,76.02,73.83
37.75,37.75,23.37,74.54,74.87
39.70,39.70,25.65,75.69,76.20
40.70,40.70,24.51,75.80,75.15
38.05,38.05,21.60,74.83,75.69
37.77,37.77,19.31,74.63,75.24
37.19,37.19,16.43,74.44,75.80
30.35,30.35,14.26,73.88,76.11
24.15,24.15,9.34,72.92,76.15
11.12,11.12,4.82,74.16,77.95
4.35,4.35,7.43,73.90,86.95
15.85,15.85,24.96,72.76,85.32
22.46,22.46,31.35,71.42,85.08
16.05,16.05,27.08,72.77,86.51
12.64,12.64,24.21,73.53,87.56
14.45,14.45,20.44,71.65,88.01
17.06,17.06,17.25,70.67,88.18
15.03,15.03,15.83,71.09,88.08
13.02,13.02,14.25,70.67,88.49
11.26,11.26,14.76,69.96,87.70
9.90,9.90,15.89,71.15,86.72
10.95,10.95,12.40,70.39,86.07
11.28,11.28,15.29,69.33,86.04
15.10,15.10,14.62,67.51,85.56
16.79,16.79,16.58,68.61,85.12
17.09,17.09,20.36,69.75,82.29
17.84,17.84,19.37,68.85,81.39
18.09,18.09,20.64,67.43,80.75
16.78,16.78,21.03,68.16,80.46
17.24,17.24,23.58,67.09,78.02
15.61,15.61,23.21,66.49,77.22
18.61,18.61,25.34,67.52,75.33
19.32,19.32,25.34,67.80,75.07
18.83,18.83,27.44,66.83,72.72
19.92,19.92,29.99,64.38,73.98
22.22,22.22,29.52,65.18,74.66
20.77,20.77,27.37,66.01,73.92
24.20,24.20,27.20,65.94,73.88
31.61,31.61,29.77,64.53,73.85
27.75,27.75,27.84,64.63,73.34
25.48,25.48,27.83,64.33,72.38
28.46,28.46,28.87,63.50,73.36
27.35,27.35,29.38,63.35,72.34
27.17,27.17,27.60,64.20,72.36
29.16,29.16,29.86,63.53,72.19
31.47,31.47,31.57,62.14,73.15
31.94,31.94,26.51,61.64,72.18
33.39,33.39,23.48,62.23,70.15
34.46,34.46,21.14,62.00,70.92
30.13,30.13,16.53,61.09,71.56
24.56,24.56,17.09,60.76,73.58
20.43,20.43,20.51,58.27,73.17
12.03,12.03,17.59,62.09,80.17
8.28,8.28,24.35,60.76,83.05
24.56,24.56,43.84,77.71,85.22
18.29,18.29,37.38,80.69,85.68
8.80,8.80,25.14,80.07,84.79
8.84,8.84,20.96,78.32,81.70
15.22,15.22,19.96,80.40,82.09
11.43,11.43,23.21,80.31,81.11
8.87,8.87,20.63,79.89,80.29
10.39,10.39,15.75,78.67,81.06
10.75,10.75,12.39,80.39,79.13
7.73,7.73,11.92,80.30,78.21
9.31,9.31,16.38,79.66,78.54
7.60,7.60,15.15,79.02,77.09
8.97,8.97,17.96,80.84,76.10
10.83,10.83,19.28,80.98,77.02
12.07,12.07,10.20,80.13,73.74
11.29,11.29,13.13,78.86,75.63
9.89,9.89,18.44,80.68,75.90
10.20,10.20,18.43,80.11,75.56
9.84,9.84,22.30,79.65,75.42
10.88,10.88,16.89,79.55,75.34
9.79,9.79,11.67,81.00,74.69
10.61,10.61,21.39,80.08,73.82
10.67,10.67,22.38,79.80,74.65
11.01,11.01,27.04,79.74,75.35
13.08,13.08,30.02,80.82,76.22
12.53,12.53,31.41,80.06,75.73
11.70,11.70,34.51,79.13,73.88
11.62,11.62,33.33,79.56,76.38
11.35,11.35,30.58,81.72,75.16
11.90,11.90,31.54,80.54,76.49
11.29,11.29,31.82,79.03,75.04
10.84,10.84,20.03,79.51,75.62
11.51,11.51,15.19,81.52,77.07
13.43,13.43,20.69,79.96,76.25
14.87,14.87,22.97,78.57,73.79
10.26,10.26,25.78,78.27,76.49
9.65,9.65,26.77,79.93,75.11
9.08,9.08,24.42,78.83,76.29
8.90,8.90,18.84,77.48,76.38
10.41,10.41,24.13,77.63,76.26
11.85,11.85,17.06,78.74,78.76
11.29,11.29,22.49,77.35,76.67
8.79,8.79,25.11,76.36,78.30
12.11,12.11,21.86,77.33,77.33
9.82,9.82,25.96,78.02,78.64
9.83,9.83,24.88,75.88,78.30
9.94,9.94,23.29,75.00,78.24
8.97,8.97,20.95,75.41,78.11
8.47,8.47,20.99,76.46,77.06
8.94,8.94,22.28,74.61,78.05
7.86,7.86,26.23,74.34,73.80
6.66,6.66,27.77,74.74,76.32
6.61,6.61,26.64,75.19,76.08
9.31,9.31,24.56,74.06,76.92
12.00,12.00,27.35,73.06,74.09
12.70,12.70,22.29,73.64,77.20
14.70,14.70,24.73,74.41,75.11
19.12,19.12,24.42,72.32,75.62
19.69,19.69,22.76,71.77,74.51
20.48,20.48,23.54,72.94,74.54
20.94,20.94,27.02,73.45,74.69
20.99,20.99,24.18,71.41,76.69
18.89,18.89,28.22,70.98,74.77
16.88,16.88,26.78,71.15,77.65
18.61,18.61,20.63,71.24,76.30
24.92,24.92,39.57,69.53,75.32
23.09,23.09,39.52,69.79,82.93
13.88,13.88,27.55,70.60,85.41
7.39,7.39,20.20,70.77,82.43
7.64,7.64,16.36,69.27,81.88
8.79,8.79,13.77,68.94,81.54
7.90,7.90,12.06,69.76,81.89
4.19,4.19,12.11,68.35,82.75
5.91,5.91,13.02,67.63,82.33
5.97,5.97,15.06,67.96,80.88
6.73,6.73,18.06,67.77,81.79
7.51,7.51,18.41,66.50,80.29
9.06,9.06,13.85,64.31,81.58
9.30,9.30,10.96,64.70,79.63
10.49,10.49,13.25,66.93,79.92
12.35,12.35,16.48,65.39,79.75
13.64,13.64,15.66,64.22,80.26
9.71,9.71,16.89,64.51,81.81
9.52,9.52,19.05,66.24,79.62
7.23,7.23,16.29,63.78,79.10
6.79,6.79,15.91,63.92,78.48
5.32,5.32,16.95,63.86,78.38
8.44,8.44,17.42,63.88,78.85
6.76,6.76,16.11,64.99,78.59
8.41,8.41,17.56,63.27,78.63
8.18,8.18,16.91,62.86,78.24
12.10,12.10,15.55,63.19,76.43
14.15,14.15,17.16,62.89,78.35
10.70,10.70,17.83,60.97,76.06
14.96,14.96,19.94,59.07,77.72
6.61,6.61,18.97,59.18,76.81
8.37,8.37,21.17,60.39,74.88
6.22,6.22,21.12,59.95,75.31
7.16,7.16,21.92,59.49,75.33
5.26,5.26,19.46,60.83,73.21
6.93,6.93,22.34,59.77,75.83
5.58,5.58,24.67,56.93,72.74
5.79,5.79,21.35,55.99,72.96
6.69,6.69,26.38,58.61,72.24
10.99,10.99,25.35,57.73,75.37
10.95,10.95,24.68,56.98,72.21
13.14,13.14,20.03,57.15,73.33
10.11,10.11,20.96,58.19,73.85
8.60,8.60,18.68,57.12,74.90
6.88,6.88,19.01,57.33,72.01
6.04,6.04,21.46,56.44,74.92
6.34,6.34,25.84,56.66,73.49
6.04,6.04,26.73,54.99,70.89
7.24,7.24,23.94,55.06,71.62
8.36,8.36,26.54,55.38,72.08
8.77,8.77,24.40,56.32,70.23
8.21,8.21,27.77,54.84,70.86
9.35,9.35,24.74,53.73,71.51
8.26,8.26,22.62,52.39,73.98
9.81,9.81,25.03,55.37,73.55
9.60,9.60,20.27,55.95,75.33
9.48,9.48,25.96,55.17,73.91
15.33,15.33,29.44,52.13,72.09
12.49,12.49,31.16,53.03,71.66
12.82,12.82,31.58,52.10,72.77
13.22,13.22,28.66,52.02,70.76
17.85,17.85,20.74,50.97,71.35
16.47,16.47,16.59,50.95,71.50
14.13,14.13,14.76,49.77,71.47
11.20,11.20,16.05,52.31,71.49
11.34,11.34,18.53,54.58,70.48
22.11,22.11,33.74,63.00,72.75
28.26,28.26,43.79,81.46,74.70
22.37,22.37,35.64,81.69,73.85
15.52,15.52,24.80,81.19,73.07
10.30,10.30,20.16,80.67,73.65
6.90,6.90,17.11,81.48,72.63
9.57,9.57,14.26,81.31,71.19
11.14,11.14,11.74,81.20,71.86
11.29,11.29,13.08,80.83,71.69
12.14,12.14,18.04,81.59,72.46
12.06,12.06,20.77,81.24,72.02
11.65,11.65,18.93,80.99,71.52
11.00,11.00,17.34,80.83,70.53
12.05,12.05,22.45,81.50,70.14
13.23,13.23,22.32,81.69,70.66
15.24,15.24,20.91,80.84,71.78
15.59,15.59,16.49,81.58,72.07
14.95,14.95,16.49,81.57,73.06
15.05,15.05,18.74,81.55,70.82
14.51,14.51,24.18,80.43,71.88
12.16,12.16,28.97,80.59,72.07
11.51,11.51,27.37,80.50,71.80
18.10,18.10,29.57,80.37,73.93
16.79,16.79,25.88,79.37,72.30
13.06,13.06,18.10,79.59,74.32
13.65,13.65,14.39,79.48,75.20
11.05,11.05,14.45,78.91,73.41
16.80,16.80,21.77,78.48,71.85
14.24,14.24,22.90,78.87,71.85
9.68,9.68,22.25,78.64,73.57
8.18,8.18,14.87,77.32,73.84
11.14,11.14,14.71,76.97,73.05
10.92,10.92,22.16,77.34,72.71
12.66,12.66,21.40,77.25,74.27
12.41,12.41,21.10,76.39,75.50
14.08,14.08,23.43,77.06,74.45
14.11,14.11,21.13,76.37,73.39
22.00,22.00,21.24,75.87,72.00
21.39,21.39,17.81,75.00,70.56
17.69,17.69,25.99,75.98,71.37
12.56,12.56,27.80,75.21,70.99
7.41,7.41,19.31,74.56,69.86
8.45,8.45,14.36,73.76,73.88
14.13,14.13,13.81,73.81,81.83
13.02,13.02,17.47,72.88,84.27
14.78,14.78,21.50,72.70,84.67
12.96,12.96,20.62,74.04,84.74
12.43,12.43,18.89,72.73,83.55
12.38,12.38,19.65,72.61,82.84
8.79,8.79,18.78,71.89,81.67
6.85,6.85,18.73,71.85,81.44
7.65,7.65,17.86,72.33,81.79
6.61,6.61,16.25,71.87,80.95
5.38,5.38,13.15,70.28,80.93
4.10,4.10,12.48,71.06,80.88
4.35,4.35,11.58,70.99,80.30
6.10,6.10,11.54,69.46,80.13
7.69,7.69,14.16,69.40,80.30
8.86,8.86,14.56,69.61,79.45
9.79,9.79,15.65,70.10,78.58
9.67,9.67,20.03,68.68,79.51
8.38,8.38,22.94,68.80,77.41
8.94,8.94,23.93,69.02,78.53
9.45,9.45,21.85,68.38,78.48
10.43,10.43,14.91,66.55,77.82
11.43,11.43,13.32,67.96,78.22
17.77,17.77,22.07,67.81,77.08
30.21,30.21,33.59,66.46,79.36
22.08,22.08,25.53,66.02,80.26
18.15,18.15,20.60,66.50,81.14
11.61,11.61,14.35,65.86,81.93
8.26,8.26,14.14,64.54,83.55
4.42,4.42,17.85,63.19,83.55
2.74,2.74,13.85,64.22,83.64
2.28,2.28,8.89,63.27,83.21
1.70,1.70,7.49,62.10,82.50
0.88,0.88,6.49,63.69,81.84
1.68,1.68,10.13,63.76,82.80
2.68,2.68,12.37,64.09,82.08
3.92,3.92,11.50,61.31,80.82
3.51,3.51,11.85,60.91,81.54
3.23,3.23,12.14,61.78,80.19
6.03,6.03,11.93,61.09,81.09
6.72,6.72,12.79,59.62,80.58
7.57,7.57,11.56,61.23,81.22
7.21,7.21,13.02,60.05,80.64
8.04,8.04,12.31,58.02,80.01
6.78,6.78,11.98,59.38,78.27
7.08,7.08,14.45,60.95,79.30
4.34,4.34,13.10,60.37,79.83
5.03,5.03,10.67,58.02,79.40
8.19,8.19,15.31,57.30,78.87
13.76,13.76,14.71,58.35,78.13
11.12,11.12,18.38,58.43,76.91
10.04,10.04,20.26,57.59,77.39
9.75,9.75,19.59,57.36,76.42
9.71,9.71,16.78,56.37,76.38
18.59,18.59,18.00,55.65,75.55
16.75,16.75,17.10,55.16,75.63
14.63,14.63,15.19,56.22,74.92
12.44,12.44,18.53,56.43,73.81
12.28,12.28,18.57,55.13,74.85
21.56,21.56,19.82,55.00,74.00
19.61,19.61,22.85,55.46,73.34
20.48,20.48,23.97,54.37,73.91
18.31,18.31,21.28,53.40,71.45
17.40,17.40,22.59,53.95,73.80
22.03,22.03,22.55,53.83,70.04
23.93,23.93,25.55,53.81,72.10
23.84,23.84,23.90,51.46,71.76
18.97,18.97,24.94,51.77,72.87
16.69,16.69,20.81,51.57,71.96
15.77,15.77,20.85,50.95,71.57
14.50,14.50,21.19,49.99,68.89
18.46,18.46,22.88,50.97,69.47
20.70,20.70,26.40,50.66,68.58
19.90,19.90,27.22,50.38,69.78
16.76,16.76,31.31,48.98,69.47
21.57,21.57,26.46,49.77,69.64
23.92,23.92,30.34,48.70,69.57
23.90,23.90,27.68,46.39,66.57
22.33,22.33,30.39,48.19,67.23
25.50,25.50,28.61,48.04,67.14
22.88,22.88,34.49,46.93,65.56
21.63,21.63,34.43,45.73,64.90
21.13,21.13,36.11,46.11,65.76
20.79,20.79,35.24,44.90,65.25
23.04,23.04,38.11,44.07,66.15
27.62,27.62,38.98,45.38,65.31
32.69,32.69,37.82,45.21,67.24
33.50,33.50,39.33,42.18,64.92
32.11,32.11,42.35,41.25,67.64
35.05,35.05,42.05,41.41,64.11
34.27,34.27,42.51,41.12,65.28
32.37,32.37,38.21,41.35,65.69
28.87,28.87,40.51,41.07,65.69
27.95,27.95,40.13,40.65,66.84
29.79,29.79,40.40,40.73,66.17
28.85,28.85,38.04,38.62,66.30
31.23,31.23,38.30,34.68,66.91
31.27,31.27,40.91,36.50,67.52
30.21,30.21,38.17,39.17,66.87
30.88,30.88,37.69,38.75,66.58
27.41,27.41,37.07,36.71,66.08
26.52,26.52,38.71,37.70,64.28
26.61,26.61,37.57,35.48,66.54
26.92,26.92,37.72,34.68,65.20
28.19,28.19,35.69,37.60,65.94
29.10,29.10,36.86,37.67,65.14
28.78,28.78,37.60,36.96,65.44
29.92,29.92,37.11,34.20,65.82
30.11,30.11,37.87,33.73,67.48
30.34,30.34,36.93,31.94,65.47
30.85,30.85,37.41,32.52,67.47
32.63,32.63,36.47,32.88,65.77
29.35,29.35,38.44,34.05,64.87
30.14,30.14,37.16,34.46,65.78
28.91,28.91,33.29,33.81,65.43
33.21,33.21,35.71,33.72,65.23
35.96,35.96,38.30,31.74,64.71
34.12,34.12,38.79,31.71,63.18
36.88,36.88,39.06,31.52,64.35
35.03,35.03,36.51,31.75,64.02
34.76,34.76,35.77,29.71,61.56
35.84,35.84,35.98,29.77,65.32
36.51,36.51,37.87,27.96,63.69
36.59,36.59,38.78,28.49,65.62
36.17,36.17,37.77,27.86,64.64
35.75,35.75,37.94,27.23,65.74
36.09,36.09,36.17,26.33,64.08
34.06,34.06,34.58,24.92,62.91
36.90,36.90,36.52,29.16,64.80
33.96,33.96,34.08,29.00,61.87
24.26,24.26,25.84,31.45,64.54
11.27,11.27,28.39,35.53,62.70
7.68,7.68,34.70,43.09,74.60
12.56,12.56,36.93,42.71,75.55
14.79,14.79,39.81,41.29,75.50
17.53,17.53,39.63,44.25,74.48
21.03,21.03,40.35,38.19,74.95
23.98,23.98,35.41,34.49,74.70
20.61,20.61,29.38,43.12,74.42
22.49,22.49,31.21,43.83,74.41
21.25,21.25,35.62,37.83,73.64
21.91,21.91,31.94,23.58,73.54
21.94,21.94,33.71,24.26,72.91
21.78,21.78,35.02,24.87,73.65
22.78,22.78,33.83,28.10,71.48
26.23,26.23,34.16,30.77,72.90
22.66,22.66,38.40,30.63,72.50
26.86,26.86,40.17,28.43,72.44
25.17,25.17,36.85,26.15,71.46
27.91,27.91,36.33,21.04,70.64
24.82,24.82,33.95,14.98,70.78
28.52,28.52,35.89,14.17,69.59
28.42,28.42,35.92,18.38,68.79
24.51,24.51,39.25,20.44,67.31
27.61,27.61,37.17,14.67,66.76
27.42,27.42,38.09,15.19,66.45
27.95,27.95,38.56,16.56,66.09
30.20,30.20,41.44,17.29,66.45
28.72,28.72,42.02,19.81,65.60
27.88,27.88,41.17,17.79,65.44
28.92,28.92,44.50,15.69,63.99
29.14,29.14,43.89,14.28,63.94
30.20,30.20,43.54,10.46,63.55
28.38,28.38,46.55,12.35,62.34
29.57,29.57,43.32,10.87,62.97
30.53,30.53,43.84,13.97,62.20
30.83,30.83,44.94,15.41,61.23
32.66,32.66,44.18,10.76,59.73
33.02,33.02,44.72,7.05,59.70
34.55,34.55,44.14,8.09,59.59
37.06,37.06,43.84,9.44,59.13
38.14,38.14,43.83,9.16,60.01
35.84,35.84,39.26,12.80,58.08
32.70,32.70,33.08,28.43,58.27
24.23,24.23,26.17,46.97,59.32
12.61,12.61,23.12,54.23,61.49
2.94,2.94,22.59,66.48,77.22
15.41,15.41,36.64,76.29,78.09
15.82,15.82,39.05,80.68,80.63
16.57,16.57,31.37,81.22,79.51
22.76,22.76,25.00,80.15,76.51
23.22,23.22,18.74,79.63,77.42
17.65,17.65,13.49,78.18,79.50
4.58,4.58,13.00,80.84,75.61
0.47,0.47,12.24,80.63,82.24
0.34,0.34,9.76,78.66,78.87
0.77,0.77,8.81,80.50,77.61
0.88,0.88,8.74,81.56,83.30
3.34,3.34,10.02,79.52,80.79
5.48,5.48,11.28,78.81,76.91
5.14,5.14,11.81,80.12,81.24
5.34,5.34,12.01,80.61,80.05
3.81,3.81,7.88,79.19,78.32
5.50,5.50,8.65,79.82,83.07
5.88,5.88,11.85,80.10,79.39
3.71,3.71,11.24,80.67,80.30
2.51,2.51,10.56,80.13,81.82
2.94,2.94,10.85,80.19,76.31
3.58,3.58,11.94,80.23,82.54
3.09,3.09,11.93,81.39,81.21
3.16,3.16,11.92,80.01,77.78
2.04,2.04,11.36,79.47,80.64
1.11,1.11,9.85,80.29,77.57
1.58,1.58,11.14,81.19,77.91
2.33,2.33,13.96,79.43,82.37
2.54,2.54,13.45,79.68,78.54
3.30,3.30,13.41,80.13,77.82
4.07,4.07,15.59,81.12,81.06
3.65,3.65,14.78,79.69,75.43
3.51,3.51,16.57,79.73,77.30
2.70,2.70,17.73,79.83,79.30
1.76,1.76,17.48,80.50,74.26
1.27,1.27,15.45,78.82,79.97
2.04,2.04,13.64,78.68,80.41
1.41,1.41,14.91,78.56,75.23
3.68,3.68,14.31,79.45,81.31
4.65,4.65,16.00,78.18,81.48
3.87,3.87,17.24,77.47,76.37
3.27,3.27,15.47,78.09,82.45
4.13,4.13,16.26,78.29,77.21
1.64,1.64,17.42,76.60,79.26
1.05,1.05,16.82,76.40,81.01
1.81,1.81,17.95,77.16,77.31
3.26,3.26,17.09,75.90,81.83
5.75,5.75,17.13,75.71,81.30
6.84,6.84,16.18,75.24,79.35
5.49,5.49,17.74,75.96,80.19
5.15,5.15,19.09,75.57,80.27
4.44,4.44,19.61,74.19,76.84
6.08,6.08,17.90,73.94,80.56
7.78,7.78,18.16,74.61,77.78
6.10,6.10,19.10,74.43,74.89
7.18,7.18,20.05,73.09,79.65
10.70,10.70,20.57,72.57,75.66
11.64,11.64,21.46,73.82,74.10
6.65,6.65,22.31,73.48,76.56
5.79,5.79,21.79,72.20,76.19
7.85,7.85,19.87,71.95,72.93
6.28,6.28,17.46,72.69,75.27
4.21,4.21,18.01,71.59,77.28
3.56,3.56,17.86,70.74,75.77
4.67,4.67,19.92,70.68,76.29
11.97,11.97,25.11,71.90,75.91
31.38,31.38,46.13,70.27,76.93
25.87,25.87,40.98,69.32,79.20
13.99,13.99,27.45,68.86,75.50
12.26,12.26,24.63,70.35,75.78
10.49,10.49,23.61,69.07,73.68
9.06,9.06,21.84,68.09,73.19
9.93,9.93,22.39,68.34,77.24
10.09,10.09,22.57,69.18,73.78
8.06,8.06,21.49,68.35,73.18
7.05,7.05,19.71,67.54,75.94
8.04,8.04,18.39,67.12,75.91
8.12,8.12,18.59,67.75,75.99
7.27,7.27,19.57,66.77,76.20
8.56,8.56,21.03,65.94,74.18
7.48,7.48,21.69,65.59,75.55
7.28,7.28,20.98,67.21,75.11
6.87,6.87,21.75,65.51,73.31
10.30,10.30,22.21,64.35,72.51
13.07,13.07,22.67,65.25,72.24
12.71,12.71,23.20,65.98,70.59
10.95,10.95,20.75,63.90,72.13
9.11,9.11,21.54,63.98,71.15
10.02,10.02,22.18,63.45,70.52
10.14,10.14,22.43,63.94,73.50
9.34,9.34,20.00,63.17,73.91
10.47,10.47,21.07,61.79,70.93
11.90,11.90,21.01,61.62,73.51
10.90,10.90,22.20,62.94,73.04
9.09,9.09,22.02,61.54,72.23
8.43,8.43,22.23,60.18,72.77
7.38,7.38,22.62,61.24,72.03
10.96,10.96,22.90,61.32,71.58
10.93,10.93,22.81,60.03,73.61
9.07,9.07,23.21,59.21,71.55
8.25,8.25,22.90,60.19,71.68
8.53,8.53,21.39,60.86,74.44
12.04,12.04,21.70,58.70,72.54
13.93,13.93,21.27,58.13,73.11
12.71,12.71,21.08,57.91,72.85
10.42,10.42,22.14,59.50,75.56
12.44,12.44,23.63,58.18,74.30
12.39,12.39,25.92,56.82,72.68
14.13,14.13,26.66,56.64,73.41
15.08,15.08,25.98,57.48,72.54
15.30,15.30,25.16,55.99,69.94
14.73,14.73,22.88,56.53,68.83
15.37,15.37,22.07,56.30,69.07
16.86,16.86,21.37,56.01,71.13
14.62,14.62,21.58,54.45,72.48
15.94,15.94,22.25,54.77,72.46
14.23,14.23,21.79,54.12,73.63
13.72,13.72,25.21,54.26,74.29
13.07,13.07,25.76,53.39,70.63
9.75,9.75,24.56,53.98,73.75
11.15,11.15,22.09,55.15,70.73
14.61,14.61,23.58,52.45,67.84
10.83,10.83,25.93,51.86,71.25
12.49,12.49,25.61,51.81,71.22
13.47,13.47,24.98,53.55,72.72
10.38,10.38,25.75,52.42,75.25
10.23,10.23,29.51,50.53,73.36
11.93,11.93,28.79,51.07,70.74
14.75,14.75,29.85,51.56,69.98
16.46,16.46,28.13,50.86,67.53
18.14,18.14,23.26,48.91,68.94
22.11,22.11,31.57,50.16,71.65
32.93,32.93,46.51,49.50,73.73
24.59,24.59,35.49,47.25,83.84
23.36,23.36,27.32,45.58,83.86
25.60,25.60,25.56,50.35,81.17
26.48,26.48,26.26,50.35,81.19
23.99,23.99,23.17,45.75,81.26
20.66,20.66,19.93,44.26,80.75
18.93,18.93,22.93,49.37,82.08
17.83,17.83,22.56,45.84,81.60
17.96,17.96,20.69,44.91,81.28
16.64,16.64,27.92,45.98,81.84
17.49,17.49,29.06,44.42,79.92
15.94,15.94,27.35,45.59,78.75
15.29,15.29,29.88,42.17,77.03
12.76,12.76,31.04,42.78,76.72
10.61,10.61,39.44,41.00,74.80
7.51,7.51,38.41,39.98,74.47
7.46,7.46,40.40,37.45,73.26
7.91,7.91,41.04,37.26,75.14
8.72,8.72,36.36,35.28,74.58
7.06,7.06,34.96,33.14,74.98
7.33,7.33,40.28,30.80,74.85
6.99,6.99,41.40,30.44,71.02
6.39,6.39,35.94,29.53,74.07
6.93,6.93,37.36,31.62,75.47
6.98,6.98,40.68,31.45,73.73
7.49,7.49,32.06,28.42,71.10
6.36,6.36,35.98,27.37,72.19
3.31,3.31,41.63,24.24,74.01
6.59,6.59,41.09,23.74,74.62
10.00,10.00,37.24,23.15,72.85
8.67,8.67,41.78,24.75,74.94
6.46,6.46,37.08,24.40,73.23
6.38,6.38,38.94,24.92,70.65
6.92,6.92,42.59,25.13,72.15
7.54,7.54,37.62,23.87,71.56
7.67,7.67,37.23,24.03,68.83
9.85,9.85,42.42,21.13,70.70
12.30,12.30,38.64,19.93,69.79
15.10,15.10,34.10,19.38,68.32
13.29,13.29,39.05,20.73,70.88
12.60,12.60,36.62,18.66,71.08
9.17,9.17,30.87,21.12,72.00
15.60,15.60,27.51,19.51,76.73
40.64,40.64,45.78,23.01,84.88
37.88,37.88,45.77,23.70,87.42
27.10,27.10,40.71,34.56,86.58
15.06,15.06,35.59,32.10,85.99
12.99,12.99,34.09,33.18,84.41
14.09,14.09,28.24,34.41,82.10
12.75,12.75,23.94,31.37,79.52
9.20,9.20,25.46,26.79,77.51
9.49,9.49,21.04,30.46,75.84
7.54,7.54,27.94,26.40,74.98
8.97,8.97,29.77,17.65,73.10
14.16,14.16,33.44,21.27,71.15
17.24,17.24,42.36,20.68,70.53
15.52,15.52,34.27,13.84,74.12
11.55,11.55,33.78,10.38,71.52
8.47,8.47,29.63,9.42,72.98
7.91,7.91,34.85,13.91,73.41
6.35,6.35,32.44,15.71,69.37
8.04,8.04,35.65,15.35,69.49
12.58,12.58,38.04,11.19,67.02
13.45,13.45,37.36,11.94,70.39
11.41,11.41,35.51,12.47,72.52
10.30,10.30,40.27,17.47,73.65
10.22,10.22,35.47,9.76,74.25
10.24,10.24,34.68,7.23,71.72
14.53,14.53,34.48,7.89,72.67
18.41,18.41,32.66,8.08,70.75
20.53,20.53,37.15,13.88,71.63
18.87,18.87,34.84,11.82,71.42
16.81,16.81,30.38,8.32,69.42
16.24,16.24,33.77,10.89,71.56
19.43,19.43,36.99,9.78,71.38
20.23,20.23,33.16,7.57,74.40
17.11,17.11,35.36,8.52,74.31
17.59,17.59,37.84,7.37,72.95
17.37,17.37,30.56,7.75,72.19
18.45,18.45,34.42,13.69,71.57
21.88,21.88,33.36,6.27,68.08
19.04,19.04,38.49,4.83,67.52
19.49,19.49,33.19,8.26,69.18
22.19,22.19,34.40,7.34,68.51
26.79,26.79,29.22,8.93,69.72
29.50,29.50,32.36,16.76,80.97
30.60,30.60,39.37,22.19,85.11
33.36,33.36,43.09,28.93,86.35
33.08,33.08,39.63,16.35,86.49
34.29,34.29,37.37,28.16,86.50
34.48,34.48,43.25,22.55,86.49
34.34,34.34,43.60,20.34,85.26
34.15,34.15,43.48,19.29,84.66
32.64,32.64,33.33,11.74,83.80
28.94,28.94,35.95,12.09,83.36
27.16,27.16,28.80,9.30,82.46
25.08,25.08,37.45,13.05,84.12
20.54,20.54,35.59,11.67,83.57
21.07,21.07,34.06,11.32,83.72
21.11,21.11,33.88,7.22,83.20
21.47,21.47,35.87,11.91,81.79
21.12,21.12,39.07,16.40,80.57
20.75,20.75,37.22,13.28,80.42
19.61,19.61,37.24,10.83,79.64
19.76,19.76,40.20,14.31,79.36
20.98,20.98,37.28,12.91,79.29
22.04,22.04,30.07,8.47,79.40
23.81,23.81,37.18,7.67,77.92
24.24,24.24,34.97,9.79,78.58
24.54,24.54,43.20,10.57,77.14
20.55,20.55,35.17,11.27,76.66
22.61,22.61,37.66,12.18,75.06
18.33,18.33,39.74,15.57,75.07
15.66,15.66,38.17,11.51,73.07
16.98,16.98,39.38,9.88,73.50
18.55,18.55,43.36,8.65,73.36
17.77,17.77,42.46,9.33,72.78
15.65,15.65,36.86,8.52,72.55
13.26,13.26,35.33,9.37,72.39
14.85,14.85,35.19,12.08,72.09
17.48,17.48,34.11,8.79,69.61
16.94,16.94,35.28,5.19,70.62
15.89,15.89,33.60,6.78,69.79
17.38,17.38,32.07,6.15,70.69
17.98,17.98,32.68,2.84,69.36
17.62,17.62,29.38,1.30,67.91
12.97,12.97,33.55,12.92,64.99
9.61,9.61,27.97,33.89,67.21
8.25,8.25,17.43,40.49,66.68
1.16,1.16,12.37,43.73,85.69
10.77,10.77,12.92,69.87,87.14
15.14,15.14,16.25,80.88,87.05
16.98,16.98,15.46,81.06,87.43
15.83,15.83,17.50,81.14,87.02
18.39,18.39,18.24,80.50,85.97
19.76,19.76,16.54,81.49,85.54
20.19,20.19,17.98,81.76,85.12
21.43,21.43,19.86,80.33,84.92
24.39,24.39,16.44,81.01,84.55
23.29,23.29,19.13,81.99,83.82
18.56,18.56,18.43,80.87,83.97
21.14,21.14,19.28,81.21,83.25
22.97,22.97,19.09,82.05,82.12
22.25,22.25,21.13,80.79,80.78
21.63,21.63,22.28,81.10,79.76
23.74,23.74,21.55,81.06,79.83
25.06,25.06,23.70,80.04,78.83
23.98,23.98,23.34,81.00,77.03
22.94,22.94,22.59,81.69,76.37
20.30,20.30,24.57,80.74,76.00
17.16,17.16,23.94,81.00,75.43
16.56,16.56,22.92,82.11,74.37
18.07,18.07,24.12,81.20,73.78
21.51,21.51,25.83,81.27,71.49
20.10,20.10,24.66,81.35,72.40
21.55,21.55,24.01,80.54,73.74
20.38,20.38,25.17,80.77,70.98
18.26,18.26,25.22,81.45,73.40
20.35,20.35,24.11,80.53,71.99
20.00,20.00,24.61,81.18,73.22
20.17,20.17,25.15,81.79,73.35
19.48,19.48,24.14,80.21,75.32
19.87,19.87,22.25,80.60,75.08
22.86,22.86,23.84,80.96,74.54
22.88,22.88,24.38,80.49,75.56
25.91,25.91,22.32,81.49,75.07
24.84,24.84,23.92,81.75,75.55
25.54,25.54,24.08,80.71,76.41
25.15,25.15,22.78,81.22,74.81
27.43,27.43,21.26,81.20,74.81
27.31,27.31,20.70,80.25,75.27
25.93,25.93,18.62,80.24,75.07
20.98,20.98,18.71,79.96,75.35
13.95,13.95,19.21,78.72,74.44
26.85,26.85,38.60,78.09,75.99
30.25,30.25,43.36,85.72,73.77
23.42,23.42,34.33,81.49,73.96
19.87,19.87,26.33,78.75,74.25
18.86,18.86,29.90,86.02,73.10
18.87,18.87,30.47,80.61,74.07
22.39,22.39,39.17,80.57,72.57
23.05,23.05,39.35,84.84,71.42
21.97,21.97,35.85,78.92,72.05
25.03,25.03,33.07,80.91,70.44
24.15,24.15,29.59,84.66,71.80
21.03,21.03,29.35,79.37,70.46
21.57,21.57,31.54,82.08,69.98
22.80,22.80,29.15,83.46,69.34
23.82,23.82,27.96,79.71,68.75
28.04,28.04,27.49,82.67,68.62
22.66,22.66,29.33,83.79,67.73
27.04,27.04,25.39,79.31,67.87
24.09,24.09,28.28,82.49,67.53
25.99,25.99,22.10,83.27,66.98
15.85,15.85,18.38,79.49,65.83
20.31,20.31,18.76,82.98,66.32
28.23,28.23,39.26,83.01,67.56
25.90,25.90,41.48,79.81,74.24
22.29,22.29,29.87,82.93,73.32
21.53,21.53,25.67,82.25,72.88
22.53,22.53,23.47,79.80,73.35
21.67,21.67,23.49,83.31,72.23
22.75,22.75,23.04,81.81,73.50
19.07,19.07,20.92,80.55,74.07
25.57,25.57,17.02,83.37,73.88
28.17,28.17,18.00,81.40,73.47
22.89,22.89,17.36,80.34,73.78
20.44,20.44,24.01,83.06,73.28
26.11,26.11,25.61,80.04,73.22
27.50,27.50,23.91,79.94,72.36
26.02,26.02,18.80,82.74,71.85
25.12,25.12,23.86,79.39,71.98
21.68,21.68,25.23,79.44,70.55
21.18,21.18,23.65,80.49,70.33
19.48,19.48,24.40,77.62,70.00
12.88,12.88,25.05,78.64,69.80
7.73,7.73,20.13,80.44,70.36
7.30,7.30,23.91,76.43,70.33
14.93,14.93,38.78,83.33,78.44
6.73,6.73,33.35,77.21,81.03
2.40,2.40,23.84,78.27,83.41
3.07,3.07,17.88,82.79,84.87
2.09,2.09,12.96,76.30,81.94
1.75,1.75,11.82,79.64,82.53
1.69,1.69,11.05,77.13,82.77
1.64,1.64,12.94,82.58,81.39
1.20,1.20,15.87,80.15,81.90
0.76,0.76,17.22,77.76,79.27
3.92,3.92,16.22,81.53,79.85
3.38,3.38,15.14,81.35,78.33
5.21,5.21,15.30,77.78,78.78
5.43,5.43,17.50,80.46,77.52
7.32,7.32,18.59,81.77,78.41
10.12,10.12,20.97,78.46,77.57
10.48,10.48,19.52,79.43,77.31
10.47,10.47,17.68,79.62,76.91
10.45,10.45,14.70,82.77,75.40
9.85,9.85,14.74,78.98,75.57
9.57,9.57,14.86,79.29,75.03
9.72,9.72,15.92,81.54,74.40
8.73,8.73,17.22,81.52,73.90
10.83,10.83,16.37,80.63,75.68
11.29,11.29,14.18,80.49,74.43
13.05,13.05,14.27,80.65,73.79
11.62,11.62,12.22,79.70,74.70
10.49,10.49,10.99,79.51,75.57
12.25,12.25,13.06,80.09,74.96
10.49,10.49,13.35,81.35,75.41
9.91,9.91,13.07,78.91,76.06
10.47,10.47,13.85,80.48,77.11
11.50,11.50,15.10,81.78,74.44
11.53,11.53,15.01,81.47,75.52
9.32,9.32,17.33,80.94,74.92
7.14,7.14,18.73,80.86,75.29
6.15,6.15,20.83,80.96,75.20
7.06,7.06,20.94,80.51,75.60
11.06,11.06,21.36,78.44,76.03
13.19,13.19,23.75,79.85,76.51
11.68,11.68,22.02,79.31,75.52
10.45,10.45,20.34,77.96,74.50
11.17,11.17,20.47,78.50,75.83
14.74,14.74,22.25,78.24,73.25
15.93,15.93,24.53,78.23,76.86
12.37,12.37,20.60,78.49,76.65
11.75,11.75,19.78,77.81,78.36
10.45,10.45,21.00,77.80,74.94
11.62,11.62,18.99,76.20,75.53
14.21,14.21,19.95,75.36,75.78
14.36,14.36,24.49,76.51,76.60
14.38,14.38,25.30,75.04,75.99
17.80,17.80,22.96,74.90,76.14
19.95,19.95,19.95,75.14,74.78
22.42,22.42,20.44,75.36,76.03
21.64,21.64,17.78,75.23,76.19
20.93,20.93,19.42,74.47,76.60
22.62,22.62,20.73,73.89,76.76
21.52,21.52,19.10,74.32,76.76
23.15,23.15,19.44,72.04,77.11
23.48,23.48,18.99,72.29,77.10
24.20,24.20,20.75,73.99,77.31
22.81,22.81,21.76,72.42,76.13
19.78,19.78,18.09,71.82,74.85
17.20,17.20,16.05,71.72,73.60
12.52,12.52,15.70,72.07,75.23
10.89,10.89,14.11,71.57,76.53
13.94,13.94,12.50,71.53,83.89
19.86,19.86,24.62,69.89,84.24
22.58,22.58,25.01,70.55,85.54
18.78,18.78,18.22,69.18,85.07
15.31,15.31,16.93,68.59,83.61
20.70,20.70,18.14,69.79,82.12
17.73,17.73,17.24,69.16,82.13
11.30,11.30,14.40,68.61,82.52
10.18,10.18,14.35,67.30,81.44
10.35,10.35,16.11,68.58,81.71
10.46,10.46,14.25,68.59,83.23
10.63,10.63,14.65,67.77,81.03
11.87,11.87,13.17,66.50,80.14
10.86,10.86,12.92,66.14,80.16
10.89,10.89,14.51,65.78,80.21
12.36,12.36,14.71,65.76,79.73
13.49,13.49,14.51,66.57,80.42
12.62,12.62,11.04,65.99,79.39
13.55,13.55,13.18,64.06,80.01
14.35,14.35,15.59,64.31,79.25
16.13,16.13,17.43,66.18,80.73
15.93,15.93,16.97,64.40,78.85
14.33,14.33,15.87,63.65,80.47
16.22,16.22,16.47,63.15,78.75
18.78,18.78,16.24,62.79,76.11
17.75,17.75,13.02,62.42,79.64
16.29,16.29,13.24,63.63,77.11
16.55,16.55,15.66,63.51,76.59
16.40,16.40,14.49,62.42,77.28
17.69,17.69,15.47,60.93,76.42
19.33,19.33,15.32,62.65,75.37
20.14,20.14,16.94,62.83,75.20
19.22,19.22,16.81,61.54,74.39
22.14,22.14,18.35,62.15,75.52
21.42,21.42,20.75,61.86,74.35
17.35,17.35,17.81,60.66,74.76
19.98,19.98,15.41,60.26,74.74
19.48,19.48,14.93,59.31,74.46
17.77,17.77,15.73,58.51,75.44
18.28,18.28,20.08,57.12,74.20
19.90,19.90,19.85,56.21,72.80
19.21,19.21,19.35,57.09,73.90
18.98,18.98,17.02,58.03,74.33
19.86,19.86,15.59,58.99,72.23
21.32,21.32,16.22,59.24,73.11
20.07,20.07,16.45,58.40,72.52
20.70,20.70,14.77,55.69,71.98
21.76,21.76,14.84,53.78,73.56
21.36,21.36,15.18,54.44,72.56
21.88,21.88,17.63,55.52,71.91
22.42,22.42,18.03,54.56,74.34
20.36,20.36,20.18,54.63,71.78
19.03,19.03,21.64,55.45,70.36
22.95,22.95,18.68,53.95,71.81
21.80,21.80,21.58,53.21,68.82
21.20,21.20,23.12,52.60,70.26
19.59,19.59,21.31,53.55,71.06
19.36,19.36,24.07,54.77,68.91
20.75,20.75,24.85,53.65,71.24
21.84,21.84,23.02,52.57,69.53
24.56,24.56,26.44,51.09,70.18
25.35,25.35,24.06,50.58,69.87
24.23,24.23,20.85,51.09,70.16
27.29,27.29,18.16,52.84,70.27
22.00,22.00,17.21,52.61,71.28
28.19,28.19,33.96,49.43,74.91
26.82,26.82,35.53,47.90,79.77
19.76,19.76,27.22,41.70,79.28
14.99,14.99,22.81,45.81,82.20
12.70,12.70,18.72,48.32,83.93
10.68,10.68,15.56,43.91,82.92
11.22,11.22,19.25,45.49,81.91
9.21,9.21,17.73,42.88,83.68
9.81,9.81,19.25,49.58,82.35
8.39,8.39,20.67,47.58,82.40
8.68,8.68,16.80,43.93,82.15
13.04,13.04,16.80,42.10,82.55
10.27,10.27,17.74,46.21,81.20
6.44,6.44,17.55,46.82,81.74
5.18,5.18,18.21,39.57,82.41
4.40,4.40,17.71,42.62,80.79
6.43,6.43,18.36,47.74,80.82
5.84,5.84,20.71,45.69,81.02
4.62,4.62,17.56,44.66,80.26
6.70,6.70,17.71,43.98,79.52
7.17,7.17,17.89,43.89,80.46
7.18,7.18,20.07,43.62,79.36
8.13,8.13,22.96,42.28,78.55
10.03,10.03,24.54,45.12,79.21
9.42,9.42,22.33,43.64,79.47
13.49,13.49,20.46,43.93,77.49
10.71,10.71,21.44,41.59,78.89
8.87,8.87,21.06,41.47,78.36
9.88,9.88,18.33,42.96,78.44
9.91,9.91,21.39,33.59,77.50
10.38,10.38,21.02,39.40,76.65
11.18,11.18,19.34,39.16,76.05
12.76,12.76,21.47,38.35,75.19
13.25,13.25,22.46,39.43,75.94
15.18,15.18,23.30,36.59,75.00
15.53,15.53,25.39,38.49,73.83
16.88,16.88,30.50,37.64,74.98
16.65,16.65,26.76,39.45,75.07
16.98,16.98,24.55,37.11,73.93
17.02,17.02,22.67,35.80,72.06
20.73,20.73,25.29,36.29,73.81
21.50,21.50,24.36,38.82,72.98
20.25,20.25,21.59,36.90,72.49
19.41,19.41,18.48,35.31,73.36
17.19,17.19,15.88,39.35,73.06
16.66,16.66,18.84,47.89,76.84
15.82,15.82,16.38,49.38,75.90
14.89,14.89,20.04,41.51,76.42
13.19,13.19,26.45,50.49,75.69
14.95,14.95,31.12,43.06,75.97
12.79,12.79,35.69,39.60,74.49
12.06,12.06,36.88,42.81,75.35
13.03,13.03,39.26,36.24,74.73
12.93,12.93,40.08,38.68,74.37
15.34,15.34,31.13,35.38,74.59
17.82,17.82,28.58,34.95,73.42
17.19,17.19,25.27,34.13,73.66
15.57,15.57,25.38,34.10,72.96
17.16,17.16,28.49,36.20,73.68
17.73,17.73,28.90,34.77,73.92
18.84,18.84,28.97,34.18,71.17
18.01,18.01,25.39,35.41,72.68
19.95,19.95,23.89,35.60,71.32
20.35,20.35,24.50,36.10,71.65
18.19,18.19,25.56,34.75,70.81
21.32,21.32,24.58,37.13,69.97
21.61,21.61,23.63,38.20,69.42
24.83,24.83,26.51,41.11,69.59
24.60,24.60,28.02,41.84,68.53
23.51,23.51,30.28,41.52,69.19
23.58,23.58,32.01,39.10,69.51
21.54,21.54,31.76,38.63,68.73
21.04,21.04,31.03,38.70,70.07
24.37,24.37,29.41,40.39,67.84
26.91,26.91,34.01,40.29,69.33
29.89,29.89,32.64,39.69,67.45
31.53,31.53,31.43,40.28,66.63
30.73,30.73,32.18,40.40,64.98
26.26,26.26,29.69,40.70,67.98
25.81,25.81,30.88,40.55,64.67
25.45,25.45,29.93,38.95,65.07
25.19,25.19,30.54,37.95,65.88
27.17,27.17,30.42,36.63,66.63
29.05,29.05,32.00,35.85,66.23
28.13,28.13,32.59,36.27,64.70
31.12,31.12,32.81,37.40,65.94
31.24,31.24,32.63,36.61,65.90
34.67,34.67,32.82,35.39,67.17
35.42,35.42,34.68,33.34,65.52
31.63,31.63,33.98,34.71,63.59
29.71,29.71,33.03,34.14,64.04
28.41,28.41,34.84,31.51,64.39
30.54,30.54,34.11,33.51,63.50
31.68,31.68,34.68,35.00,62.20
31.99,31.99,36.25,35.92,62.43
33.24,33.24,36.83,35.52,61.01
32.05,32.05,35.30,33.72,60.15
31.63,31.63,36.95,35.41,60.55
34.44,34.44,38.15,35.72,61.70
33.66,33.66,37.80,35.45,60.42
29.96,29.96,38.18,33.95,60.04
31.66,31.66,39.07,34.52,61.95
32.07,32.07,38.39,35.39,60.46
32.25,32.25,38.28,33.67,59.69
34.22,34.22,39.51,33.80,60.24
35.42,35.42,37.99,33.83,61.53
37.21,37.21,39.56,33.50,60.81
37.16,37.16,38.67,32.98,61.42
36.04,36.04,39.11,33.27,62.74
36.92,36.92,39.64,33.00,59.15
34.38,34.38,40.39,34.65,59.42
34.79,34.79,41.05,34.31,60.14
35.46,35.46,39.65,33.55,60.63
36.73,36.73,38.75,32.65,61.24
36.10,36.10,39.18,32.31,59.71
36.59,36.59,39.44,33.23,59.36
36.43,36.43,39.97,32.14,59.32
37.59,37.59,40.84,31.68,59.40
37.50,37.50,39.75,31.10,60.30
38.40,38.40,41.30,29.87,58.71
38.38,38.38,40.28,32.00,60.86
38.24,38.24,40.30,26.58,58.26
37.16,37.16,39.56,27.63,60.65
38.50,38.50,38.43,22.31,58.16
39.17,39.17,39.71,22.43,58.30
39.40,39.40,37.78,20.78,59.13
35.57,35.57,36.19,16.93,59.38
30.44,30.44,31.60,18.07,58.03
17.94,17.94,20.07,33.56,60.53
2.24,2.24,17.62,44.49,65.65
0.01,0.01,21.90,53.70,79.90
0.12,0.12,16.54,64.13,77.31
6.28,6.28,23.99,79.57,79.66
15.68,15.68,34.86,80.07,77.43
11.71,11.71,28.58,82.18,77.18
11.02,11.02,25.43,80.88,75.75
12.28,12.28,23.18,80.02,75.07
17.12,17.12,21.23,80.04,72.11
17.31,17.31,22.81,81.26,73.41
17.42,17.42,23.44,80.52,73.69
18.78,18.78,25.00,80.13,72.17
19.70,19.70,24.89,80.58,71.59
21.04,21.04,24.51,82.17,72.50
22.09,22.09,24.70,80.41,71.01
20.86,20.86,28.42,80.22,71.96
20.53,20.53,27.85,80.39,70.59
22.28,22.28,31.25,81.78,69.61
22.04,22.04,30.30,80.20,68.54
22.51,22.51,30.30,80.55,67.92
24.22,24.22,28.34,80.38,67.87
26.28,26.28,28.98,81.24,68.84
24.01,24.01,26.00,80.08,67.92
24.05,24.05,24.76,79.63,67.46
25.45,25.45,24.32,80.47,65.86
25.73,25.73,24.57,81.63,66.54
23.40,23.40,27.13,79.34,65.13
24.60,24.60,26.58,79.65,65.97
27.53,27.53,26.69,79.66,64.92
24.61,24.61,29.01,80.95,66.30
27.88,27.88,29.70,79.11,65.28
29.27,29.27,30.09,78.65,65.82
28.28,28.28,32.29,79.15,64.65
29.14,29.14,33.25,80.06,64.90
29.73,29.73,31.83,77.82,62.32
31.25,31.25,31.29,78.04,64.61
31.67,31.67,29.63,77.63,64.62
30.82,30.82,30.78,78.09,63.73
32.31,32.31,31.20,77.06,62.96
32.82,32.82,31.32,76.21,63.15
33.96,33.96,30.16,76.58,60.97
29.41,29.41,32.43,77.13,63.14
24.53,24.53,26.57,75.70,61.84
13.61,13.61,21.75,75.92,60.52
2.95,2.95,16.46,75.62,68.35
3.72,3.72,16.63,76.51,86.79
16.07,16.07,32.29,75.02,84.33
24.59,24.59,44.65,73.65,85.83
21.52,21.52,36.82,74.75,85.03
23.29,23.29,29.60,74.68,84.91
20.04,20.04,28.39,73.20,83.84
18.42,18.42,27.25,73.97,82.66
24.41,24.41,26.46,73.68,83.12
15.43,15.43,28.10,73.83,81.65
16.08,16.08,27.82,72.22,80.12
15.83,15.83,29.96,72.05,80.96
15.68,15.68,29.91,72.44,81.42
15.52,15.52,29.87,72.07,79.91
15.13,15.13,29.67,70.71,78.86
15.12,15.12,32.19,70.82,77.81
14.60,14.60,33.78,71.96,78.42
13.86,13.86,31.41,70.83,77.20
13.74,13.74,34.99,70.04,76.89
16.13,16.13,33.07,69.41,74.93
17.17,17.17,34.35,69.77,73.77
19.70,19.70,36.59,70.03,73.96
22.24,22.24,38.23,68.60,73.07
22.13,22.13,36.19,68.91,73.01
20.04,20.04,34.84,69.69,70.82
23.33,23.33,35.62,68.16,70.99
22.16,22.16,35.21,67.69,70.87
22.82,22.82,37.02,66.67,68.10
23.07,23.07,37.90,68.30,67.12
23.73,23.73,34.50,67.20,68.22
24.57,24.57,33.36,65.70,67.41
25.11,25.11,33.21,66.06,65.32
23.70,23.70,31.75,66.84,66.73
26.00,26.00,33.62,65.78,66.97
25.11,25.11,33.02,65.60,63.52
24.30,24.30,34.61,65.10,64.00
24.12,24.12,31.93,66.06,63.76
27.28,27.28,34.52,65.36,64.07
27.42,27.42,35.42,63.36,63.62
27.75,27.75,34.05,64.40,62.71
29.73,29.73,30.36,64.85,63.28
29.86,29.86,33.72,63.39,62.27
28.70,28.70,30.60,63.38,63.28
26.33,26.33,25.59,62.83,62.98
16.33,16.33,21.93,63.99,62.81
3.70,3.70,19.50,62.64,62.08
0.00,0.00,27.42,68.59,69.89
-0.00,-0.00,25.29,79.66,79.61
-0.00,-0.00,22.92,81.40,81.25
-0.00,-0.00,18.32,80.10,81.18
-0.00,-0.00,11.09,81.19,80.95
-0.00,-0.00,6.32,78.65,81.40
-0.00,-0.00,5.26,80.44,84.16
-0.00,-0.00,7.82,78.34,86.46
-0.00,-0.00,10.21,81.07,85.14
-0.00,-0.00,9.53,79.98,85.92
-0.00,-0.00,12.11,80.31,82.46
-0.00,-0.00,9.86,79.23,84.63
-0.00,-0.00,11.54,78.67,82.49
-0.00,-0.00,10.88,79.00,82.21
-0.00,-0.00,9.24,77.79,82.87
-0.00,-0.00,8.65,80.39,83.11
-0.00,-0.00,11.23,78.83,81.97
-0.00,-0.00,11.21,81.10,81.39
0.00,0.00,8.68,78.32,80.74
0.10,0.10,7.85,79.68,79.73
0.19,0.19,8.51,79.42,80.92
0.13,0.13,10.22,79.25,81.04
0.14,0.14,11.19,80.97,82.09
0.14,0.14,12.38,79.53,79.51
0.01,0.01,17.72,80.99,79.60
0.03,0.03,18.71,78.44,78.45
0.00,0.00,14.49,80.25,80.86
0.01,0.01,13.35,78.30,75.73
0.11,0.11,19.22,80.49,80.56
0.28,0.28,19.66,78.77,77.74
0.56,0.56,17.34,79.07,81.49
1.31,1.31,17.27,78.94,79.39
1.40,1.40,18.43,77.73,79.43
1.31,1.31,16.94,78.72,77.56
0.93,0.93,16.17,76.47,78.66
0.81,0.81,17.30,79.22,76.99
0.84,0.84,15.85,76.78,78.51
1.32,1.32,15.09,78.27,76.61
1.06,1.06,16.34,75.45,78.37
0.64,0.64,17.31,76.83,76.70
0.65,0.65,17.13,76.67,76.06
0.47,0.47,17.36,75.42,76.14
1.58,1.58,18.04,76.73,76.45
2.21,2.21,17.84,74.56,77.79
1.67,1.67,17.80,76.79,76.24
2.02,2.02,18.18,73.69,77.72
4.02,4.02,19.43,74.65,75.20
4.60,4.60,20.40,72.79,75.45
5.42,5.42,20.61,74.74,75.08
6.46,6.46,18.05,74.75,75.78
7.58,7.58,17.39,73.75,75.43
6.66,6.66,16.85,74.01,75.36
5.38,5.38,15.94,71.87,74.40
5.37,5.37,17.64,72.78,73.87
9.54,9.54,18.48,70.60,76.07
8.85,8.85,17.52,72.88,75.51
8.56,8.56,19.59,70.80,73.87
9.98,9.98,22.33,72.46,73.56
11.44,11.44,23.28,71.24,72.71
13.37,13.37,23.40,70.92,71.76
14.07,14.07,20.31,69.64,70.04
14.19,14.19,24.48,67.97,75.40
17.30,17.30,24.54,71.26,72.90
15.97,15.97,30.62,69.24,74.24
15.31,15.31,29.79,70.55,72.55
13.77,13.77,26.59,67.93,71.71
14.83,14.83,28.21,69.11,74.05
13.91,13.91,32.49,67.00,75.02
13.39,13.39,31.22,67.70,75.18
16.41,16.41,30.76,67.32,76.21
17.05,17.05,28.87,66.82,75.07
17.71,17.71,28.58,68.39,75.12
18.79,18.79,30.57,65.03,74.95
20.35,20.35,28.85,67.25,75.29
20.32,20.32,26.72,64.90,75.87
18.85,18.85,25.15,66.51,74.28
18.87,18.87,27.50,66.02,75.10
18.39,18.39,30.67,66.93,76.09
19.66,19.66,29.15,65.09,73.41
21.36,21.36,24.99,63.13,76.15
19.79,19.79,19.40,64.36,73.57
23.31,23.31,25.58,63.08,72.09
27.34,27.34,29.60,65.10,72.62
27.29,27.29,22.51,62.95,74.69
28.48,28.48,23.49,64.89,70.76
28.13,28.13,27.87,62.14,74.06
26.84,26.84,23.11,62.11,74.39
24.69,24.69,25.91,61.55,71.26
20.90,20.90,19.87,59.82,72.96
14.92,14.92,18.16,62.53,73.67
8.18,8.18,18.44,60.65,80.65
7.43,7.43,15.60,61.38,85.40
9.46,9.46,18.64,60.69,85.93
12.55,12.55,23.39,63.82,85.57
8.27,8.27,28.69,62.02,83.86
8.02,8.02,32.45,62.23,83.73
12.02,12.02,34.71,60.63,83.48
7.81,7.81,35.70,59.49,83.51
6.73,6.73,35.96,58.34,81.91
8.20,8.20,34.59,56.70,82.38
9.87,9.87,33.11,58.93,82.17
11.39,11.39,31.00,56.93,80.39
11.61,11.61,30.06,58.62,79.92
12.47,12.47,28.66,56.49,80.92
12.39,12.39,24.16,57.98,79.72
10.42,10.42,29.16,57.55,78.95
10.20,10.20,27.62,57.90,76.69
11.28,11.28,24.08,57.43,78.48
9.71,9.71,20.39,54.15,76.75
10.26,10.26,23.52,54.62,73.31
10.31,10.31,23.50,53.68,74.47
10.84,10.84,20.35,54.72,76.67
10.92,10.92,31.02,53.17,75.56
10.17,10.17,33.44,54.21,73.91
11.99,11.99,29.24,49.87,75.42
12.82,12.82,21.24,50.53,76.24
14.03,14.03,23.84,53.51,74.55
13.57,13.57,24.40,51.86,75.63
11.79,11.79,24.78,52.94,76.55
13.53,13.53,20.32,51.08,74.48
15.83,15.83,22.23,53.24,74.78
16.81,16.81,21.85,49.62,73.91
15.75,15.75,23.02,51.75,75.96
16.63,16.63,20.62,50.71,75.99
17.16,17.16,19.47,51.82,74.37
16.62,16.62,26.42,51.36,75.69
16.90,16.90,30.50,50.31,75.95
17.03,17.03,24.54,50.52,75.22
17.88,17.88,25.63,47.60,75.64
19.80,19.80,22.17,50.13,75.96
18.48,18.48,23.92,48.82,74.93
17.40,17.40,24.61,50.28,73.01
16.85,16.85,30.08,48.05,75.74
17.19,17.19,29.95,49.24,76.43
15.82,15.82,30.30,46.14,76.10
15.40,15.40,33.21,46.90,76.58
16.62,16.62,29.07,46.78,76.73
20.09,20.09,28.78,44.64,75.72
18.23,18.23,26.13,44.78,74.97
15.94,15.94,24.98,41.52,74.70
17.60,17.60,25.14,43.12,76.43
21.00,21.00,24.62,40.88,75.02
20.73,20.73,24.22,41.58,74.56
16.72,16.72,27.00,39.05,75.56
15.68,15.68,29.49,38.93,74.00
14.04,14.04,34.37,37.49,73.31
15.91,15.91,33.52,35.17,73.87
15.85,15.85,30.97,33.86,73.88
19.07,19.07,34.95,31.26,74.95
19.99,19.99,33.18,34.75,71.63
21.83,21.83,26.65,30.68,72.68
19.84,19.84,20.50,29.26,71.09
17.30,17.30,24.40,25.54,74.79
17.08,17.08,20.38,23.48,72.91
16.49,16.49,18.05,22.41,74.27
13.20,13.20,25.59,20.27,74.25
15.65,15.65,30.95,17.92,74.45
15.55,15.55,29.62,15.44,74.70
17.26,17.26,30.36,13.89,75.22
17.68,17.68,24.62,6.95,73.43
21.26,21.26,26.67,9.85,75.41
21.08,21.08,28.38,4.22,74.94
20.04,20.04,37.03,7.43,74.58
19.96,19.96,31.07,6.07,76.16
20.03,20.03,38.49,1.88,73.56
19.98,19.98,36.34,1.19,74.83
21.53,21.53,25.26,0.06,74.13
22.24,22.24,41.96,-0.00,74.35
22.62,22.62,30.76,-0.00,73.23
22.20,22.20,42.08,-0.00,74.48
21.48,21.48,39.64,-0.00,74.11
21.67,21.67,33.87,1.57,74.58
21.67,21.67,36.16,13.52,73.62
18.76,18.76,27.85,29.26,73.59
14.29,14.29,20.05,36.37,74.56
15.63,15.63,17.90,46.46,73.49
20.90,20.90,13.95,76.87,78.65
17.74,17.74,14.35,80.09,86.55
16.40,16.40,14.55,80.83,86.77
16.66,16.66,14.86,80.93,87.12
15.85,15.85,13.97,81.11,86.97
16.48,16.48,14.61,80.95,85.92
18.95,18.95,14.89,80.74,86.11
16.10,16.10,20.28,80.98,85.15
16.22,16.22,22.25,81.04,84.66
16.02,16.02,18.06,80.46,84.23
16.60,16.60,15.82,80.11,83.63
19.81,19.81,16.52,80.52,82.95
18.59,18.59,17.25,80.88,81.78
19.40,19.40,17.44,80.63,80.96
20.78,20.78,14.45,80.83,80.16
19.30,19.30,14.28,80.92,80.06
18.08,18.08,15.01,81.38,79.74
16.13,16.13,16.15,81.13,77.97
18.23,18.23,17.93,80.64,76.70
18.23,18.23,18.69,80.48,76.45
15.10,15.10,17.51,80.36,75.35
16.67,16.67,19.51,80.66,76.04
15.92,15.92,20.20,80.42,73.08
14.44,14.44,20.80,80.48,73.57
16.68,16.68,20.26,80.27,73.29
15.87,15.87,19.95,80.34,74.64
15.11,15.11,20.27,80.07,72.85
14.79,14.79,21.84,79.45,73.16
13.45,13.45,20.28,79.75,72.56
13.60,13.60,19.21,79.72,73.64
13.31,13.31,18.96,79.51,74.36
14.82,14.82,19.86,78.91,74.83
12.83,12.83,19.27,78.26,75.97
14.41,14.41,19.56,77.98,75.34
16.78,16.78,19.80,77.63,76.07
18.47,18.47,20.08,77.13,76.05
17.73,17.73,19.28,77.03,75.94
19.00,19.00,20.04,77.03,76.95
21.57,21.57,20.52,77.44,76.72
22.33,22.33,21.34,76.77,76.82
22.24,22.24,21.09,76.15,76.90
23.56,23.56,21.52,76.01,76.59
22.83,22.83,22.08,75.67,76.25
21.51,21.51,20.49,75.70,76.49
23.79,23.79,20.90,75.02,76.87
25.21,25.21,19.67,74.69,76.40
25.66,25.66,22.10,74.24,77.02
25.10,25.10,22.18,73.47,75.19
25.82,25.82,21.19,73.29,74.37
27.93,27.93,22.19,73.90,71.24
29.82,29.82,23.69,73.96,73.75
29.29,29.29,23.77,73.17,73.58
28.88,28.88,23.77,72.48,73.13
27.78,27.78,24.09,72.32,72.40
25.86,25.86,22.00,72.35,68.62
27.60,27.60,23.99,71.48,69.47
30.85,30.85,25.16,70.76,69.38
32.68,32.68,24.42,71.11,67.96
33.31,33.31,25.46,70.71,66.20
33.46,33.46,24.94,70.41,66.49
34.07,34.07,25.94,70.35,66.28
33.63,33.63,26.52,70.79,66.22
32.75,32.75,26.19,69.54,67.26
30.53,30.53,25.24,68.78,66.56
27.06,27.06,23.38,68.49,68.93
28.04,28.04,24.06,68.82,69.11
26.45,26.45,24.04,68.32,67.12
25.40,25.40,22.60,68.24,68.79
25.12,25.12,22.77,67.86,68.02
25.18,25.18,23.76,66.98,69.70
23.80,23.80,20.53,66.94,71.80
25.70,25.70,21.94,67.34,69.93
28.51,28.51,24.41,67.78,69.02
26.38,26.38,22.49,66.67,71.69
26.45,26.45,23.08,65.42,70.74
27.74,27.74,24.48,65.40,71.85
26.53,26.53,23.39,65.61,69.30
26.10,26.10,22.52,65.51,70.50
27.48,27.48,24.21,65.70,70.45
27.33,27.33,23.01,64.68,71.44
28.40,28.40,23.49,64.21,69.68
28.91,28.91,22.99,63.72,68.80
28.76,28.76,22.31,63.44,66.14
31.11,31.11,21.23,63.97,65.35
27.29,27.29,21.51,62.85,69.05
27.52,27.52,20.89,62.37,67.75
25.25,25.25,21.99,61.68,66.56
16.84,16.84,23.50,64.77,64.95
12.24,12.24,24.84,79.00,68.38
7.89,7.89,21.49,80.79,72.14
10.48,10.48,19.18,81.24,73.39
14.80,14.80,20.29,81.19,73.67
17.26,17.26,20.82,82.17,73.87
16.31,16.31,20.42,82.00,73.96
17.27,17.27,19.56,80.78,73.98
18.90,18.90,19.87,79.88,73.87
19.51,19.51,20.73,81.85,73.52
19.84,19.84,24.11,82.41,73.80
20.24,20.24,24.46,81.64,74.17
21.02,21.02,24.50,80.04,74.00
21.46,21.46,23.41,80.63,73.21
21.75,21.75,23.40,81.32,72.59
21.75,21.75,25.44,80.66,71.83
20.96,20.96,24.59,81.45,71.88
21.69,21.69,23.22,81.34,70.96
21.75,21.75,22.47,80.88,70.15
24.08,24.08,20.77,79.18,70.72
22.83,22.83,21.78,80.83,70.05
21.09,21.09,20.91,81.43,70.17
21.71,21.71,22.83,80.74,70.99
23.82,23.82,24.45,79.18,68.01
24.51,24.51,24.18,79.30,69.30
25.41,25.41,24.91,79.22,69.02
25.87,25.87,25.82,78.03,69.12
24.70,24.70,23.93,78.14,69.61
25.82,25.82,26.54,78.59,70.08
24.30,24.30,29.43,77.73,70.59
23.58,23.58,23.87,76.21,69.37
24.56,24.56,22.90,77.16,69.56
25.07,25.07,22.22,77.75,69.96
23.80,23.80,26.04,77.45,71.00
24.71,24.71,25.88,75.66,69.80
22.63,22.63,21.81,75.75,69.46
24.64,24.64,22.84,75.97,69.38
24.91,24.91,17.84,75.51,69.34
24.31,24.31,19.74,75.20,67.99
24.63,24.63,17.34,75.77,69.09
23.75,23.75,14.39,75.06,67.89
19.89,19.89,11.10,73.47,68.28
10.90,10.90,7.25,73.58,66.27
3.31,3.31,7.45,74.17,71.72
0.09,0.09,5.57,73.06,84.46
0.70,0.70,5.39,72.44,83.64
4.37,4.37,6.20,72.20,83.90
7.01,7.01,8.37,72.45,83.17
10.65,10.65,11.37,71.72,82.88
10.51,10.51,13.18,71.47,82.06
10.75,10.75,15.61,73.04,80.05
10.10,10.10,18.27,71.72,79.91
12.09,12.09,18.44,70.25,80.49
12.24,12.24,16.85,70.19,79.96
13.71,13.71,15.86,71.14,78.65
10.95,10.95,15.20,71.50,80.17
10.69,10.69,22.79,70.28,78.41
11.10,11.10,21.50,68.67,78.55
14.07,14.07,16.93,69.25,78.43
13.95,13.95,24.72,68.77,77.80
13.12,13.12,24.41,68.47,77.23
14.89,14.89,20.03,69.48,77.23
13.63,13.63,23.20,69.15,76.73
12.25,12.25,23.84,68.26,76.46
11.80,11.80,25.37,66.44,76.84
12.47,12.47,23.92,67.61,73.99
13.72,13.72,23.93,67.75,74.34
15.31,15.31,24.64,67.33,73.59
14.52,14.52,24.08,64.94,73.07
15.31,15.31,24.53,65.86,72.03
14.00,14.00,25.69,66.16,69.52
17.38,17.38,26.06,65.99,70.95
19.48,19.48,25.16,65.84,69.66
19.65,19.65,26.83,65.68,71.09
19.12,19.12,25.22,63.99,70.44
19.52,19.52,24.18,62.57,69.18
19.79,19.79,24.48,63.47,67.36
20.63,20.63,25.98,64.09,68.75
21.41,21.41,23.91,63.72,66.70
23.98,23.98,24.49,61.99,68.43
26.57,26.57,27.73,63.21,66.14
27.62,27.62,25.21,63.04,68.18
25.78,25.78,22.22,62.61,66.77
19.17,19.17,23.09,62.40,66.55
6.39,6.39,17.47,62.32,67.01
0.07,0.07,22.00,60.00,75.32
-0.00,-0.00,21.02,54.47,80.79
-0.00,-0.00,19.62,59.69,80.94
-0.00,-0.00,15.33,65.94,82.50
-0.00,-0.00,15.09,79.11,84.45
0.00,0.00,13.71,81.01,80.71
0.44,0.44,14.74,82.29,79.80
4.43,4.43,15.79,80.11,81.58
7.80,7.80,14.86,79.20,79.84
7.22,7.22,15.05,81.18,77.90
10.48,10.48,14.87,81.23,79.64
8.48,8.48,14.33,79.52,77.52
6.96,6.96,14.83,80.11,76.81
5.33,5.33,15.20,81.30,76.76
4.15,4.15,14.97,81.86,76.68
5.72,5.72,14.97,79.84,77.57
8.67,8.67,15.66,79.65,77.06
8.80,8.80,14.49,81.04,75.41
7.49,7.49,13.25,81.64,77.66
8.29,8.29,15.00,80.21,75.95
9.67,9.67,14.62,80.18,75.59
11.47,11.47,13.44,81.33,76.70
9.78,9.78,12.01,81.55,73.74
9.49,9.49,11.45,79.97,75.91
7.78,7.78,12.97,80.49,75.72
7.81,7.81,13.62,81.24,73.49
9.63,9.63,12.07,80.89,75.71
12.29,12.29,15.30,79.80,74.11
13.01,13.01,15.37,79.95,74.64
15.83,15.83,16.44,81.19,76.12
15.87,15.87,18.33,80.63,74.82
13.34,13.34,18.54,79.61,74.48
14.14,14.14,15.66,80.26,75.67
16.77,16.77,19.47,80.79,74.44
20.11,20.11,19.34,80.77,76.44
17.23,17.23,16.14,79.69,75.86
17.67,17.67,15.19,79.95,75.57
19.11,19.11,18.63,80.52,75.90
21.18,21.18,17.33,79.86,73.36
18.68,18.68,19.87,79.02,75.83
18.64,18.64,24.65,78.41,73.63
19.04,19.04,24.11,79.25,72.20
21.34,21.34,27.93,78.49,73.20
24.83,24.83,27.43,77.80,72.03
26.35,26.35,25.55,77.56,73.41
29.90,29.90,25.10,78.46,74.29
28.32,28.32,24.33,77.36,72.87
28.27,28.27,22.26,76.56,71.72
27.82,27.82,22.61,75.92,73.15
25.48,25.48,21.63,76.60,71.39
27.22,27.22,20.83,75.66,73.05
23.77,23.77,22.06,75.87,71.90
26.86,26.86,23.49,75.55,71.52
25.15,25.15,24.01,76.71,72.36
26.57,26.57,24.33,75.15,68.87
29.21,29.21,25.99,74.14,70.51
31.13,31.13,27.75,74.19,69.86
30.75,30.75,28.14,74.93,70.47
28.85,28.85,27.16,73.94,71.34
26.27,26.27,26.49,72.96,69.90
22.44,22.44,25.55,72.71,68.10
22.85,22.85,25.17,73.43,73.46
24.95,24.95,25.40,71.56,69.97
26.47,26.47,24.60,71.66,73.13
29.30,29.30,27.90,71.92,73.62
25.91,25.91,26.03,72.76,71.62
16.94,16.94,23.10,70.90,71.89
7.46,7.46,15.60,70.19,69.40
1.69,1.69,11.12,69.86,76.69
2.55,2.55,9.95,71.46,80.07
7.64,7.64,11.75,69.04,78.58
10.69,10.69,12.00,69.34,79.91
10.53,10.53,13.78,69.33,79.31
10.19,10.19,15.95,69.32,77.50
8.84,8.84,18.78,68.45,78.42
10.30,10.30,21.17,68.73,80.39
8.39,8.39,22.81,67.43,77.73
11.52,11.52,21.66,68.69,78.30
10.84,10.84,19.98,67.64,78.99
8.71,8.71,17.21,67.52,78.15
9.64,9.64,19.49,66.96,77.84
8.90,8.90,17.92,67.11,76.65
9.09,9.09,19.14,66.67,77.57
7.48,7.48,20.40,66.16,76.95
4.30,4.30,20.95,65.80,75.01
7.12,7.12,20.55,67.41,75.26
10.26,10.26,23.97,66.22,76.88
9.96,9.96,23.31,64.95,75.42
9.63,9.63,19.78,65.29,72.50
7.78,7.78,18.73,64.90,76.12
9.99,9.99,20.74,62.97,74.64
10.11,10.11,21.28,63.86,73.37
11.40,11.40,20.34,64.38,74.15
14.96,14.96,21.66,63.53,73.88
11.02,11.02,21.81,61.87,75.11
11.75,11.75,22.51,62.21,73.68
12.44,12.44,23.11,63.58,74.86
10.98,10.98,21.63,63.18,73.13
12.25,12.25,20.98,60.89,74.28
11.86,11.86,21.57,59.87,73.47
12.89,12.89,21.69,59.93,73.02
10.53,10.53,22.88,60.76,73.30
10.14,10.14,23.04,60.24,72.28
11.83,11.83,23.11,59.49,73.91
10.54,10.54,23.19,59.70,69.79
10.65,10.65,23.57,59.28,72.33
12.61,12.61,23.79,57.83,72.05
15.86,15.86,26.31,56.74,71.01
13.97,13.97,27.72,58.98,73.26
12.59,12.59,25.58,56.67,74.01
10.26,10.26,21.16,56.53,72.15
10.01,10.01,20.19,55.92,73.12
10.78,10.78,22.86,55.31,72.12
12.41,12.41,23.13,55.65,73.39
12.84,12.84,23.41,56.38,71.41
11.65,11.65,22.18,56.74,72.55
12.04,12.04,23.06,57.20,71.13
12.29,12.29,23.82,56.87,70.95
15.25,15.25,24.88,54.76,72.72
15.77,15.77,24.14,53.20,72.22
13.41,13.41,25.33,54.49,72.20
12.46,12.46,21.56,52.01,73.81
14.92,14.92,18.99,51.21,70.52
15.76,15.76,18.51,53.30,70.24
14.54,14.54,19.85,53.56,74.38
15.69,15.69,22.00,52.73,72.14
19.26,19.26,22.30,51.92,70.05
19.13,19.13,21.85,50.79,70.54
18.70,18.70,22.85,51.68,70.62
17.49,17.49,20.69,50.81,70.87
17.04,17.04,20.51,50.39,71.42
19.75,19.75,23.22,48.72,71.47
20.71,20.71,19.70,50.35,70.46
20.54,20.54,18.86,51.62,70.61
13.53,13.53,18.80,50.30,69.72
11.56,11.56,19.39,71.28,73.48
11.67,11.67,16.96,81.50,74.07
12.15,12.15,16.57,80.74,71.93
13.38,13.38,17.11,80.36,72.00
11.19,11.19,17.11,81.74,70.50
18.23,18.23,17.87,81.69,71.04
15.34,15.34,18.95,79.95,69.72
15.03,15.03,18.16,80.73,71.40
14.65,14.65,17.96,81.49,70.64
13.97,13.97,17.96,80.85,70.27
13.12,13.12,18.93,80.09,70.21
16.12,16.12,21.50,81.58,69.38
14.03,14.03,21.07,81.58,70.02
14.81,14.81,19.83,81.35,70.98
16.68,16.68,18.78,80.46,70.70
18.47,18.47,19.49,81.49,70.52
20.67,20.67,20.57,81.82,69.26
20.05,20.05,15.92,80.36,69.87
19.37,19.37,17.94,80.73,70.38
17.67,17.67,18.08,81.23,70.81
15.48,15.48,16.65,80.75,72.00
12.75,12.75,13.88,79.46,71.29
14.66,14.66,13.76,80.22,71.60
15.26,15.26,12.85,80.52,72.25
14.46,14.46,13.76,80.24,73.92
15.19,15.19,15.35,78.46,73.13
14.93,14.93,15.10,78.77,72.72
15.74,15.74,14.86,79.08,72.28
17.07,17.07,16.29,78.14,72.68
19.49,19.49,18.24,77.14,75.22
19.94,19.94,16.12,78.40,73.23
17.66,17.66,19.71,78.34,73.60
19.42,19.42,19.19,76.93,74.50
16.24,16.24,19.99,76.30,73.59
16.26,16.26,19.52,76.53,74.28
14.22,14.22,16.69,76.39,72.72
14.11,14.11,17.52,75.34,75.04
15.70,15.70,20.18,75.69,75.63
15.99,15.99,20.29,76.32,72.33
17.05,17.05,23.14,75.48,71.72
19.57,19.57,22.89,73.63,72.72
17.26,17.26,22.30,74.64,70.77
14.87,14.87,20.38,74.98,71.06
15.11,15.11,17.62,74.51,71.47
6.76,6.76,14.35,72.90,71.97
1.54,1.54,11.31,73.47,74.18
0.27,0.27,10.32,74.02,81.62
5.29,5.29,10.70,73.18,82.54
13.52,13.52,11.13,70.93,82.97
16.36,16.36,10.85,71.72,82.10
18.02,18.02,11.51,72.91,81.51
17.38,17.38,11.46,70.31,79.14
12.72,12.72,13.01,69.99,79.54
10.61,10.61,13.49,71.50,79.72
13.45,13.45,13.10,71.14,78.61
15.18,15.18,11.44,69.44,78.53
14.54,14.54,12.25,70.27,77.86
14.56,14.56,12.64,70.57,76.93
15.66,15.66,13.00,70.14,78.08
17.47,17.47,13.52,68.65,75.38
16.44,16.44,12.95,69.42,78.95
16.63,16.63,14.85,69.69,77.12
18.15,18.15,16.24,68.01,76.86
17.81,17.81,14.21,67.18,77.36
18.07,18.07,14.06,68.15,74.81
17.94,17.94,10.45,67.37,75.91
21.07,21.07,9.58,66.04,76.86
19.45,19.45,9.91,66.23,78.38
19.12,19.12,9.40,66.88,75.81
21.22,21.22,12.43,66.47,76.54
18.03,18.03,14.29,64.72,76.62
18.96,18.96,15.06,65.48,76.78
21.48,21.48,15.35,65.94,76.36
22.04,22.04,16.11,64.51,75.95
22.30,22.30,18.11,63.29,76.49
20.80,20.80,17.29,64.18,74.54
20.47,20.47,19.23,64.15,75.74
21.53,21.53,19.06,63.71,76.03
18.75,18.75,21.60,63.02,74.67
18.85,18.85,20.86,63.80,74.93
20.96,20.96,22.36,63.14,74.52
21.15,21.15,20.54,61.52,74.10
18.85,18.85,22.01,61.97,74.06
21.59,21.59,18.44,62.13,73.65
20.95,20.95,20.46,61.49,73.34
22.11,22.11,21.00,60.14,73.10
17.20,17.20,22.06,61.22,73.66
19.09,19.09,20.51,61.25,74.40
21.39,21.39,22.90,60.97,73.45
21.54,21.54,23.83,60.26,71.24
21.38,21.38,22.83,61.01,71.04
19.32,19.32,23.33,60.86,71.01
20.73,20.73,23.83,58.79,71.76
24.97,24.97,26.78,58.70,71.71
26.36,26.36,26.20,58.43,70.35
24.57,24.57,25.44,56.44,70.64
23.30,23.30,25.58,57.55,71.21
24.60,24.60,26.87,59.71,72.59
22.76,22.76,26.54,59.17,70.58
23.07,23.07,25.57,57.79,70.76
23.81,23.81,25.55,55.96,69.26
20.87,20.87,25.79,56.97,69.70
20.90,20.90,25.86,55.74,68.63
22.92,22.92,26.75,55.32,68.58
24.81,24.81,27.06,54.86,70.27
23.87,23.87,27.58,55.35,67.82
22.79,22.79,26.53,55.87,70.80
23.61,23.61,28.83,55.34,69.27
20.68,20.68,27.90,52.58,70.22
25.04,25.04,28.39,52.63,68.73
22.58,22.58,30.01,52.53,69.56
23.42,23.42,28.69,52.77,68.68
27.15,27.15,29.99,53.40,69.49
24.79,24.79,27.13,53.97,68.08
24.72,24.72,28.13,53.40,69.72
24.21,24.21,29.13,52.03,69.48
24.34,24.34,29.94,52.90,69.02
27.38,27.38,30.40,52.64,69.73
24.17,24.17,28.83,50.24,68.30
24.75,24.75,29.36,48.83,68.08
23.45,23.45,34.37,50.28,67.55
22.35,22.35,38.88,48.62,69.03
23.63,23.63,39.81,47.37,67.86
26.46,26.46,37.17,46.19,67.18
27.38,27.38,38.43,46.74,68.59
25.49,25.49,34.20,47.00,68.99
27.44,27.44,36.06,44.72,66.28
28.51,28.51,42.92,45.14,66.86
28.58,28.58,44.10,45.14,68.33
25.19,25.19,43.81,42.01,66.81
26.27,26.27,42.05,41.24,69.59
23.88,23.88,39.90,42.45,67.81
26.94,26.94,37.27,42.08,68.58
26.62,26.62,41.91,42.41,68.53
27.01,27.01,41.01,40.96,67.65
28.91,28.91,38.62,41.95,69.83
27.58,27.58,37.33,42.79,67.38
28.98,28.98,39.33,40.55,67.05
28.52,28.52,41.12,40.06,66.62
28.06,28.06,41.27,41.15,65.90
28.13,28.13,40.44,38.11,64.58
28.76,28.76,38.69,38.95,64.22
26.55,26.55,38.27,38.93,66.05
28.05,28.05,40.57,36.57,63.77
28.34,28.34,40.00,37.52,67.14
27.67,27.67,37.87,36.63,64.01
29.08,29.08,39.53,37.19,67.17
30.07,30.07,37.74,38.58,64.23
28.75,28.75,35.73,32.39,64.27
29.01,29.01,37.47,33.21,61.90
28.50,28.50,40.33,35.71,64.89
28.13,28.13,38.32,31.10,65.76
28.60,28.60,39.58,34.97,64.01
30.96,30.96,38.46,31.55,65.26
29.88,29.88,38.84,30.46,65.00
28.83,28.83,40.02,33.43,65.58
30.22,30.22,39.28,33.36,63.17
26.67,26.67,39.04,35.16,64.58
29.06,29.06,39.18,33.89,63.40
29.95,29.95,38.10,31.41,64.44
29.62,29.62,38.54,28.65,63.54
27.38,27.38,39.24,30.10,63.80
27.85,27.85,40.83,32.66,64.04
30.83,30.83,40.51,29.81,64.99
28.74,28.74,41.02,34.09,63.77
29.63,29.63,38.84,33.04,62.58
30.43,30.43,37.97,30.85,62.98
28.10,28.10,39.72,34.20,65.73
28.69,28.69,37.49,29.88,63.34
30.32,30.32,39.14,33.19,64.12
31.47,31.47,37.77,32.46,64.93
30.56,30.56,37.53,32.43,63.76
30.51,30.51,37.41,32.64,63.83
25.11,25.11,34.35,32.20,63.72
14.91,14.91,27.75,36.98,63.19
5.51,5.51,31.42,39.77,68.97
9.38,9.38,36.13,43.37,71.21
14.43,14.43,38.03,37.14,70.83
14.21,14.21,32.37,39.02,69.03
14.01,14.01,34.44,36.94,66.35
17.91,17.91,35.10,38.20,69.84
19.01,19.01,36.85,29.85,69.44
20.64,20.64,39.41,35.29,67.55
21.19,21.19,42.58,36.27,68.95
21.35,21.35,42.36,33.18,65.84
23.25,23.25,41.61,31.93,68.44
23.87,23.87,39.38,31.38,64.84
24.96,24.96,37.39,32.49,67.16
26.13,26.13,41.31,29.42,67.12
23.52,23.52,38.47,25.35,64.54
23.50,23.50,41.20,27.42,66.60
23.60,23.60,41.22,27.01,62.15
24.90,24.90,41.57,30.10,66.25
23.69,23.69,43.02,30.76,65.22
24.68,24.68,42.29,29.92,63.48
23.30,23.30,41.38,29.26,65.40
24.10,24.10,44.56,26.91,64.24
22.80,22.80,44.94,28.36,65.28
23.65,23.65,46.09,27.28,65.63
21.29,21.29,45.58,25.67,64.27
23.50,23.50,46.46,24.93,64.25
24.13,24.13,46.73,24.38,63.34
25.61,25.61,46.68,24.80,62.20
23.83,23.83,48.57,23.67,63.17
24.27,24.27,50.17,23.53,63.90
24.80,24.80,49.12,25.06,64.99
26.88,26.88,50.56,24.71,62.45
26.76,26.76,47.17,21.80,62.44
26.88,26.88,48.65,22.73,63.76
23.09,23.09,51.59,23.82,64.24
24.09,24.09,51.96,21.82,64.64
26.64,26.64,52.04,19.85,64.22
28.40,28.40,50.20,19.22,62.97
25.22,25.22,47.98,19.29,63.76
25.38,25.38,50.29,18.04,63.93
27.13,27.13,48.93,12.96,65.29
28.00,28.00,50.88,34.38,63.12
30.03,30.03,41.28,44.75,61.65
26.31,26.31,32.76,50.67,62.60
22.62,22.62,30.52,55.32,61.29
12.17,12.17,27.99,79.06,63.32
0.99,0.99,24.00,80.48,70.51
-0.00,-0.00,21.08,80.83,80.25
-0.00,-0.00,20.70,81.05,82.20
3.84,3.84,24.72,82.09,78.25
14.60,14.60,25.28,80.72,81.15
22.29,22.29,22.30,81.99,79.34
24.16,24.16,14.00,83.11,77.92
20.39,20.39,12.91,82.56,81.74
12.67,12.67,25.79,81.72,78.39
10.08,10.08,21.72,81.72,77.87
10.94,10.94,9.84,82.33,79.47
9.69,9.69,11.93,81.83,78.30
8.06,8.06,11.92,82.09,78.00
9.49,9.49,12.67,80.87,79.66
9.32,9.32,14.92,81.94,78.60
10.98,10.98,13.73,81.60,77.16
11.23,11.23,14.03,80.17,79.21
11.37,11.37,12.80,80.79,77.76
12.62,12.62,13.07,82.65,77.78
15.36,15.36,14.14,81.70,78.12
17.74,17.74,16.32,80.90,76.42
12.96,12.96,16.41,81.29,77.45
14.69,14.69,16.78,82.90,77.12
14.72,14.72,17.52,81.66,77.03
16.71,16.71,17.04,81.36,77.65
15.29,15.29,16.45,81.58,77.01
16.01,16.01,15.79,82.30,75.11
17.77,17.77,15.76,81.88,77.10
18.26,18.26,16.09,81.40,76.60
17.25,17.25,18.42,81.15,75.10
16.28,16.28,20.21,82.05,76.79
18.99,18.99,20.70,80.71,71.15
18.38,18.38,18.64,80.28,75.27
18.89,18.89,19.75,80.54,76.11
21.54,21.54,24.30,81.65,74.39
22.88,22.88,27.58,79.63,76.18
23.75,23.75,27.49,78.16,72.18
21.78,21.78,25.80,78.97,73.26
22.05,22.05,24.94,79.89,73.18
22.41,22.41,28.15,78.37,71.93
21.34,21.34,29.36,77.94,74.16
20.80,20.80,29.14,77.58,72.23
19.61,19.61,29.63,78.42,73.80
21.27,21.27,30.44,76.85,75.62
21.50,21.50,30.50,76.99,71.74
23.48,23.48,30.01,77.02,73.95
24.33,24.33,30.99,77.19,74.97
28.53,28.53,31.76,75.91,71.90
28.77,28.77,29.01,74.86,72.90
23.85,23.85,27.43,75.06,71.19
21.19,21.19,28.21,75.93,70.55
19.81,19.81,24.23,74.38,70.63
20.96,20.96,25.16,73.61,73.55
22.87,22.87,27.53,73.49,73.06
24.78,24.78,25.13,74.51,74.17
22.08,22.08,25.95,73.12,72.66
19.03,19.03,27.42,72.61,70.75
18.93,18.93,29.64,72.39,72.26
19.22,19.22,28.65,72.53,70.67
19.96,19.96,25.74,71.51,71.89
20.94,20.94,29.38,70.53,68.55
19.69,19.69,30.54,71.56,71.76
20.74,20.74,33.61,71.39,72.13
19.55,19.55,33.34,70.47,70.08
18.55,18.55,31.96,69.74,73.60
16.77,16.77,29.52,70.57,74.73
16.68,16.68,27.97,69.53,72.32
17.46,17.46,27.57,68.75,73.09
18.16,18.16,27.07,68.84,73.52
18.35,18.35,28.02,69.33,72.52
20.49,20.49,30.06,68.54,74.10
18.69,18.69,34.18,67.93,72.25
17.87,17.87,34.02,66.77,72.35
18.59,18.59,31.88,68.35,73.87
20.02,20.02,29.32,67.60,72.50
19.80,19.80,32.42,66.86,74.70
20.87,20.87,35.58,65.01,74.27
21.86,21.86,34.10,66.34,73.04
22.40,22.40,29.31,64.69,73.31
23.66,23.66,25.35,64.17,72.36
25.35,25.35,27.42,65.07,74.25
24.70,24.70,24.88,65.57,73.61
23.26,23.26,22.17,63.70,73.28
24.47,24.47,24.35,62.82,72.18
23.13,23.13,25.76,63.08,72.70
21.22,21.22,26.27,64.22,73.16
22.65,22.65,26.08,63.50,73.86
22.55,22.55,22.87,63.67,74.78
21.87,21.87,21.74,61.95,74.99
21.47,21.47,24.03,62.43,71.67
21.09,21.09,23.29,61.80,74.01
23.72,23.72,22.44,61.77,72.87
23.75,23.75,22.64,61.65,73.52
22.95,22.95,25.59,61.82,72.53
20.24,20.24,21.81,60.51,73.47
19.72,19.72,20.31,60.73,73.87
20.38,20.38,23.58,59.01,73.49
23.87,23.87,24.54,60.85,74.14
22.85,22.85,23.33,59.02,74.00
22.60,22.60,24.05,58.80,71.96
20.89,20.89,25.12,58.55,74.24
21.01,21.01,23.30,59.39,72.76
21.65,21.65,22.95,56.52,70.82
22.08,22.08,23.37,57.85,72.93
22.86,22.86,23.75,56.95,71.15
23.29,23.29,22.56,57.05,72.19
23.55,23.55,24.83,56.48,74.60
24.93,24.93,24.47,54.48,72.29
24.30,24.30,24.00,56.22,70.67
25.09,25.09,21.81,57.38,76.10
25.69,25.69,25.66,54.78,74.10
25.35,25.35,25.79,55.95,71.84
24.71,24.71,23.59,54.79,73.78
25.38,25.38,23.40,56.43,72.22
24.59,24.59,25.68,55.12,72.87
25.28,25.28,23.18,52.61,74.39
23.60,23.60,23.18,55.81,72.19
23.54,23.54,23.73,56.37,71.91
25.40,25.40,23.90,52.19,72.30
23.43,23.43,24.03,52.20,74.64
21.98,21.98,22.14,52.04,73.92
23.72,23.72,21.37,53.02,74.18
23.40,23.40,21.51,51.34,73.66
24.63,24.63,22.73,48.38,72.90
23.81,23.81,23.87,52.72,72.43
23.61,23.61,26.35,50.34,74.49
23.39,23.39,26.77,44.60,73.24
20.94,20.94,28.25,50.91,73.03
22.53,22.53,28.97,49.46,72.93
17.06,17.06,26.35,46.70,71.43
14.38,14.38,22.78,48.81,71.76
15.22,15.22,23.34,51.48,75.47
12.02,12.02,20.65,52.76,79.31
15.00,15.00,20.89,53.03,79.96
15.05,15.05,23.21,53.32,78.97
16.42,16.42,24.79,53.02,78.44
15.65,15.65,23.34,47.93,79.02
15.87,15.87,29.46,44.88,76.72
16.17,16.17,28.24,47.28,77.54
17.43,17.43,22.55,45.09,76.06
16.24,16.24,21.32,48.42,75.77
14.38,14.38,23.11,43.37,74.47
14.23,14.23,24.57,43.95,74.20
14.98,14.98,26.30,43.52,74.04
13.41,13.41,27.71,43.09,72.00
12.35,12.35,26.11,42.96,72.45
14.11,14.11,21.72,44.93,71.62
15.48,15.48,27.50,38.93,71.15
17.66,17.66,29.40,39.53,71.01
18.99,18.99,27.80,42.98,70.49
18.23,18.23,29.44,37.57,72.36
19.51,19.51,28.90,41.98,74.03
20.88,20.88,24.32,39.54,72.84
22.46,22.46,27.49,36.43,74.92
20.25,20.25,23.35,39.23,74.39
20.09,20.09,27.21,36.82,71.81
17.09,17.09,31.83,35.27,70.72
16.54,16.54,30.85,37.76,71.09
17.76,17.76,27.00,30.31,71.67
18.84,18.84,32.70,33.10,71.45
19.46,19.46,32.18,32.39,72.54
20.36,20.36,30.28,32.41,73.07
20.67,20.67,27.80,34.09,75.20
19.08,19.08,33.20,31.04,76.85
19.32,19.32,35.19,28.51,75.78
23.61,23.61,29.99,32.02,75.43
21.68,21.68,34.45,29.13,72.49
22.01,22.01,31.11,30.26,69.52
27.06,27.06,34.90,33.13,72.30
24.76,24.76,34.76,27.96,72.06
20.57,20.57,31.48,29.82,71.98
15.66,15.66,32.18,30.17,73.31
11.56,11.56,31.02,30.15,75.31
13.06,13.06,31.90,30.03,76.11
13.07,13.07,27.18,30.02,77.65
13.66,13.66,26.31,26.89,78.79
14.88,14.88,34.46,29.72,78.54
15.70,15.70,35.60,27.98,78.26
16.05,16.05,33.11,25.32,77.62
15.35,15.35,32.43,24.33,78.06
13.87,13.87,32.33,22.31,77.11
14.10,14.10,37.06,24.24,75.76
18.60,18.60,38.80,27.06,76.46
20.10,20.10,35.44,27.47,76.25
19.82,19.82,32.88,23.22,76.16
17.77,17.77,35.78,27.15,76.40
16.29,16.29,38.56,26.36,76.40
16.42,16.42,39.57,27.30,74.91
18.35,18.35,36.78,25.16,72.78
19.87,19.87,36.23,27.08,74.63
18.72,18.72,36.42,24.18,74.98
19.21,19.21,35.37,25.10,73.35
21.80,21.80,34.06,23.72,73.65
19.35,19.35,40.67,29.48,73.16
18.01,18.01,34.04,27.62,73.24
17.22,17.22,38.92,28.97,72.10
18.65,18.65,35.54,26.91,72.19
15.55,15.55,33.20,25.04,73.53
17.94,17.94,39.38,25.59,72.86
21.28,21.28,35.19,27.72,72.03
20.06,20.06,38.83,29.20,71.25
19.69,19.69,40.72,29.86,72.03
20.85,20.85,36.53,25.98,70.21
20.26,20.26,39.16,27.04,68.96
19.74,19.74,35.72,24.08,70.48
22.11,22.11,35.94,28.27,69.63
22.04,22.04,42.61,26.78,69.60
21.19,21.19,33.16,28.00,72.10
22.61,22.61,38.88,22.79,71.67
20.85,20.85,35.86,26.54,70.87
19.40,19.40,35.18,26.22,72.23
22.74,22.74,39.85,25.88,70.37
22.21,22.21,39.82,27.27,70.50
25.78,25.78,37.42,27.29,69.40
21.83,21.83,39.03,26.48,69.82
15.86,15.86,35.64,25.49,69.60
13.72,13.72,36.89,25.14,69.21
14.63,14.63,34.39,17.96,75.98
14.50,14.50,35.61,25.65,78.66
14.92,14.92,32.05,27.36,80.05
15.85,15.85,32.07,20.49,81.16
16.74,16.74,32.75,17.36,81.37
19.07,19.07,37.44,21.12,80.74
17.55,17.55,39.94,24.45,80.10
19.42,19.42,42.51,25.41,80.97
19.82,19.82,36.42,24.14,79.40
17.80,17.80,37.92,20.91,80.29
20.43,20.43,39.57,18.72,78.96
20.30,20.30,36.50,21.51,78.82
21.19,21.19,37.00,22.14,77.40
19.78,19.78,38.34,27.21,78.26
18.87,18.87,39.92,24.64,75.45
16.57,16.57,34.45,26.36,77.14
18.49,18.49,40.38,22.25,75.90
17.36,17.36,35.74,19.92,76.93
18.38,18.38,38.49,22.33,75.67
16.75,16.75,38.39,22.08,75.83
16.76,16.76,38.05,24.01,72.86
16.72,16.72,35.45,21.93,73.19
16.52,16.52,35.36,24.39,74.08
18.86,18.86,33.73,17.81,73.65
18.08,18.08,39.36,24.13,73.25
17.53,17.53,35.36,19.29,73.09
19.00,19.00,38.17,26.98,73.19
19.83,19.83,38.81,20.95,71.58
20.65,20.65,35.56,26.27,70.98
20.99,20.99,36.90,21.87,68.08
23.46,23.46,35.32,27.38,69.79
20.69,20.69,35.48,20.74,70.27
21.81,21.81,38.77,24.85,70.46
19.96,19.96,40.00,23.05,70.17
23.53,23.53,36.92,22.87,70.59
22.45,22.45,38.67,25.19,69.63
22.22,22.22,36.02,16.55,69.05
21.94,21.94,37.79,18.27,69.77
23.05,23.05,35.47,20.63,69.87
23.25,23.25,38.56,17.09,69.49
22.29,22.29,39.07,21.98,69.56
20.93,20.93,33.43,17.70,68.75
19.35,19.35,32.80,28.63,69.79
11.53,11.53,20.49,38.33,67.92
7.47,7.47,13.66,49.11,69.74
7.02,7.02,11.38,72.83,82.30
6.81,6.81,11.99,81.25,84.51
11.39,11.39,11.82,80.21,84.22
15.79,15.79,14.76,80.53,84.22
16.94,16.94,17.02,82.20,84.02
12.99,12.99,17.42,81.04,83.57
12.73,12.73,15.94,80.20,82.51
14.17,14.17,14.68,80.69,82.61
14.72,14.72,16.72,79.89,81.98
14.90,14.90,18.03,80.18,81.81
16.55,16.55,19.56,81.63,80.68
17.46,17.46,20.50,80.02,80.02
18.87,18.87,21.12,80.23,79.93
19.78,19.78,21.70,81.92,79.94
22.20,22.20,22.92,80.57,79.05
23.34,23.34,24.37,80.41,78.59
24.14,24.14,25.96,81.39,77.42
25.45,25.45,27.07,80.30,77.52
24.90,24.90,26.81,80.56,76.64
23.27,23.27,28.75,81.35,75.86
22.95,22.95,29.14,79.85,74.16
22.04,22.04,29.53,79.52,73.67
21.03,21.03,29.79,81.07,71.31
21.79,21.79,30.72,80.32,72.47
22.46,22.46,31.10,80.45,72.83
25.60,25.60,31.20,81.35,72.06
23.51,23.51,31.41,79.59,71.83
24.12,24.12,32.11,79.79,71.74
24.75,24.75,31.84,81.23,71.10
24.27,24.27,31.62,80.12,72.90
22.82,22.82,31.08,80.22,69.76
22.75,22.75,31.20,81.21,71.20
21.15,21.15,30.97,80.17,70.76
22.00,22.00,31.01,79.55,72.78
23.34,23.34,30.66,80.51,72.54
23.31,23.31,29.78,79.12,71.73
24.12,24.12,28.18,79.45,69.87
23.75,23.75,28.08,80.37,71.88
24.25,24.25,26.62,78.66,71.08
26.10,26.10,25.07,78.62,72.90
22.34,22.34,24.20,79.69,72.08
12.92,12.92,18.96,78.18,73.57
3.82,3.82,8.66,77.91,72.48
0.11,0.11,1.03,78.74,79.66
0.05,0.05,1.50,78.94,82.17
4.84,4.84,8.88,79.72,82.95
10.20,10.20,14.85,78.36,83.30
10.37,10.37,15.24,76.64,82.47
9.42,9.42,10.86,78.71,83.03
12.05,12.05,8.14,78.03,83.80
12.21,12.21,15.21,75.42,82.94
15.85,15.85,20.00,76.13,82.86
17.62,17.62,20.43,73.58,80.82
16.63,16.63,23.54,72.58,82.66
15.07,15.07,12.27,74.71,81.98
13.04,13.04,17.00,72.78,80.98
12.49,12.49,19.48,72.74,83.03
11.48,11.48,18.06,74.12,82.79
13.06,13.06,15.41,72.48,80.94
18.07,18.07,23.98,74.16,82.57
20.63,20.63,22.81,75.39,83.16
23.82,23.82,25.46,73.98,82.92
23.61,23.61,28.40,73.26,83.64
27.58,27.58,23.14,71.09,82.95
27.20,27.20,20.68,69.17,81.42
28.38,28.38,19.46,72.98,83.07
20.70,20.70,15.52,70.89,82.30
26.19,26.19,8.90,67.86,81.40
25.45,25.45,11.91,69.73,81.95
25.27,25.27,16.61,67.44,80.98
27.50,27.50,16.98,70.66,80.65
27.49,27.49,15.67,73.12,82.29
19.28,19.28,14.37,69.24,82.17
23.14,23.14,13.25,68.44,82.22
27.64,27.64,13.94,70.42,82.86
21.66,21.66,15.90,66.24,81.53
23.49,23.49,16.84,67.52,81.23
20.01,20.01,17.88,68.36,81.66
18.89,18.89,14.89,63.18,80.37
19.25,19.25,16.50,65.07,80.64
19.14,19.14,18.04,65.48,81.13
19.59,19.59,19.20,60.28,79.58
17.48,17.48,16.88,66.30,80.45
15.11,15.11,13.13,66.29,80.27
9.60,9.60,9.85,62.29,79.31
9.24,9.24,6.70,67.90,80.09
3.48,3.48,4.20,67.00,78.96
0.46,0.46,4.15,62.09,80.94
0.42,0.42,5.20,74.87,79.48
0.16,0.16,5.07,78.09,79.75
2.30,2.30,6.51,78.73,80.97
3.94,3.94,8.87,78.72,81.39
2.57,2.57,10.03,78.88,78.91
5.60,5.60,9.96,78.53,80.33
9.11,9.11,12.54,77.95,81.19
10.72,10.72,14.24,78.07,80.44
10.81,10.81,12.68,78.66,79.53
10.32,10.32,12.58,77.56,79.83
7.52,7.52,16.39,78.71,79.95
7.12,7.12,16.87,78.37,79.06
7.91,7.91,18.89,78.59,77.21
10.27,10.27,19.03,79.37,78.49
8.55,8.55,20.08,78.17,77.94
7.56,7.56,20.51,78.54,78.44
5.31,5.31,18.51,79.17,78.06
5.38,5.38,14.04,77.90,76.87
6.72,6.72,14.56,78.69,78.14
7.24,7.24,15.62,79.29,78.76
7.22,7.22,17.39,78.36,77.12
7.14,7.14,18.88,78.87,76.10
6.86,6.86,17.81,78.14,77.96
5.44,5.44,15.65,78.53,75.44
4.49,4.49,17.90,79.41,77.29
4.56,4.56,19.11,78.69,75.18
7.93,7.93,19.49,79.32,76.53
6.08,6.08,17.73,78.74,76.55
6.53,6.53,17.35,77.82,76.06
7.29,7.29,17.23,78.12,75.28
7.57,7.57,18.27,78.40,76.71
8.36,8.36,17.56,78.73,75.24
11.50,11.50,20.72,77.87,76.14
12.39,12.39,21.50,77.66,74.96
11.32,11.32,20.96,78.96,74.87
11.33,11.33,23.44,77.94,75.03
11.05,11.05,22.18,78.14,76.52
12.09,12.09,21.06,78.26,74.27
13.73,13.73,21.60,77.73,73.93
14.06,14.06,23.43,76.46,74.66
16.56,16.56,26.27,76.79,74.96
16.68,16.68,27.73,75.33,73.42
17.15,17.15,27.94,75.63,72.75
17.26,17.26,30.65,75.37,75.12
17.92,17.92,29.60,75.72,71.62
15.95,15.95,28.38,74.69,72.27
18.69,18.69,28.45,74.47,75.91
17.23,17.23,28.13,75.06,73.76
18.00,18.00,26.51,74.36,71.30
19.15,19.15,27.32,72.85,75.65
20.54,20.54,28.04,74.52,71.90
23.74,23.74,29.04,72.89,72.22
26.20,26.20,27.58,72.13,73.92
24.86,24.86,26.44,72.16,72.20
23.63,23.63,27.66,72.42,73.05
20.39,20.39,27.90,72.24,73.25
19.21,19.21,26.67,72.01,75.97
17.96,17.96,25.28,71.13,71.65
18.40,18.40,27.41,72.17,73.23
20.59,20.59,25.60,71.48,72.42
16.69,16.69,23.43,70.24,70.17
17.55,17.55,20.25,70.78,70.58
16.16,16.16,18.56,69.07,73.54
11.35,11.35,14.73,69.11,70.20
6.41,6.41,11.48,69.28,69.95
3.82,3.82,11.52,67.95,76.74
6.12,6.12,10.51,69.16,76.67
8.42,8.42,10.60,68.10,76.28
10.33,10.33,12.27,66.85,78.09
9.00,9.00,12.30,68.80,78.27
9.99,9.99,16.07,67.29,77.64
11.61,11.61,19.83,67.88,77.79
12.22,12.22,18.60,63.89,77.05
13.61,13.61,20.46,66.45,76.00
12.47,12.47,21.41,66.47,76.80
12.36,12.36,18.23,63.59,76.12
14.30,14.30,18.66,64.82,76.24
16.82,16.82,18.69,65.65,74.78
15.12,15.12,20.12,64.07,74.63
14.97,14.97,20.68,62.72,75.24
16.12,16.12,20.69,64.34,73.98
15.62,15.62,20.35,65.20,75.65
15.21,15.21,19.24,63.79,75.74
15.20,15.20,20.31,61.78,75.71
15.82,15.82,21.04,64.67,73.46
15.64,15.64,19.87,60.51,74.54
17.81,17.81,21.15,61.55,74.46
17.55,17.55,21.16,65.21,76.29
18.83,18.83,21.34,58.00,76.60
17.30,17.30,19.16,60.26,75.58
14.60,14.60,19.76,61.32,75.41
14.87,14.87,20.56,61.26,75.80
14.30,14.30,20.52,60.99,75.99
14.22,14.22,19.74,60.88,74.52
15.01,15.01,21.06,58.46,74.39
16.00,16.00,21.32,60.78,72.57
15.23,15.23,19.76,58.79,73.46
15.43,15.43,19.23,59.48,72.96
14.66,14.66,21.35,56.89,74.56
18.13,18.13,22.19,59.05,70.96
19.63,19.63,22.32,57.83,72.08
19.22,19.22,23.36,57.45,73.47
19.04,19.04,22.96,57.50,73.85
20.71,20.71,22.86,56.32,72.43
18.46,18.46,23.16,56.57,74.03
20.53,20.53,23.72,55.00,73.78
21.11,21.11,23.09,56.24,72.11
20.92,20.92,21.77,57.02,72.23
23.64,23.64,23.76,55.76,72.31
23.45,23.45,24.40,55.87,71.07
24.56,24.56,24.12,54.79,72.66
20.93,20.93,23.67,55.17,71.89
23.29,23.29,25.01,54.97,70.86
22.66,22.66,24.12,55.54,69.81
23.37,23.37,24.57,54.17,73.44
22.27,22.27,22.07,53.88,71.91
22.56,22.56,24.97,54.20,72.30
24.47,24.47,23.87,53.69,69.85
26.65,26.65,25.14,53.02,72.20
27.86,27.86,26.35,53.56,69.15
26.97,26.97,25.14,52.04,72.21
25.71,25.71,24.80,52.34,71.36
25.98,25.98,24.31,52.82,70.92
25.01,25.01,24.00,50.97,71.89
27.84,27.84,24.69,50.76,73.20
26.71,26.71,24.75,53.08,70.95
25.85,25.85,26.41,51.72,70.95
25.58,25.58,26.56,51.14,69.79
25.87,25.87,25.38,50.35,71.51
20.56,20.56,23.43,51.17,70.45
16.31,16.31,22.67,49.70,70.46
15.33,15.33,20.14,49.84,73.00
15.11,15.11,22.38,47.90,75.92
14.12,14.12,24.29,49.11,75.79
10.01,10.01,23.88,49.28,75.65
12.38,12.38,25.46,48.49,75.35
10.41,10.41,25.13,49.53,75.76
12.61,12.61,25.95,47.73,75.79
12.75,12.75,27.27,48.80,74.85
12.00,12.00,26.03,47.42,75.55
11.72,11.72,27.95,48.49,75.52
14.00,14.00,26.88,46.07,75.54
13.51,13.51,27.76,47.17,75.02
19.86,19.86,26.80,43.65,75.27
19.94,19.94,29.36,45.18,74.51
15.62,15.62,29.03,43.41,73.72
14.26,14.26,31.04,44.40,73.59
18.37,18.37,29.00,38.67,72.62
19.96,19.96,30.61,44.83,73.05
17.22,17.22,27.84,43.85,72.20
17.59,17.59,32.26,40.92,71.51
17.55,17.55,30.62,43.28,71.93
15.61,15.61,27.45,39.04,71.32
17.09,17.09,30.82,43.15,70.78
16.23,16.23,32.77,39.88,70.72
19.11,19.11,32.13,45.12,71.66
19.06,19.06,31.35,43.66,71.87
22.60,22.60,29.81,42.43,71.28
23.27,23.27,28.28,40.06,71.06
24.10,24.10,28.91,41.47,71.83
25.19,25.19,30.70,41.90,71.77
24.20,24.20,34.96,41.82,71.72
24.01,24.01,34.85,42.25,71.21
21.57,21.57,36.35,39.96,71.81
21.19,21.19,34.09,43.16,71.60
23.48,23.48,34.11,39.77,71.23
22.79,22.79,35.51,40.42,69.64
19.47,19.47,38.07,39.21,70.32
21.72,21.72,35.10,40.66,69.67
23.20,23.20,35.39,41.36,69.73
25.04,25.04,36.71,40.97,70.30
22.29,22.29,37.01,41.62,71.39
17.91,17.91,34.45,40.08,71.30
14.51,14.51,24.30,38.94,70.67
15.09,15.09,25.67,42.38,74.97
15.70,15.70,33.81,36.30,70.40
15.90,15.90,35.18,36.84,72.44
16.69,16.69,41.28,39.37,69.13
17.45,17.45,45.83,34.13,71.32
16.41,16.41,48.57,39.19,70.43
16.92,16.92,46.54,38.89,72.13
16.34,16.34,40.33,38.37,69.25
13.52,13.52,38.46,37.17,69.45
14.38,14.38,37.22,35.49,69.52
17.36,17.36,33.13,38.47,70.38
15.28,15.28,32.24,33.18,70.98
18.76,18.76,31.51,36.14,68.94
17.42,17.42,36.66,33.41,70.15
20.02,20.02,36.39,33.02,69.03
22.52,22.52,35.48,34.89,69.07
22.62,22.62,39.92,33.38,69.35
22.88,22.88,34.51,33.31,68.23
25.02,25.02,34.11,33.57,69.70
25.14,25.14,34.51,32.85,69.41
23.19,23.19,33.80,31.34,70.27
25.04,25.04,32.85,31.71,67.24
23.90,23.90,36.52,31.92,68.73
25.13,25.13,33.52,33.40,69.55
23.77,23.77,30.31,26.75,67.09
23.32,23.32,34.40,32.94,67.61
24.23,24.23,39.71,30.67,69.30
25.37,25.37,37.27,30.79,67.74
25.00,25.00,30.78,32.06,68.89
24.83,24.83,31.58,27.06,68.01
25.64,25.64,30.34,28.62,67.48
23.45,23.45,35.32,26.15,68.08
23.84,23.84,28.44,28.68,66.73
23.25,23.25,36.25,27.99,66.61
23.59,23.59,28.71,27.43,68.44
23.20,23.20,31.92,26.75,64.32
20.59,20.59,31.67,24.60,66.55
19.51,19.51,32.56,27.85,66.98
21.51,21.51,31.61,24.95,66.24
22.66,22.66,34.10,24.94,67.88
26.51,26.51,28.60,24.65,65.52
25.71,25.71,33.20,18.11,64.58
20.25,20.25,30.22,24.95,67.62
20.88,20.88,29.28,23.53,67.85
22.18,22.18,32.32,23.20,65.89
24.07,24.07,36.03,22.50,67.40
26.83,26.83,35.09,23.79,66.87
25.24,25.24,32.70,20.82,67.68
24.49,24.49,33.34,22.59,66.21
23.44,23.44,30.37,27.08,67.18
25.97,25.97,29.82,31.20,64.31
25.68,25.68,32.45,34.61,67.11
27.02,27.02,30.83,36.70,65.02
27.56,27.56,29.23,36.69,66.24
27.13,27.13,29.16,36.47,65.11
27.14,27.14,28.60,37.27,67.02
28.54,28.54,31.98,36.59,66.65
29.13,29.13,31.29,36.44,64.71
27.86,27.86,32.73,38.14,66.53
27.52,27.52,33.04,37.77,65.27
27.24,27.24,31.55,37.31,66.26
28.55,28.55,31.82,38.12,67.56
27.91,27.91,32.41,36.95,64.54
28.69,28.69,33.71,36.79,67.82
28.67,28.67,30.95,37.49,67.43
27.93,27.93,32.30,36.37,66.70
28.25,28.25,30.36,36.11,63.37
28.13,28.13,29.25,36.91,66.64
28.16,28.16,31.71,36.41,67.14
28.06,28.06,31.75,34.39,66.32
27.93,27.93,30.66,34.75,64.82
26.10,26.10,31.84,36.28,67.60
26.49,26.49,29.83,37.08,65.75
25.89,25.89,30.92,38.02,64.66
26.00,26.00,29.11,36.90,65.47
25.19,25.19,29.07,35.91,64.47
24.29,24.29,30.91,37.30,65.82
24.97,24.97,30.30,35.46,66.77
24.21,24.21,29.00,33.15,65.91
24.58,24.58,31.14,34.70,67.55
23.59,23.59,30.35,33.39,67.62
24.80,24.80,31.72,30.20,66.52
23.85,23.85,33.92,28.99,64.51
25.55,25.55,29.76,25.69,66.31
24.74,24.74,28.55,23.67,66.87
25.66,25.66,26.57,25.69,64.94
23.60,23.60,19.92,31.39,64.78
20.84,20.84,16.12,37.47,66.43
11.74,11.74,13.06,42.76,64.80
2.05,2.05,14.19,61.82,70.21
0.00,0.00,11.53,80.66,72.30
3.20,3.20,16.76,80.27,71.14
9.97,9.97,19.34,80.62,72.06
10.27,10.27,17.97,81.33,72.51
12.56,12.56,18.74,80.33,71.67
11.37,11.37,19.09,79.24,70.76
9.46,9.46,19.50,79.26,70.77
10.00,10.00,18.73,81.15,68.65
10.80,10.80,20.14,80.67,69.59
10.45,10.45,20.86,79.21,68.21
9.46,9.46,20.22,79.48,68.51
10.29,10.29,20.05,80.81,68.78
10.86,10.86,19.26,80.34,68.73
8.57,8.57,16.80,79.41,69.20
11.01,11.01,17.11,79.41,69.10
11.83,11.83,16.80,81.48,67.51
12.67,12.67,18.29,80.50,67.87
13.90,13.90,17.25,79.41,67.49
13.74,13.74,16.70,79.89,67.22
12.66,12.66,16.94,81.08,67.16
13.07,13.07,16.41,79.63,65.99
13.60,13.60,15.42,79.58,66.40
14.41,14.41,15.73,79.71,66.24
14.50,14.50,18.33,81.30,66.67
13.21,13.21,16.56,80.22,66.13
13.67,13.67,19.41,79.17,64.74
13.03,13.03,15.55,79.13,66.07
14.54,14.54,18.48,79.92,66.24
12.05,12.05,21.31,78.26,65.26
13.79,13.79,17.30,78.07,65.50
16.46,16.46,22.26,77.24,65.83
14.72,14.72,21.56,78.51,62.99
15.94,15.94,20.48,77.20,64.43
16.61,16.61,20.26,75.93,64.85
15.23,15.23,22.35,76.11,65.17
16.60,16.60,20.63,77.20,63.84
17.35,17.35,22.12,75.97,66.45
19.07,19.07,21.29,75.48,64.88
17.96,17.96,22.17,75.42,64.16
17.79,17.79,20.55,76.97,63.97
16.57,16.57,19.49,74.97,64.48
13.38,13.38,16.02,73.82,64.22
5.61,5.61,14.96,74.82,64.85
1.41,1.41,16.91,75.19,67.30
-0.00,-0.00,15.17,74.23,74.05
3.38,3.38,14.09,73.70,74.23
12.77,12.77,12.72,73.71,73.49
18.66,18.66,13.77,73.96,73.29
20.49,20.49,15.81,72.44,71.68
18.74,18.74,16.64,72.06,69.79
12.87,12.87,17.79,72.05,69.56
11.42,11.42,17.41,72.84,68.95
10.11,10.11,18.08,71.33,69.37
7.95,7.95,18.83,71.75,68.84
9.43,9.43,17.50,71.30,69.31
10.05,10.05,17.98,71.94,69.73
12.93,12.93,19.00,70.41,69.22
15.85,15.85,18.86,70.38,69.39
16.23,16.23,19.08,70.18,68.77
16.31,16.31,19.62,70.79,68.70
15.88,15.88,22.90,69.35,68.35
13.64,13.64,20.13,69.25,66.82
11.12,11.12,19.99,69.42,66.64
13.75,13.75,22.80,69.75,66.70
15.01,15.01,24.12,67.91,66.02
13.96,13.96,23.18,67.21,66.38
16.70,16.70,22.19,68.21,64.43
16.52,16.52,23.26,68.77,64.84
15.69,15.69,19.69,67.04,65.79
14.03,14.03,21.28,66.21,65.40
14.65,14.65,21.76,67.38,62.52
14.74,14.74,20.34,67.28,63.10
17.41,17.41,23.69,66.05,64.49
16.02,16.02,20.73,64.85,62.65
16.71,16.71,21.39,65.77,63.59
16.78,16.78,19.84,65.45,63.17
17.32,17.32,21.56,64.39,63.06
18.93,18.93,23.31,64.03,64.30
19.18,19.18,22.63,64.58,62.11
18.58,18.58,21.81,64.24,64.97
18.57,18.57,24.02,63.59,64.35
15.97,15.97,23.53,62.80,62.61
14.71,14.71,21.57,63.62,63.47
15.60,15.60,23.11,63.53,62.53
15.54,15.54,23.21,62.32,62.03
15.90,15.90,23.41,62.05,63.90
16.00,16.00,22.84,62.90,62.10
15.58,15.58,21.72,62.53,61.22
15.46,15.46,22.21,61.08,62.40
14.74,14.74,21.46,60.57,62.34
12.59,12.59,22.93,61.58,62.64
11.62,11.62,21.35,60.94,61.29
13.60,13.60,24.09,59.48,60.92
12.56,12.56,22.45,58.88,60.81
15.27,15.27,21.98,59.56,64.35
15.30,15.30,24.41,57.84,63.38
15.20,15.20,24.01,57.94,65.18
14.83,14.83,22.03,57.24,62.63
14.82,14.82,21.17,58.32,65.82
12.01,12.01,23.70,56.91,67.16
12.67,12.67,23.38,55.50,68.13
15.94,15.94,22.28,56.19,68.01
17.17,17.17,22.96,56.26,66.51
15.04,15.04,23.61,55.69,68.24
12.96,12.96,24.07,55.44,69.84
14.33,14.33,22.72,52.97,69.46
16.48,16.48,24.36,53.17,68.80
16.08,16.08,24.63,52.33,70.46
13.12,13.12,22.15,52.79,70.28
12.26,12.26,23.18,54.12,71.44
14.49,14.49,25.41,56.16,68.98
13.59,13.59,22.48,53.83,68.95
16.09,16.09,25.97,53.09,71.21
22.99,22.99,28.25,52.68,72.33
19.34,19.34,26.50,53.99,69.00
17.51,17.51,26.66,51.85,69.59
15.54,15.54,29.24,51.53,70.58
17.02,17.02,27.83,50.50,72.98
20.04,20.04,24.81,50.19,70.63
19.09,19.09,25.08,49.79,69.67
18.29,18.29,25.25,51.99,70.09
19.19,19.19,25.89,51.21,72.81
20.34,20.34,26.61,51.81,71.87
19.27,19.27,30.31,49.47,71.55
21.17,21.17,28.21,44.43,69.94
23.55,23.55,28.53,45.84,71.01
22.70,22.70,29.07,49.44,72.49
24.65,24.65,26.80,46.95,70.56
22.25,22.25,29.19,45.99,70.62
20.11,20.11,27.24,45.02,70.78
19.25,19.25,28.82,46.23,72.53
19.25,19.25,27.02,47.20,71.63
19.52,19.52,27.36,46.58,70.55
18.96,18.96,28.68,46.74,70.11
22.06,22.06,31.16,45.36,72.58
22.37,22.37,31.55,42.58,72.33
22.22,22.22,29.44,44.04,72.49
22.99,22.99,29.23,46.29,72.27
22.41,22.41,28.30,45.24,71.09
20.76,20.76,23.95,41.75,69.94
18.38,18.38,28.07,40.64,72.57
19.57,19.57,28.06,42.60,70.77
20.65,20.65,26.74,42.75,72.19
20.99,20.99,24.43,37.57,71.74
21.69,21.69,25.23,38.16,72.33
21.10,21.10,27.89,38.70,71.71
20.14,20.14,33.99,39.38,71.46
22.80,22.80,30.26,37.94,72.62
20.97,20.97,30.26,36.76,70.99
21.92,21.92,32.46,37.71,73.10
21.16,21.16,35.41,37.01,70.45
20.15,20.15,38.44,36.63,71.03
22.88,22.88,37.18,35.34,70.48
21.42,21.42,33.13,35.95,73.19
19.71,19.71,38.08,37.58,70.85
21.36,21.36,37.98,34.70,70.72
21.55,21.55,28.08,34.04,69.23
20.72,20.72,32.61,33.45,71.26
21.81,21.81,37.36,33.54,73.01
21.51,21.51,32.71,34.43,71.51
22.10,22.10,38.58,31.91,70.47
20.76,20.76,34.64,31.28,71.25
22.36,22.36,35.32,31.08,71.91
22.08,22.08,39.01,33.55,71.29
22.30,22.30,36.07,35.07,69.47
21.04,21.04,34.10,33.58,73.89
19.77,19.77,36.02,35.93,72.69
18.43,18.43,36.02,34.51,70.31
19.49,19.49,35.64,35.21,70.41
21.53,21.53,30.28,34.67,71.18
21.30,21.30,34.31,24.90,72.04
20.52,20.52,29.10,27.55,72.81
20.84,20.84,35.01,26.85,71.82
21.17,21.17,32.50,22.79,70.87
20.12,20.12,35.28,28.48,73.59
22.18,22.18,32.08,26.07,71.41
19.41,19.41,32.02,27.49,72.83
21.51,21.51,29.02,28.66,72.28
19.58,19.58,38.80,30.06,74.03
19.34,19.34,32.93,30.36,71.59
20.69,20.69,29.49,26.52,71.47
20.10,20.10,31.68,27.62,70.06
21.60,21.60,35.40,29.59,72.18
18.33,18.33,30.67,27.90,71.68
18.87,18.87,28.27,28.66,71.86
19.09,19.09,28.28,28.02,70.49
20.08,20.08,36.47,27.41,70.31
20.79,20.79,32.04,32.98,74.64
20.45,20.45,30.99,29.98,70.16
19.58,19.58,30.22,30.67,71.73
20.74,20.74,33.86,24.12,72.32
19.94,19.94,33.36,27.83,72.81
20.65,20.65,30.63,28.20,70.39
20.87,20.87,31.90,22.90,70.05
18.25,18.25,36.46,30.25,72.91
18.16,18.16,32.96,33.20,69.39
19.08,19.08,30.63,34.91,70.34
17.79,17.79,32.34,31.03,70.69
17.58,17.58,26.67,25.96,71.73
17.79,17.79,25.99,29.28,70.66
18.46,18.46,26.18,29.25,70.18
20.02,20.02,26.27,29.65,71.59
18.42,18.42,27.46,29.53,71.95
18.50,18.50,24.91,23.28,68.99
20.60,20.60,28.44,27.51,72.03
18.11,18.11,23.29,21.49,72.18
19.63,19.63,27.20,24.01,72.44
19.75,19.75,29.10,23.70,70.41
18.35,18.35,30.10,15.53,69.67
18.51,18.51,28.53,21.36,69.40
20.33,20.33,25.83,23.32,70.61
19.00,19.00,24.05,20.74,71.28
18.75,18.75,23.13,21.91,71.14
18.73,18.73,22.75,20.87,70.04
20.81,20.81,24.67,17.77,71.53
21.53,21.53,25.39,13.57,69.58
20.04,20.04,25.52,22.42,71.11
19.39,19.39,22.23,20.64,68.59
18.58,18.58,23.90,23.55,71.32
18.96,18.96,21.15,20.84,71.35
18.34,18.34,21.52,16.66,70.90
18.97,18.97,25.25,24.56,70.35
20.12,20.12,24.88,20.28,71.14
20.25,20.25,21.66,17.36,70.53
21.27,21.27,21.51,22.90,70.17
20.56,20.56,24.08,20.34,70.42
19.49,19.49,23.23,15.13,69.94
20.80,20.80,23.34,17.25,71.30
21.44,21.44,23.08,17.47,69.69
21.44,21.44,23.64,17.87,71.86
20.26,20.26,21.21,20.66,69.49
21.67,21.67,23.49,21.47,71.47
20.09,20.09,21.20,16.99,68.23
19.84,19.84,21.18,16.37,70.68
19.13,19.13,21.25,23.02,71.01
19.18,19.18,22.25,23.90,70.29
20.68,20.68,19.19,20.34,70.10
21.55,21.55,19.90,15.02,70.51
21.50,21.50,21.38,16.27,69.71
19.96,19.96,20.71,18.89,69.79
21.07,21.07,20.01,15.04,71.26
20.42,20.42,18.78,17.19,69.19
20.48,20.48,19.24,16.42,68.73
17.48,17.48,17.04,16.74,70.90
18.83,18.83,19.10,19.08,69.74
18.75,18.75,18.69,15.75,70.53
18.65,18.65,17.40,16.58,67.52
20.23,20.23,21.52,14.08,70.87
20.42,20.42,22.32,18.79,68.30
20.85,20.85,23.24,18.33,68.98
19.29,19.29,19.78,15.40,70.36
18.84,18.84,19.59,10.92,71.42
19.09,19.09,22.63,15.55,69.42
18.96,18.96,19.05,15.49,69.10
18.52,18.52,21.54,11.97,69.08
18.27,18.27,21.30,11.32,70.12
18.41,18.41,20.30,14.52,68.90
19.20,19.20,21.13,17.96,71.61
18.50,18.50,22.11,16.52,69.64
19.27,19.27,22.27,16.14,70.11
19.43,19.43,23.08,13.56,70.80
18.09,18.09,22.51,18.66,69.69
18.67,18.67,21.21,17.60,69.03
19.42,19.42,20.08,17.98,71.08
19.90,19.90,20.86,15.98,71.75
16.51,16.51,19.59,14.48,71.41
16.31,16.31,21.53,20.36,70.18
17.49,17.49,22.15,8.71,72.65
17.10,17.10,20.61,16.60,70.25
14.25,14.25,18.82,13.62,69.25
17.56,17.56,20.93,12.94,72.49
17.27,17.27,23.40,13.46,70.80
15.57,15.57,23.13,19.85,70.86
15.75,15.75,20.60,13.51,70.61
17.32,17.32,17.47,15.13,70.60
18.91,18.91,17.61,15.29,69.32
17.74,17.74,18.98,14.11,70.60
16.10,16.10,20.18,13.94,70.58
16.59,16.59,18.20,17.00,71.38
16.03,16.03,17.30,13.21,69.13
16.05,16.05,20.35,17.96,71.63
16.62,16.62,18.99,14.44,67.97
16.40,16.40,21.47,15.85,70.32
15.59,15.59,21.32,17.54,68.06
15.53,15.53,22.84,12.26,71.36
15.41,15.41,19.80,10.99,68.43
16.09,16.09,16.37,10.39,70.32
16.32,16.32,18.66,11.11,69.04
16.02,16.02,19.88,5.61,70.42
18.42,18.42,19.48,7.65,68.68
16.34,16.34,17.81,11.56,70.37
16.83,16.83,17.88,13.00,68.31
19.93,19.93,17.44,12.62,67.93
17.13,17.13,18.76,9.06,70.15
14.57,14.57,16.46,13.61,68.95
13.31,13.31,16.31,10.87,68.92
15.14,15.14,17.57,7.56,70.65
15.92,15.92,19.32,11.63,70.23
14.65,14.65,17.76,9.42,67.63
14.88,14.88,19.04,12.50,68.62
13.58,13.58,17.23,11.35,69.05
16.34,16.34,19.08,11.21,68.18
17.33,17.33,20.03,11.88,69.94
17.62,17.62,21.72,10.87,69.54
16.08,16.08,16.51,14.99,68.75
16.97,16.97,16.78,9.35,66.24
14.42,14.42,17.91,6.75,69.85
14.82,14.82,19.59,14.66,66.77
14.35,14.35,19.63,8.27,69.17
15.36,15.36,19.06,6.55,69.11
14.54,14.54,17.61,11.70,69.95
13.08,13.08,18.35,8.71,68.40
12.46,12.46,20.37,13.75,67.64
9.60,9.60,17.27,15.58,68.06
13.33,13.33,20.01,14.78,67.63
13.53,13.53,21.93,8.70,67.11
12.17,12.17,21.40,10.03,67.56
13.50,13.50,20.81,11.18,69.81
17.00,17.00,20.30,3.75,66.16
13.98,13.98,16.24,12.89,67.45
14.13,14.13,17.49,10.03,69.35
14.11,14.11,17.91,8.72,67.22
15.72,15.72,23.07,5.76,66.83
16.07,16.07,23.13,12.79,69.34
14.39,14.39,22.25,9.40,68.03
13.58,13.58,19.10,8.53,66.54
11.78,11.78,20.79,13.90,68.26
12.09,12.09,20.72,7.88,66.53
14.00,14.00,21.72,11.32,66.68
14.82,14.82,21.04,10.53,68.51
14.78,14.78,23.97,10.73,68.57
15.62,15.62,20.88,7.69,68.18
16.43,16.43,19.26,8.15,66.26
15.19,15.19,20.81,4.98,69.39
14.06,14.06,21.06,9.52,66.13
13.49,13.49,21.01,10.43,68.60
13.99,13.99,22.23,6.74,64.75
13.37,13.37,23.10,6.40,69.43
11.99,11.99,24.42,8.62,66.42
11.33,11.33,20.25,11.00,67.12
11.71,11.71,20.04,9.79,66.26
13.04,13.04,23.97,8.78,67.66
12.85,12.85,24.71,10.55,65.64
14.44,14.44,24.81,8.18,68.04
14.35,14.35,24.29,10.12,66.80
13.93,13.93,27.93,11.99,66.35
13.74,13.74,24.88,11.83,66.84
12.44,12.44,22.50,12.78,66.75
11.67,11.67,24.10,8.67,67.38
11.67,11.67,25.23,14.27,67.64
9.99,9.99,23.52,13.64,68.22
12.10,12.10,24.31,8.67,65.31
10.01,10.01,26.87,9.74,65.95
10.51,10.51,29.31,16.26,66.32
11.34,11.34,27.75,16.06,65.11
11.35,11.35,25.76,10.84,65.42
13.02,13.02,26.66,12.10,66.79
11.90,11.90,20.95,14.28,67.22
13.08,13.08,25.48,14.89,64.39
14.54,14.54,24.07,9.96,66.10
14.51,14.51,26.94,10.43,64.75
14.64,14.64,22.93,14.34,65.20
14.12,14.12,23.15,16.92,66.55
14.16,14.16,24.10,9.93,66.69
13.76,13.76,22.69,10.22,66.43
13.66,13.66,26.80,12.04,64.47
10.79,10.79,22.89,12.47,65.98
10.44,10.44,22.98,10.59,65.22
11.58,11.58,24.85,10.95,64.30
9.78,9.78,23.58,16.11,65.46
10.22,10.22,27.35,13.28,67.09
11.30,11.30,28.37,12.55,64.31
10.93,10.93,28.79,9.83,64.47
12.69,12.69,25.00,15.28,65.44
11.63,11.63,27.95,15.76,64.24
14.46,14.46,28.92,16.65,63.09
13.27,13.27,25.86,12.57,65.90
13.32,13.32,24.72,14.99,64.61
12.26,12.26,24.99,18.65,65.08
9.55,9.55,23.70,18.24,65.09
9.88,9.88,25.19,12.83,65.61
10.65,10.65,26.99,14.01,64.09
10.22,10.22,26.01,17.71,65.46
10.56,10.56,24.80,16.10,65.36
11.89,11.89,22.17,11.48,65.21
12.38,12.38,22.93,16.58,63.99
11.47,11.47,26.04,20.11,66.28
11.32,11.32,24.97,17.84,64.75
12.63,12.63,24.57,15.17,66.08
13.49,13.49,24.14,16.36,64.97
11.35,11.35,24.98,19.37,66.62
11.57,11.57,26.49,18.15,63.55
10.13,10.13,26.05,14.21,64.11
10.02,10.02,27.84,15.59,63.91
10.08,10.08,21.08,19.58,65.65
11.45,11.45,24.74,19.33,64.69
11.70,11.70,24.65,12.36,65.93
8.81,8.81,25.58,13.16,64.86
10.64,10.64,25.31,20.14,64.10
12.09,12.09,26.30,20.81,65.88
10.80,10.80,27.61,16.41,63.96
10.28,10.28,25.42,17.06,66.24
11.54,11.54,25.04,19.54,63.06
12.74,12.74,28.53,19.46,65.37
13.08,13.08,25.42,15.96,61.89
10.60,10.60,22.74,17.66,63.77
9.08,9.08,24.78,20.44,63.08
9.97,9.97,24.41,22.02,65.02
11.17,11.17,21.99,17.81,63.14
12.25,12.25,28.86,20.05,64.82
12.72,12.72,27.14,23.59,63.01
12.37,12.37,26.65,18.06,62.78
11.40,11.40,25.80,19.01,63.95
10.00,10.00,24.65,17.02,63.34
11.54,11.54,26.53,20.22,62.88
11.38,11.38,25.06,20.41,63.80
9.25,9.25,26.00,20.72,64.77
10.67,10.67,26.96,18.16,63.35
10.86,10.86,25.26,21.03,64.10
10.88,10.88,29.40,23.53,63.33
10.56,10.56,25.35,19.06,62.89
10.04,10.04,27.97,19.78,63.55
10.27,10.27,28.38,22.58,63.20
10.00,10.00,28.78,22.38,65.04
10.78,10.78,28.69,20.42,61.78
11.09,11.09,25.67,13.40,63.14
11.94,11.94,30.17,18.16,63.70
11.24,11.24,26.84,21.60,63.77
10.37,10.37,30.09,19.37,62.70
11.10,11.10,28.72,18.61,63.98
11.23,11.23,27.38,15.10,63.49
9.29,9.29,26.14,18.65,61.88
9.05,9.05,27.31,15.92,62.77
11.43,11.43,28.26,16.31,63.74
11.30,11.30,25.56,20.96,62.15
11.32,11.32,25.57,17.72,63.01
11.08,11.08,30.25,20.27,62.57
8.74,8.74,26.56,15.05,61.13
10.20,10.20,28.18,17.42,61.94
10.17,10.17,31.82,20.96,65.22
9.23,9.23,26.90,18.32,64.85
10.24,10.24,29.48,14.74,63.09
9.77,9.77,24.36,14.45,64.24
9.75,9.75,24.70,8.28,63.68
9.31,9.31,24.10,11.70,64.08
10.58,10.58,25.01,8.30,65.72
11.84,11.84,27.76,13.23,67.41
11.18,11.18,21.53,5.55,66.92
12.60,12.60,24.41,10.80,65.39
12.64,12.64,21.37,8.58,67.42
11.75,11.75,20.10,17.81,65.09
11.39,11.39,21.75,22.37,67.62
12.54,12.54,26.24,21.83,70.05
13.10,13.10,20.49,22.96,68.75
12.41,12.41,23.34,23.84,66.96
13.32,13.32,21.17,18.97,70.00
14.32,14.32,17.65,5.33,68.39
14.00,14.00,21.32,8.08,71.47
14.23,14.23,16.83,9.74,68.30
15.33,15.33,18.61,11.84,67.05
15.10,15.10,19.55,13.20,71.20
17.58,17.58,16.50,7.91,66.80
17.99,17.99,17.63,8.22,69.00
15.10,15.10,22.72,8.06,71.88
17.22,17.22,22.04,11.95,69.27
17.21,17.21,20.31,8.02,71.88
16.16,16.16,19.04,11.48,71.36
19.93,19.93,20.12,21.31,69.00
20.72,20.72,25.61,18.56,71.83
19.18,19.18,17.33,23.50,71.70
17.97,17.97,19.99,25.69,69.27
17.96,17.96,20.38,26.73,73.97
18.29,18.29,17.15,21.88,71.22
20.12,20.12,15.30,10.80,71.37
19.73,19.73,16.16,11.37,72.64
18.82,18.82,17.62,14.70,70.65
20.20,20.20,17.57,15.61,73.48
20.33,20.33,19.83,18.25,72.60
18.76,18.76,15.65,14.37,72.22
19.78,19.78,14.63,12.94,72.74
21.53,21.53,16.85,12.38,71.06
21.52,21.52,16.24,12.15,73.47
21.12,21.12,18.69,15.85,72.71
21.45,21.45,20.15,22.82,73.90
22.05,22.05,17.60,23.30,73.46
20.22,20.22,16.56,19.22,72.37
20.28,20.28,16.01,10.78,71.56
19.28,19.28,15.39,13.86,73.84
21.42,21.42,17.29,14.78,73.13
21.37,21.37,18.66,24.16,74.20
20.71,20.71,17.10,16.39,74.16
20.05,20.05,17.20,20.35,72.06
20.73,20.73,15.75,13.52,74.25
19.91,19.91,15.30,16.34,73.66
17.69,17.69,14.45,15.90,73.59
18.72,18.72,16.36,26.16,73.29
19.25,19.25,17.49,27.21,73.73
19.32,19.32,15.77,12.59,72.11
20.01,20.01,13.29,7.17,74.19
18.80,18.80,14.83,12.54,72.35
18.68,18.68,17.52,24.06,73.79
19.12,19.12,17.89,19.72,73.26
18.93,18.93,16.61,23.74,73.44
18.11,18.11,13.65,22.03,71.76
18.27,18.27,14.26,15.61,72.08
17.85,17.85,19.12,24.02,73.27
19.17,19.17,23.29,25.65,73.78
20.09,20.09,21.67,20.46,73.69
18.47,18.47,18.58,19.30,72.48
19.49,19.49,16.46,14.86,72.12
17.64,17.64,16.42,27.73,73.19
16.96,16.96,18.94,27.36,73.19
16.97,16.97,20.66,28.29,73.06
19.28,19.28,14.53,20.02,73.97
15.74,15.74,14.45,24.05,72.50
18.19,18.19,12.88,20.47,72.57
17.65,17.65,14.91,19.56,73.30
17.28,17.28,19.84,31.67,73.41
17.46,17.46,14.27,22.09,72.71
18.17,18.17,15.60,26.70,73.46
19.08,19.08,16.64,26.88,73.36
19.62,19.62,17.23,26.14,71.52
19.33,19.33,17.68,12.76,72.83
18.17,18.17,20.27,29.50,72.61
18.24,18.24,14.86,23.21,71.74
19.46,19.46,15.99,20.88,74.25
19.87,19.87,16.84,23.12,72.69
19.31,19.31,16.91,18.90,71.34
19.33,19.33,16.08,9.04,71.48
18.30,18.30,15.86,9.03,71.22
18.86,18.86,16.09,11.05,71.33
18.44,18.44,16.08,18.02,71.90
18.97,18.97,15.79,19.82,72.61
19.51,19.51,15.39,18.37,70.94
17.38,17.38,15.04,18.10,71.78
17.34,17.34,14.11,15.07,70.19
17.14,17.14,15.04,9.48,70.98
16.67,16.67,15.61,11.39,72.23
17.01,17.01,15.64,17.42,71.88
16.12,16.12,13.91,9.13,70.83
17.27,17.27,14.05,11.79,71.28
16.49,16.49,13.42,4.75,68.69
17.76,17.76,16.08,2.02,71.57
17.95,17.95,16.49,8.28,72.28
18.45,18.45,17.07,21.07,70.91
18.95,18.95,15.81,16.81,70.95
17.04,17.04,15.57,16.42,70.10
14.95,14.95,13.75,20.60,70.59
14.69,14.69,12.88,17.58,69.61
13.73,13.73,13.87,16.68,71.05
16.50,16.50,12.78,15.79,71.17
15.13,15.13,15.14,10.14,69.09
13.75,13.75,14.54,6.79,68.36
14.16,14.16,14.34,3.92,70.07
14.47,14.47,13.67,8.20,69.65
13.25,13.25,13.45,5.89,70.48
15.38,15.38,15.24,4.33,70.49
14.17,14.17,14.92,3.67,68.43
15.26,15.26,15.60,7.47,69.10
13.56,13.56,13.31,14.80,70.27
12.84,12.84,14.47,5.45,67.56
13.58,13.58,13.89,4.98,71.57
13.02,13.02,14.98,19.01,69.56
13.04,13.04,13.72,17.10,68.22
12.59,12.59,13.41,9.18,69.89
13.58,13.58,14.59,8.22,68.18
13.64,13.64,14.43,12.07,69.47
11.93,11.93,13.92,7.70,70.67
12.20,12.20,14.36,10.26,69.93
12.90,12.90,12.88,8.70,70.02
11.23,11.23,13.45,10.34,70.52
9.60,9.60,12.06,4.68,69.45
11.12,11.12,14.28,6.18,71.66
13.42,13.42,14.08,10.96,68.70
13.62,13.62,15.11,11.90,71.82
12.91,12.91,13.31,4.84,70.46
12.24,12.24,15.39,13.80,70.50
12.46,12.46,14.34,18.13,70.66
11.69,11.69,14.66,12.09,70.00
9.90,9.90,14.43,18.50,70.28
11.03,11.03,15.19,19.35,71.04
10.35,10.35,14.39,12.19,69.76
10.24,10.24,12.81,7.47,70.60
10.25,10.25,13.84,9.97,71.38
8.69,8.69,12.99,18.31,69.76
8.87,8.87,13.95,19.59,70.84
7.59,7.59,12.98,19.25,70.31
9.43,9.43,14.93,19.66,70.28
10.38,10.38,15.44,11.49,71.18
8.67,8.67,14.57,9.16,70.19
9.96,9.96,15.59,15.52,70.77
10.15,10.15,15.12,9.70,71.12
11.81,11.81,14.98,18.89,70.02
10.68,10.68,14.47,17.37,68.79
7.67,7.67,14.77,12.24,70.26
6.97,6.97,15.15,14.34,69.54
8.61,8.61,19.24,20.29,70.94
8.72,8.72,16.97,16.91,69.44
7.34,7.34,16.41,12.56,70.14
7.03,7.03,16.91,13.54,69.96
6.33,6.33,15.75,12.11,68.91
7.77,7.77,15.22,13.14,70.17
7.36,7.36,17.84,16.64,69.08
7.09,7.09,19.20,17.54,70.70
6.85,6.85,14.75,11.72,70.25
8.04,8.04,16.29,11.29,68.04
6.48,6.48,16.19,9.69,68.83
5.64,5.64,15.90,12.55,70.47
5.42,5.42,16.50,16.28,70.26
6.06,6.06,17.62,14.60,69.38
7.10,7.10,17.19,16.88,69.90
7.33,7.33,15.02,13.40,69.90
7.61,7.61,14.96,14.62,70.67
8.80,8.80,15.26,14.96,68.12
6.91,6.91,16.17,18.53,69.86
6.02,6.02,19.82,20.36,70.33
7.23,7.23,15.43,15.92,69.21
6.92,6.92,17.56,16.46,68.33
7.46,7.46,15.85,11.53,68.71
6.69,6.69,15.64,10.06,68.75
7.03,7.03,17.11,13.11,69.63
7.78,7.78,21.17,12.90,67.03
6.50,6.50,21.98,14.21,68.28
6.61,6.61,15.28,11.22,67.12
6.65,6.65,18.11,17.43,67.71
7.27,7.27,22.57,17.68,68.58
6.83,6.83,19.36,18.17,68.29
7.54,7.54,21.04,15.22,68.93
7.24,7.24,23.58,15.20,68.23
7.61,7.61,18.26,11.39,67.38
7.66,7.66,21.69,14.13,68.93
8.36,8.36,23.54,14.20,69.73
8.07,8.07,18.53,15.59,69.41
6.17,6.17,23.70,14.22,68.99
8.11,8.11,20.69,13.01,69.84
8.49,8.49,19.68,15.64,69.58
9.02,9.02,22.70,11.23,70.39
10.52,10.52,20.50,18.37,69.38
8.54,8.54,21.00,16.05,69.96
7.43,7.43,18.08,12.78,69.16
7.35,7.35,20.85,20.33,69.56
9.29,9.29,23.05,13.99,71.12
9.79,9.79,20.97,18.98,70.03
11.29,11.29,18.53,18.92,69.95
12.54,12.54,22.23,18.66,70.52
10.40,10.40,21.28,23.32,67.99
9.02,9.02,17.93,15.71,70.16
9.23,9.23,22.38,17.28,70.33
8.59,8.59,20.17,19.59,69.28
7.68,7.68,21.13,13.94,70.13
11.56,11.56,23.71,19.49,69.71
12.24,12.24,20.21,15.10,69.67
9.57,9.57,19.20,17.05,69.30
7.00,7.00,20.50,18.85,71.09
8.34,8.34,19.57,21.26,69.04
8.97,8.97,23.29,18.51,69.16
9.11,9.11,20.86,21.31,69.11
8.66,8.66,17.90,18.67,68.85
7.08,7.08,21.08,19.02,68.07
8.75,8.75,19.02,18.82,69.54
8.86,8.86,20.18,21.18,68.91
8.79,8.79,17.66,19.42,68.19
9.72,9.72,17.12,18.85,68.01
8.10,8.10,18.75,19.20,67.45
8.61,8.61,20.10,21.04,68.70
9.54,9.54,21.57,21.19,69.00
11.11,11.11,20.29,22.04,68.21
11.82,11.82,21.97,20.68,68.38
12.06,12.06,19.26,17.36,68.36
10.23,10.23,20.77,18.22,68.08
10.44,10.44,23.62,21.81,68.38
8.85,8.85,26.42,16.02,69.07
7.89,7.89,22.66,22.02,69.33
9.48,9.48,27.46,26.33,67.67
8.34,8.34,23.47,21.43,66.71
10.10,10.10,20.73,19.30,69.02
9.49,9.49,25.84,21.82,68.81
8.70,8.70,27.02,26.29,67.76
8.79,8.79,27.45,23.90,69.49
8.63,8.63,26.51,24.63,69.07
8.77,8.77,27.08,20.37,69.38
9.16,9.16,19.69,18.66,69.97
9.10,9.10,27.59,21.96,68.93
7.91,7.91,28.47,25.13,69.65
10.03,10.03,29.17,22.56,69.59
9.24,9.24,30.34,25.89,68.35
9.97,9.97,26.07,19.10,69.58
10.20,10.20,22.46,22.45,70.49
7.83,7.83,28.69,25.21,69.74
9.59,9.59,28.46,22.64,70.33
11.36,11.36,29.17,25.90,69.61
7.96,7.96,27.40,22.03,69.13
9.57,9.57,26.64,22.07,70.38
9.82,9.82,22.83,17.92,69.56
9.75,9.75,20.74,20.44,70.33
8.18,8.18,27.29,22.25,69.65
9.67,9.67,29.78,25.56,70.64
10.56,10.56,25.00,22.35,70.36
10.18,10.18,25.48,20.04,70.36
8.89,8.89,22.63,18.41,69.84
12.54,12.54,24.21,18.04,70.52
12.40,12.40,27.59,24.76,68.99
13.05,13.05,27.20,22.96,70.15
14.60,14.60,28.22,21.53,69.34
10.39,10.39,24.57,21.60,69.88
9.27,9.27,15.31,18.83,69.85
10.22,10.22,23.97,17.86,69.87
10.43,10.43,25.97,21.84,68.99
11.78,11.78,26.32,21.07,69.26
11.85,11.85,26.33,21.42,69.16
10.05,10.05,25.41,21.33,68.92
11.75,11.75,22.75,20.93,68.87
9.95,9.95,16.65,18.85,68.40
9.98,9.98,28.18,21.62,68.36
9.64,9.64,25.09,22.90,68.17
9.53,9.53,27.67,23.95,66.69
11.98,11.98,23.46,19.19,67.70
12.08,12.08,21.95,21.39,67.48
9.33,9.33,19.50,19.59,68.23
9.49,9.49,26.25,21.57,65.57
8.96,8.96,27.80,20.16,67.12
11.09,11.09,30.30,22.80,66.46
11.83,11.83,22.99,22.38,66.21
10.16,10.16,25.16,19.40,65.70
11.97,11.97,24.21,21.41,66.22
10.83,10.83,24.27,23.38,65.82
11.87,11.87,23.24,21.71,64.69
12.33,12.33,26.60,24.94,63.63
11.81,11.81,27.73,21.22,65.02
11.73,11.73,20.81,19.75,65.30
9.86,9.86,19.93,23.72,63.57
9.94,9.94,23.80,22.93,65.37
12.03,12.03,24.62,22.74,63.43
11.03,11.03,26.21,23.00,64.75
10.34,10.34,21.73,22.04,63.79
13.18,13.18,21.76,21.44,63.24
12.43,12.43,20.70,23.99,64.25
11.70,11.70,23.80,22.51,64.92
10.53,10.53,26.52,20.76,62.24
10.93,10.93,26.07,25.93,64.65
11.43,11.43,26.24,24.64,63.61
14.14,14.14,21.90,23.27,62.59
13.91,13.91,22.80,21.58,65.29
12.65,12.65,24.36,25.75,63.79
9.62,9.62,24.54,22.88,64.24
11.77,11.77,29.83,25.30,65.50
12.60,12.60,24.42,25.44,63.01
10.39,10.39,24.34,22.89,63.41
12.42,12.42,19.40,24.98,64.69
12.92,12.92,25.28,23.23,65.37
12.61,12.61,27.62,24.49,64.28
12.77,12.77,28.04,25.15,64.67
13.23,13.23,26.70,25.48,64.37
14.14,14.14,26.00,25.37,63.48
12.14,12.14,22.80,23.87,63.86
11.77,11.77,22.50,25.77,64.26
11.24,11.24,26.83,25.49,63.53
11.40,11.40,26.38,25.74,64.99
13.75,13.75,28.96,23.78,64.91
12.59,12.59,27.29,23.86,64.23
13.64,13.64,26.68,24.86,63.85
11.94,11.94,24.69,23.94,64.78
12.19,12.19,27.77,26.26,63.46
12.27,12.27,29.90,24.85,64.76
12.26,12.26,30.95,26.73,64.40
13.19,13.19,29.93,24.95,64.25
13.41,13.41,27.98,25.39,65.00
15.47,15.47,26.57,24.54,64.21
13.38,13.38,28.11,26.66,63.79
13.62,13.62,33.56,25.39,64.80
14.52,14.52,32.63,24.94,65.02
13.71,13.71,32.27,23.65,64.35
16.09,16.09,32.94,25.86,62.09
14.49,14.49,27.73,22.57,64.38
14.42,14.42,29.70,26.65,63.59
15.91,15.91,32.76,28.11,62.95
14.22,14.22,35.62,26.19,64.61
17.53,17.53,33.13,25.17,63.22
17.99,17.99,32.25,24.39,63.28
19.09,19.09,30.77,25.16,63.63
19.39,19.39,29.84,22.17,61.58
19.25,19.25,33.82,27.18,63.23
20.45,20.45,35.82,24.81,63.25
22.09,22.09,35.26,25.99,62.43
23.22,23.22,34.36,23.35,64.09
24.25,24.25,32.40,23.96,63.32
24.49,24.49,33.47,25.82,63.36
24.54,24.54,33.97,24.72,63.21
25.07,25.07,38.36,25.47,62.96
25.75,25.75,35.82,22.61,65.74
25.65,25.65,34.26,19.48,65.66
25.57,25.57,30.17,17.94,66.95
26.06,26.06,30.42,18.40,66.24
24.50,24.50,29.75,17.22,67.35
25.46,25.46,30.49,13.95,68.85
24.01,24.01,27.37,10.24,66.97
21.33,21.33,25.14,8.96,69.67
21.40,21.40,28.59,9.46,68.98
21.49,21.49,25.90,7.65,69.64
21.60,21.60,29.09,8.50,70.61
22.09,22.09,27.07,7.68,70.05
21.06,21.06,30.02,10.69,70.45
20.28,20.28,27.83,7.98,71.14
21.75,21.75,25.28,5.43,70.40
21.37,21.37,29.92,6.91,72.02
22.76,22.76,25.54,6.82,72.64
22.37,22.37,29.94,7.28,70.23
22.61,22.61,28.65,5.95,72.27
23.61,23.61,27.44,5.63,72.75
23.54,23.54,31.23,8.25,72.64
23.16,23.16,26.42,6.84,73.51
22.34,22.34,30.64,6.72,72.28
23.40,23.40,28.79,6.53,72.32
20.79,20.79,30.70,9.02,72.39
23.30,23.30,31.95,9.89,73.67
22.85,22.85,31.19,17.91,72.71
23.33,23.33,30.50,9.40,71.62
24.63,24.63,31.09,13.77,72.95
23.88,23.88,34.22,16.14,75.05
23.79,23.79,33.86,13.48,72.64
23.06,23.06,36.15,18.43,75.45
23.18,23.18,28.68,15.72,71.32
23.42,23.42,32.00,20.22,72.73
20.50,20.50,28.66,15.53,74.41
20.67,20.67,35.52,27.69,73.38
21.13,21.13,23.75,23.09,72.08
22.95,22.95,28.50,18.07,74.76
22.52,22.52,36.67,23.01,71.80
22.55,22.55,25.73,23.85,74.33
21.96,21.96,30.56,21.03,73.60
22.14,22.14,32.85,25.23,69.79
21.49,21.49,29.37,24.23,74.38
21.92,21.92,30.40,18.40,74.14
22.69,22.69,30.34,23.60,72.76
22.08,22.08,32.16,12.79,74.21
21.15,21.15,35.83,25.04,72.24
19.50,19.50,38.90,19.11,70.30
20.76,20.76,31.04,12.50,73.57
21.79,21.79,35.11,13.18,73.64
20.89,20.89,36.35,21.67,73.70
21.02,21.02,35.48,19.20,73.60
18.59,18.59,30.20,22.02,73.16
20.04,20.04,22.50,13.36,70.54
21.98,21.98,23.64,6.67,73.23
21.80,21.80,33.89,10.99,74.28
22.78,22.78,31.85,12.96,72.43
21.69,21.69,36.67,16.62,73.14
22.58,22.58,30.71,9.87,74.03
21.00,21.00,31.17,21.23,70.80
21.36,21.36,26.83,18.63,73.14
21.72,21.72,25.77,11.88,73.82
23.70,23.70,33.97,26.93,70.97
21.33,21.33,29.17,27.56,73.13
22.74,22.74,32.64,23.98,73.37
21.38,21.38,25.70,14.87,72.73
20.55,20.55,28.68,21.00,72.90
22.80,22.80,29.90,16.38,72.42
22.86,22.86,28.77,17.58,70.74
22.12,22.12,34.14,26.92,73.26
22.14,22.14,32.63,20.60,73.60
21.63,21.63,35.30,15.46,74.12
22.73,22.73,28.63,15.20,72.42
20.30,20.30,23.95,11.86,70.10
19.89,19.89,23.16,7.21,72.22
21.91,21.91,25.02,15.54,73.22
22.20,22.20,30.98,16.43,73.97
23.38,23.38,31.73,28.05,72.99
24.98,24.98,29.16,19.86,71.83
20.48,20.48,21.32,13.13,71.49
20.40,20.40,25.00,16.09,71.24
20.45,20.45,18.76,13.68,73.24
16.15,16.15,21.51,9.37,73.75
19.69,19.69,17.56,12.12,71.85
20.95,20.95,25.55,23.14,73.39
20.85,20.85,19.66,17.44,71.28
20.43,20.43,21.57,17.07,71.73
18.82,18.82,16.63,11.53,72.78
22.40,22.40,16.22,13.34,69.66
22.88,22.88,22.60,18.14,71.11
20.81,20.81,23.22,17.36,73.59
21.18,21.18,23.50,17.92,70.45
22.40,22.40,19.53,18.46,72.79
19.73,19.73,16.23,15.07,71.53
18.86,18.86,17.01,19.02,68.44
18.52,18.52,12.19,19.50,71.22
17.05,17.05,16.05,26.27,74.62
16.55,16.55,14.16,13.25,71.40
17.94,17.94,12.68,11.83,73.03
17.08,17.08,11.71,16.80,70.34
17.83,17.83,12.27,20.11,70.18
19.73,19.73,11.83,15.58,71.56
18.99,18.99,9.10,13.54,73.36
18.04,18.04,11.39,15.76,72.23
19.42,19.42,12.01,18.59,71.22
17.88,17.88,8.22,5.82,70.18
18.69,18.69,6.83,16.17,71.85
17.59,17.59,8.00,11.61,70.26
18.46,18.46,10.61,18.08,73.04
17.57,17.57,9.02,12.27,71.90
16.68,16.68,9.49,17.72,69.87
16.48,16.48,7.82,13.76,71.20
21.65,21.65,8.99,16.18,71.68
24.97,24.97,10.45,15.36,70.14
21.14,21.14,12.57,18.07,72.33
18.38,18.38,11.29,17.00,70.53
19.92,19.92,10.39,16.96,71.23
21.35,21.35,8.59,12.10,72.26
20.76,20.76,9.17,14.69,71.73
21.01,21.01,9.47,11.32,71.48
24.34,24.34,11.84,19.42,70.01
23.93,23.93,8.60,11.06,69.50
22.15,22.15,9.87,16.70,71.94
20.67,20.67,10.04,10.78,71.74
20.37,20.37,7.96,7.28,71.21
24.12,24.12,8.65,8.74,70.68
24.60,24.60,15.56,23.82,67.82
20.54,20.54,14.29,19.44,71.30
13.91,13.91,11.15,17.98,71.60
14.87,14.87,9.30,13.38,71.60
18.49,18.49,8.74,12.80,68.87
19.85,19.85,9.02,8.20,70.39
16.73,16.73,8.24,13.53,70.24
16.64,16.64,9.06,15.44,70.35
18.34,18.34,8.46,9.48,71.56
20.95,20.95,10.10,15.99,70.56
19.26,19.26,9.12,12.79,68.61
15.97,15.97,9.13,14.00,70.98
15.12,15.12,8.71,12.22,69.39
13.88,13.88,9.04,20.29,71.11
16.98,16.98,9.88,7.53,70.85
15.97,15.97,9.18,12.24,69.12
20.63,20.63,9.36,10.91,68.79
21.68,21.68,10.42,11.18,71.35
18.38,18.38,9.19,18.36,71.57
19.85,19.85,10.98,16.06,69.28
20.39,20.39,9.71,15.28,71.10
17.98,17.98,9.11,11.09,69.69
19.48,19.48,10.77,18.01,69.15
17.15,17.15,9.89,13.12,72.03
16.56,16.56,9.70,14.40,71.05
16.17,16.17,9.16,14.53,70.60
13.77,13.77,8.17,10.76,69.58
14.28,14.28,10.57,10.81,69.38
13.52,13.52,10.73,12.19,70.64
14.77,14.77,9.51,10.78,72.42
14.54,14.54,10.60,13.91,70.85
13.99,13.99,10.23,18.98,69.84
17.52,17.52,11.34,15.30,70.55
20.19,20.19,10.52,7.73,70.85
21.49,21.49,9.33,9.85,70.03
19.83,19.83,9.51,9.13,72.64
18.84,18.84,9.28,8.78,70.28
22.08,22.08,10.59,11.98,69.35
18.69,18.69,9.45,17.91,71.25
16.08,16.08,9.76,8.71,71.64
19.32,19.32,10.07,12.50,70.30
20.98,20.98,9.77,14.24,71.19
21.25,21.25,12.15,18.60,70.76
17.02,17.02,11.35,19.65,70.50
14.46,14.46,10.32,16.23,70.12
15.01,15.01,9.83,16.22,71.43
15.44,15.44,10.04,12.29,70.35
14.35,14.35,11.13,16.68,70.47
16.61,16.61,11.16,20.04,71.33
15.93,15.93,10.16,10.00,70.72
19.10,19.10,9.67,14.48,71.30
20.38,20.38,10.83,14.30,70.19
18.69,18.69,11.28,11.10,71.72
15.50,15.50,11.54,13.72,69.90
14.45,14.45,11.69,12.79,71.01
13.29,13.29,12.21,12.85,71.88
12.81,12.81,12.07,13.85,71.78
11.09,11.09,11.09,17.02,70.25
16.39,16.39,11.39,16.50,71.91
18.06,18.06,11.96,18.72,72.31
16.50,16.50,11.89,15.46,69.44
16.85,16.85,10.56,13.24,71.90
18.09,18.09,10.02,14.11,72.15
20.61,20.61,11.49,15.85,68.46
15.83,15.83,9.83,15.07,71.38
10.16,10.16,12.62,21.04,70.18
12.93,12.93,11.77,14.90,70.17
10.02,10.02,11.09,17.82,71.31
12.25,12.25,10.27,19.92,71.19
14.91,14.91,10.46,18.22,67.00
12.60,12.60,11.26,18.46,72.04
14.95,14.95,10.77,19.31,70.59
16.69,16.69,13.27,20.71,70.62
16.20,16.20,13.68,22.75,70.79
16.67,16.67,12.27,19.54,70.36
17.25,17.25,10.29,17.60,69.78
16.39,16.39,11.16,20.24,70.18
16.12,16.12,11.14,14.92,70.44
12.75,12.75,11.66,19.12,70.94
13.68,13.68,11.14,17.89,70.95
12.66,12.66,9.41,18.41,69.83
11.65,11.65,9.33,18.60,69.46
11.03,11.03,10.37,18.75,71.03
13.58,13.58,10.59,18.87,70.40
13.72,13.72,11.36,18.97,69.24
14.83,14.83,11.46,19.01,70.72
15.45,15.45,11.06,20.37,70.11
12.90,12.90,12.45,14.79,69.96
11.36,11.36,12.40,21.64,71.67
12.84,12.84,12.52,15.84,70.19
13.40,13.40,11.14,18.07,69.46
15.37,15.37,10.08,15.90,71.57
16.23,16.23,12.28,16.43,70.44
14.88,14.88,11.90,18.73,67.80
11.90,11.90,10.68,15.16,70.09
14.41,14.41,13.22,20.45,70.54
15.10,15.10,12.05,16.96,69.27
14.62,14.62,10.79,17.25,69.90
19.01,19.01,12.74,17.74,69.45
20.01,20.01,12.41,17.94,69.15
16.56,16.56,11.16,18.75,69.37
18.79,18.79,11.88,18.00,70.65
19.30,19.30,11.70,13.36,67.48
21.52,21.52,13.21,21.22,70.90
20.80,20.80,12.23,15.96,68.94
17.79,17.79,12.78,16.69,69.66
19.13,19.13,12.42,16.61,69.15
19.72,19.72,13.95,16.91,69.75
16.92,16.92,13.92,15.13,69.44
16.64,16.64,12.32,16.06,69.54
17.35,17.35,14.13,17.94,67.35
17.22,17.22,14.54,18.08,69.56
18.42,18.42,13.78,15.55,69.92
18.73,18.73,14.74,15.51,66.55
18.52,18.52,14.00,20.67,69.45
18.12,18.12,14.63,19.51,69.71
18.01,18.01,16.09,20.25,66.29
17.88,17.88,14.52,18.32,68.92
18.13,18.13,12.09,18.69,69.09
16.29,16.29,12.51,14.56,68.66
16.56,16.56,16.64,16.42,69.40
16.55,16.55,16.26,16.25,69.28
16.97,16.97,18.09,19.70,65.48
17.04,17.04,16.36,20.59,68.32
16.76,16.76,15.40,20.00,68.87
17.16,17.16,14.08,17.19,68.31
17.02,17.02,16.67,21.60,68.40
19.83,19.83,17.86,22.69,68.71
21.83,21.83,16.40,21.31,67.44
17.86,17.86,16.75,21.01,66.10
16.67,16.67,13.95,19.65,69.44
16.51,16.51,14.62,21.43,68.66
16.83,16.83,16.14,19.22,67.18
16.76,16.76,17.39,23.55,67.20
17.49,17.49,18.73,24.13,69.01
17.87,17.87,17.41,20.16,68.38
16.79,16.79,17.19,21.19,67.85
17.90,17.90,16.17,18.95,66.77
18.71,18.71,17.46,21.18,68.24
17.70,17.70,24.91,22.95,68.31
19.74,19.74,23.16,21.85,68.61
19.87,19.87,25.90,24.58,68.56
19.28,19.28,24.84,19.51,67.48
17.70,17.70,24.84,18.99,67.38
18.80,18.80,24.37,17.89,69.10
20.28,20.28,27.00,20.24,68.59
22.55,22.55,30.09,22.58,65.75
22.11,22.11,29.86,23.49,67.68
18.84,18.84,30.24,21.44,68.24
18.06,18.06,26.93,20.19,67.07
17.45,17.45,30.82,20.39,68.52
18.93,18.93,30.13,21.58,66.84
19.22,19.22,31.25,21.45,66.83
19.37,19.37,32.25,23.25,66.64
20.07,20.07,31.00,22.18,68.72
19.99,19.99,30.66,20.23,65.22
19.68,19.68,29.54,22.93,68.69
20.27,20.27,31.78,23.58,66.32
18.61,18.61,33.02,22.51,66.88
20.37,20.37,31.90,23.61,67.59
20.87,20.87,32.64,21.41,67.50
22.72,22.72,29.38,23.69,67.47
21.59,21.59,30.56,19.12,67.38
20.02,20.02,32.76,22.74,65.06
18.69,18.69,32.80,20.18,67.59
19.23,19.23,32.86,23.77,67.99
19.83,19.83,31.62,21.19,65.55
19.62,19.62,31.70,22.64,68.04
21.07,21.07,31.37,20.36,68.55
19.27,19.27,30.70,19.41,64.49
18.34,18.34,33.07,21.55,66.98
18.36,18.36,33.30,24.60,66.48
20.12,20.12,34.61,24.18,66.73
19.89,19.89,29.62,21.48,66.99
19.11,19.11,30.45,24.46,67.44
20.38,20.38,30.82,19.22,64.23
20.00,20.00,33.58,25.33,66.01
19.88,19.88,31.54,19.28,67.08
20.22,20.22,33.17,23.31,66.55
21.92,21.92,31.06,20.82,65.67
20.16,20.16,33.15,22.58,67.94
20.84,20.84,31.42,23.69,65.37
22.55,22.55,32.98,23.94,64.69
20.55,20.55,31.82,20.91,66.93
20.29,20.29,34.03,26.26,65.81
19.55,19.55,30.38,19.19,64.99
21.09,21.09,33.67,23.60,66.59
20.70,20.70,27.76,21.51,66.93
23.85,23.85,33.03,21.39,65.09
20.59,20.59,32.20,23.42,65.71
21.09,21.09,33.13,23.56,64.60
20.27,20.27,31.75,20.22,65.68
19.05,19.05,32.94,25.13,65.97
19.35,19.35,28.49,19.77,64.86
20.45,20.45,31.66,24.86,66.66
20.94,20.94,31.83,24.61,65.88
19.72,19.72,32.97,23.75,65.08
21.21,21.21,29.69,23.86,66.08
20.12,20.12,32.11,23.36,66.76
20.04,20.04,30.46,22.15,63.13
20.06,20.06,32.07,24.16,66.23
19.12,19.12,30.78,21.78,66.22
20.22,20.22,32.49,23.70,64.07
21.19,21.19,31.51,23.53,66.79
21.99,21.99,30.67,18.35,65.81
20.65,20.65,29.57,19.85,65.81
20.46,20.46,27.50,23.43,65.75
20.62,20.62,30.61,19.80,66.57
21.52,21.52,27.36,22.25,62.90
22.73,22.73,31.22,21.03,66.90
22.57,22.57,28.98,16.70,65.56
22.19,22.19,30.28,23.98,64.84
21.16,21.16,28.04,21.91,65.77
20.10,20.10,30.32,20.67,64.97
19.64,19.64,28.37,21.19,64.64
21.18,21.18,29.12,19.70,65.89
19.78,19.78,29.98,18.75,64.47
19.80,19.80,29.62,19.82,65.65
20.48,20.48,28.34,17.16,64.78
20.04,20.04,29.89,20.16,63.67
20.07,20.07,29.43,19.69,65.83
20.29,20.29,31.16,19.65,66.10
21.51,21.51,36.58,23.28,62.59
16.95,16.95,34.75,20.99,63.85
15.96,15.96,32.20,19.09,62.18
15.62,15.62,31.08,15.30,64.51
14.92,14.92,28.06,12.41,63.84
13.10,13.10,25.70,13.36,63.11
13.05,13.05,23.83,10.61,66.06
12.47,12.47,26.74,8.68,66.18
11.44,11.44,22.50,7.77,66.94
9.70,9.70,22.66,11.26,65.47
9.21,9.21,24.94,14.27,68.23
9.69,9.69,20.85,11.85,68.43
9.40,9.40,17.33,12.61,68.72
10.46,10.46,20.22,19.39,65.90
9.82,9.82,26.06,16.72,70.55
9.88,9.88,19.71,10.94,69.67
10.58,10.58,18.47,7.77,68.58
11.97,11.97,23.37,12.93,69.55
12.77,12.77,24.11,15.90,69.43
11.10,11.10,21.96,17.16,72.58
10.80,10.80,21.26,16.62,72.19
10.09,10.09,16.35,13.63,70.80
10.63,10.63,12.38,12.30,71.75
10.87,10.87,22.99,22.44,73.75
9.57,9.57,13.92,14.17,71.63
8.64,8.64,20.45,24.33,69.13
8.98,8.98,12.62,19.00,72.11
10.00,10.00,15.31,16.04,69.94
11.62,11.62,19.81,23.12,70.69
10.71,10.71,21.09,23.71,66.74
10.18,10.18,14.75,14.74,71.09
11.88,11.88,23.05,20.95,71.62
12.23,12.23,23.96,25.36,69.50
10.59,10.59,19.22,19.96,71.60
10.45,10.45,12.81,18.18,72.84
9.98,9.98,20.33,22.52,72.45
9.84,9.84,16.90,22.61,73.46
10.99,10.99,11.42,19.48,73.60
9.76,9.76,12.51,19.37,71.61
10.37,10.37,15.37,19.58,74.36
9.89,9.89,13.95,22.83,74.33
9.87,9.87,15.77,22.43,70.13
10.88,10.88,19.00,24.22,70.35
10.83,10.83,11.01,17.39,73.61
10.58,10.58,10.54,15.69,70.03
11.74,11.74,11.24,16.45,69.80
10.61,10.61,9.75,15.52,71.80
11.47,11.47,8.74,14.44,71.84
10.32,10.32,11.39,15.33,73.15
10.52,10.52,13.89,20.54,72.08
9.29,9.29,10.39,18.54,72.77
9.13,9.13,7.23,18.78,71.96
9.01,9.01,10.86,15.73,73.36
10.06,10.06,10.88,24.11,74.09
8.64,8.64,8.58,19.04,70.66
7.96,7.96,9.93,16.60,71.60
8.32,8.32,5.90,9.11,73.95
9.03,9.03,8.78,11.81,69.70
9.51,9.51,12.99,21.13,68.89
11.98,11.98,11.17,17.07,73.53
11.12,11.12,5.64,14.07,72.26
9.66,9.66,6.19,18.80,68.56
8.20,8.20,5.79,19.71,70.45
9.23,9.23,6.04,13.25,72.04
9.91,9.91,7.49,10.61,71.50
10.14,10.14,10.58,12.47,72.16
10.47,10.47,14.55,20.69,70.46
8.75,8.75,16.96,21.39,72.40
9.32,9.32,16.64,22.06,72.43
10.52,10.52,14.19,20.04,72.74
8.65,8.65,14.00,20.02,71.05
10.45,10.45,11.16,22.76,72.04
10.50,10.50,11.83,22.58,73.39
9.92,9.92,15.92,20.55,73.47
8.76,8.76,9.69,12.54,69.09
10.82,10.82,8.39,10.98,69.82
10.31,10.31,13.91,18.74,73.45
8.92,8.92,17.12,22.44,70.40
8.94,8.94,22.46,29.19,70.70
8.81,8.81,20.71,27.33,70.52
10.64,10.64,17.02,24.51,74.10
10.51,10.51,15.53,19.90,71.94
9.45,9.45,16.94,25.37,70.76
9.51,9.51,16.67,16.73,71.15
8.87,8.87,15.45,23.22,71.23
7.61,7.61,12.93,20.40,71.97
9.14,9.14,14.96,22.55,71.52
10.06,10.06,16.92,24.00,70.45
10.15,10.15,14.89,21.87,71.73
8.36,8.36,5.37,11.88,73.28
8.92,8.92,8.34,15.11,68.42
8.66,8.66,12.25,23.53,70.53
9.02,9.02,11.51,20.66,72.58
9.45,9.45,13.55,24.00,72.25
10.35,10.35,9.64,14.45,69.07
12.11,12.11,14.44,18.06,70.18
10.09,10.09,16.96,20.57,72.70
8.40,8.40,13.77,20.25,68.71
9.79,9.79,8.45,12.98,71.96
10.99,10.99,7.62,14.17,71.16
8.38,8.38,8.67,13.41,71.36
10.53,10.53,11.96,17.52,72.39
11.11,11.11,12.81,16.52,71.58
10.23,10.23,14.50,22.25,70.52
10.94,10.94,12.90,22.37,71.05
12.46,12.46,8.64,12.27,71.54
13.67,13.67,11.86,14.11,70.36
12.46,12.46,14.83,22.17,71.02
13.61,13.61,15.01,18.88,69.79
13.21,13.21,15.81,18.36,71.29
10.24,10.24,14.19,21.04,67.85
12.62,12.62,9.35,16.18,71.08
13.34,13.34,12.24,17.50,70.81
13.36,13.36,12.17,21.75,70.65
12.73,12.73,9.44,16.29,70.91
11.46,11.46,10.64,13.22,70.44
10.32,10.32,8.84,11.47,71.56
9.11,9.11,7.50,13.69,71.51
12.53,12.53,8.71,10.75,73.41
13.94,13.94,8.45,13.71,70.83
10.13,10.13,11.70,16.51,71.26
11.02,11.02,17.52,21.17,71.95
9.80,9.80,17.14,23.57,72.09
13.33,13.33,12.42,16.60,69.69
10.15,10.15,14.53,20.25,70.89
10.71,10.71,17.83,26.86,70.05
15.08,15.08,14.04,21.40,69.21
10.53,10.53,12.72,20.03,69.52
12.43,12.43,11.40,20.64,68.15
10.74,10.74,13.32,22.02,70.36
11.85,11.85,15.59,19.49,69.45
9.36,9.36,16.89,26.44,70.17
11.33,11.33,19.46,26.08,70.61
12.40,12.40,16.47,21.86,69.84
10.48,10.48,11.51,16.09,72.22
12.68,12.68,14.84,21.71,70.03
8.14,8.14,15.46,19.67,70.04
10.63,10.63,8.13,10.13,71.53
10.38,10.38,10.85,8.98,71.18
10.12,10.12,12.07,16.09,67.94
13.62,13.62,11.26,12.12,70.05
12.49,12.49,13.28,20.36,69.38
10.72,10.72,8.08,19.07,71.21
8.07,8.07,12.59,18.59,66.97
10.56,10.56,10.75,11.30,70.58
9.64,9.64,12.61,15.11,69.53
9.17,9.17,10.00,12.17,69.93
11.29,11.29,11.52,17.53,69.64
11.23,11.23,11.25,16.45,69.77
10.45,10.45,11.24,13.86,68.28
9.08,9.08,10.50,15.13,71.01
11.29,11.29,13.41,18.70,70.85
7.51,7.51,11.63,11.08,69.46
8.45,8.45,9.95,13.29,69.24
10.95,10.95,11.93,15.32,69.62
10.34,10.34,12.19,15.17,67.13
11.33,11.33,13.14,16.91,69.23
9.91,9.91,14.68,18.82,68.93
10.42,10.42,15.77,20.66,67.81
12.32,12.32,24.16,29.09,68.48
8.04,8.04,22.83,24.62,68.43
9.59,9.59,15.06,19.43,68.39
9.42,9.42,14.27,17.49,68.05
11.98,11.98,13.70,20.18,67.00
7.59,7.59,16.69,20.57,67.20
10.83,10.83,15.75,19.76,67.90
10.10,10.10,10.76,15.80,69.89
10.99,10.99,13.14,17.40,69.60
11.04,11.04,15.18,19.31,67.67
14.76,14.76,17.70,18.79,68.73
11.06,11.06,20.45,23.89,69.99
9.96,9.96,15.89,21.10,69.57
10.19,10.19,20.72,24.48,67.17
9.91,9.91,17.16,16.58,66.36
12.29,12.29,16.42,18.66,68.78
12.09,12.09,16.80,14.62,68.89
9.56,9.56,17.55,19.84,66.63
10.02,10.02,14.96,14.41,67.96
14.02,14.02,14.71,13.83,68.87
9.96,9.96,13.50,15.54,69.40
9.69,9.69,13.59,15.72,68.75
10.44,10.44,13.94,17.65,68.44
9.23,9.23,17.10,19.76,67.70
10.66,10.66,15.68,19.32,69.72
11.18,11.18,19.42,19.62,69.16
12.11,12.11,15.86,20.21,68.57
11.68,11.68,16.71,15.84,68.76
13.74,13.74,17.39,15.74,69.52
12.06,12.06,18.73,20.63,65.12
13.39,13.39,17.77,18.29,67.49
14.01,14.01,21.48,18.46,67.77
13.06,13.06,27.43,28.57,68.60
13.82,13.82,16.42,20.09,66.09
11.31,11.31,22.69,22.07,67.57
11.06,11.06,19.53,15.81,69.26
10.77,10.77,17.32,20.46,68.01
13.40,13.40,17.12,14.54,69.37
10.78,10.78,17.28,12.49,67.85
10.95,10.95,20.72,20.23,67.34
11.19,11.19,17.95,19.65,68.48
11.27,11.27,15.87,13.74,68.45
12.82,12.82,16.81,21.53,67.96
13.61,13.61,22.84,25.60,68.54
15.82,15.82,21.63,18.70,68.14
15.30,15.30,17.14,12.53,67.32
12.32,12.32,19.23,22.77,67.54
15.89,15.89,20.78,23.04,67.02
14.17,14.17,22.11,20.35,67.54
14.22,14.22,19.25,17.86,63.97
12.97,12.97,20.27,18.38,67.98
14.48,14.48,17.07,14.19,68.29
15.40,15.40,18.93,18.55,68.40
11.73,11.73,15.98,15.25,68.33
11.41,11.41,17.21,13.39,68.00
12.70,12.70,18.76,18.92,68.53
12.14,12.14,17.82,12.45,68.02
13.98,13.98,16.99,7.11,69.44
11.63,11.63,18.75,15.58,66.75
14.54,14.54,18.46,16.22,68.38
12.42,12.42,19.71,20.44,68.13
12.81,12.81,22.39,20.21,68.58
13.02,13.02,18.86,11.37,65.05
12.36,12.36,19.23,14.89,66.52
13.07,13.07,18.04,10.36,66.96
11.87,11.87,21.74,17.20,66.11
10.87,10.87,20.78,12.19,65.06
12.35,12.35,23.32,20.46,65.08
15.02,15.02,22.67,13.81,66.73
13.26,13.26,22.62,16.82,67.28
13.27,13.27,22.62,15.54,67.59
10.40,10.40,23.33,18.19,66.46
12.75,12.75,23.75,20.21,67.68
12.11,12.11,24.45,15.76,68.72
12.19,12.19,24.33,15.23,67.15
12.01,12.01,23.45,11.33,67.18
14.17,14.17,23.76,12.26,67.32
10.86,10.86,24.46,12.81,67.18
10.38,10.38,26.82,12.96,64.30
11.82,11.82,26.18,15.89,65.70
10.66,10.66,27.03,18.33,66.14
11.82,11.82,25.98,12.36,66.05
13.73,13.73,27.77,16.57,63.11
10.27,10.27,27.28,16.80,65.31
10.51,10.51,29.43,16.44,65.57
11.74,11.74,27.54,14.72,66.23
12.85,12.85,28.48,11.48,65.97
10.74,10.74,28.58,14.16,63.28
10.83,10.83,27.75,13.03,64.32
12.82,12.82,28.60,10.20,67.01
13.05,13.05,29.01,12.40,66.68
11.17,11.17,30.02,15.04,63.00
11.95,11.95,28.26,12.69,66.57
13.13,13.13,30.39,13.94,64.76
11.93,11.93,29.80,12.91,64.88
13.22,13.22,28.40,14.75,65.76
13.13,13.13,26.37,11.93,64.25
9.82,9.82,29.65,13.63,65.45
12.74,12.74,28.39,12.45,65.62
12.46,12.46,27.74,10.87,64.58
14.13,14.13,29.78,13.59,64.98
12.62,12.62,28.28,12.69,64.34
9.35,9.35,27.42,11.92,66.63
12.46,12.46,30.92,15.66,63.09
13.13,13.13,30.64,13.36,63.65
10.66,10.66,30.60,14.69,65.06
10.81,10.81,31.01,13.58,64.48
12.03,12.03,29.20,12.38,62.53
10.48,10.48,28.24,10.23,64.61
11.42,11.42,29.41,11.52,64.36
11.60,11.60,28.67,12.66,65.33
10.26,10.26,29.67,12.63,61.17
9.79,9.79,27.84,13.19,61.65
11.31,11.31,28.92,15.70,65.35
10.38,10.38,29.91,13.39,63.89
12.76,12.76,30.04,13.57,64.19
11.89,11.89,32.52,18.71,63.32
9.83,9.83,31.16,13.83,64.10
11.31,11.31,30.25,13.25,65.42
10.94,10.94,29.26,11.85,64.79
10.52,10.52,27.98,10.98,64.04
10.68,10.68,28.19,13.34,62.81
11.26,11.26,31.48,15.96,65.86
10.11,10.11,29.81,12.05,63.75
11.14,11.14,27.68,10.83,64.29
12.70,12.70,29.63,11.64,64.54
9.75,9.75,31.45,13.98,64.99
9.01,9.01,30.17,11.16,62.43
12.32,12.32,29.94,13.04,63.77
9.69,9.69,29.27,12.83,63.94
12.76,12.76,30.32,14.26,63.70
12.02,12.02,31.38,15.60,62.30
11.19,11.19,29.85,12.54,63.87
10.38,10.38,30.69,13.31,64.52
9.43,9.43,28.90,13.28,64.40
8.32,8.32,28.38,13.85,65.39
11.37,11.37,28.41,11.87,63.48
10.54,10.54,30.84,13.66,63.15
10.92,10.92,28.66,14.52,64.62
12.29,12.29,30.20,12.44,64.47
14.23,14.23,30.38,13.16,63.38
11.21,11.21,29.61,14.40,63.89
7.66,7.66,28.42,12.61,64.09
7.97,7.97,28.01,13.39,63.91
11.29,11.29,30.06,12.49,63.04
13.51,13.51,31.22,13.78,63.02
9.60,9.60,29.76,13.82,63.04
7.11,7.11,26.16,12.74,61.56
11.82,11.82,28.69,12.43,63.85
11.86,11.86,29.00,13.09,63.72
10.74,10.74,29.56,12.57,64.88
9.42,9.42,28.00,11.97,64.11
10.57,10.57,28.04,12.98,63.78
10.84,10.84,28.43,13.69,63.46
10.37,10.37,27.85,13.05,63.37
9.26,9.26,26.75,13.74,64.22
9.46,9.46,28.00,12.97,62.25
9.52,9.52,28.38,13.49,63.39
6.87,6.87,26.81,12.66,63.75
8.63,8.63,28.01,12.55,64.74
11.28,11.28,29.41,16.02,61.06
11.99,11.99,30.28,13.89,62.81
8.87,8.87,29.25,15.34,61.75
7.36,7.36,27.90,14.06,62.51
8.60,8.60,26.73,12.85,62.53
8.20,8.20,27.10,14.41,63.74
10.32,10.32,28.97,13.31,62.34
6.94,6.94,27.60,14.27,63.78
7.97,7.97,28.22,13.10,62.54
12.40,12.40,30.15,16.01,62.88
9.91,9.91,30.50,14.57,63.74
7.97,7.97,29.79,15.96,63.60
7.95,7.95,29.10,14.49,62.89
9.78,9.78,29.15,15.52,62.29
8.96,8.96,30.32,14.82,61.54
10.36,10.36,30.91,16.51,62.70
9.31,9.31,29.84,14.24,58.57
5.58,5.58,30.83,14.44,61.41
6.23,6.23,30.17,13.55,61.56
8.32,8.32,30.00,13.67,62.31
8.47,8.47,29.88,16.61,60.95
7.72,7.72,29.79,19.23,62.78
7.73,7.73,29.91,16.30,61.09
8.57,8.57,29.88,14.77,62.67
6.02,6.02,29.13,15.69,62.90
7.66,7.66,30.42,17.02,62.01
9.12,9.12,28.97,17.57,60.97
6.17,6.17,29.10,16.47,63.41
5.65,5.65,29.90,16.88,61.59
7.27,7.27,28.50,18.31,58.91
9.24,9.24,31.09,17.82,60.40
6.28,6.28,28.60,16.60,60.04
7.58,7.58,30.08,19.94,61.40
8.22,8.22,29.64,19.03,60.18
6.01,6.01,28.75,16.82,60.55
6.61,6.61,30.11,22.24,62.60
7.72,7.72,28.77,18.06,60.86
6.67,6.67,30.46,19.51,60.70
6.77,6.77,30.70,22.22,60.24
7.13,7.13,29.56,19.25,61.21
5.99,5.99,29.91,20.99,62.01
6.61,6.61,29.71,20.48,61.01
7.49,7.49,30.29,18.68,59.25
5.64,5.64,28.55,20.93,62.29
6.23,6.23,28.41,19.40,59.99
7.74,7.74,29.13,20.58,58.55
7.71,7.71,31.12,20.41,58.32
6.63,6.63,29.55,22.69,59.55
6.24,6.24,30.60,21.45,60.40
5.64,5.64,31.40,22.84,59.53
7.42,7.42,31.96,20.93,59.28
6.46,6.46,30.10,21.96,60.52
4.13,4.13,31.98,25.15,61.13
7.20,7.20,31.15,21.88,59.81
7.66,7.66,28.89,19.11,58.96
6.13,6.13,30.14,23.69,60.62
7.44,7.44,31.22,20.16,60.81
8.27,8.27,32.11,25.33,60.30
4.28,4.28,29.62,19.55,57.86
7.28,7.28,33.34,20.51,58.85
5.75,5.75,31.39,24.87,60.58
6.71,6.71,31.97,20.02,57.13
5.83,5.83,31.57,20.15,57.37
7.46,7.46,31.50,23.13,60.34
6.65,6.65,30.39,20.99,58.98
6.28,6.28,31.83,22.34,61.40
6.45,6.45,31.36,18.88,60.38
4.51,4.51,32.84,22.28,60.21
6.28,6.28,31.94,20.34,61.81
8.66,8.66,31.35,20.00,61.53
7.97,7.97,32.21,20.73,60.76
7.75,7.75,33.91,20.67,58.69
6.91,6.91,31.92,21.62,61.29
6.58,6.58,31.06,22.41,59.75
7.02,7.02,31.82,21.35,60.13
6.40,6.40,31.55,20.91,56.99
5.89,5.89,31.85,21.87,60.57
7.49,7.49,29.70,22.87,61.83
7.10,7.10,30.62,21.65,57.96
5.24,5.24,32.13,21.46,58.77
7.36,7.36,31.21,24.85,60.73
9.01,9.01,32.09,19.37,60.77
8.62,8.62,31.99,21.84,60.79
7.30,7.30,32.64,22.63,59.41
7.16,7.16,30.89,23.05,60.27
7.91,7.91,31.47,25.40,60.63
6.82,6.82,30.73,20.88,60.30
8.92,8.92,32.13,23.73,57.85
6.30,6.30,33.90,25.21,60.14
6.48,6.48,31.68,22.93,60.24
5.93,5.93,32.72,22.23,58.64
8.06,8.06,33.47,22.45,56.46
7.79,7.79,32.81,25.26,59.89
7.57,7.57,31.28,26.53,59.55
5.88,5.88,33.14,24.11,58.76
6.30,6.30,32.00,25.24,56.85
7.09,7.09,33.97,24.79,60.10
7.64,7.64,33.01,26.34,60.76
8.05,8.05,32.03,26.18,57.83
7.32,7.32,32.29,23.43,58.28
5.87,5.87,32.59,29.57,59.42
5.32,5.32,29.60,22.13,59.05
6.04,6.04,33.31,27.58,60.30
8.04,8.04,32.58,26.72,59.64
6.51,6.51,31.20,24.12,58.31
7.84,7.84,33.47,29.68,60.83
6.91,6.91,29.73,23.43,58.78
6.53,6.53,34.83,29.84,58.95
5.73,5.73,33.37,25.25,59.49
7.99,7.99,32.85,27.25,58.15
4.55,4.55,32.47,29.94,58.72
6.65,6.65,32.44,24.12,55.11
8.32,8.32,32.05,29.84,58.04
5.71,5.71,32.24,29.16,59.12
6.65,6.65,32.66,28.63,56.71
6.85,6.85,31.18,27.91,57.46
7.10,7.10,31.87,30.71,58.39
4.95,4.95,31.53,30.18,59.01
7.92,7.92,32.16,31.32,58.38
7.98,7.98,33.03,29.36,59.95
6.53,6.53,32.56,30.30,57.82
7.98,7.98,33.16,30.29,58.89
6.55,6.55,32.20,32.49,59.10
7.09,7.09,32.70,29.41,57.56
7.59,7.59,30.70,26.34,56.76
7.13,7.13,33.85,33.70,58.62
6.22,6.22,31.77,28.45,56.49
7.99,7.99,30.83,31.50,54.63
7.78,7.78,33.20,29.03,56.35
7.09,7.09,32.12,32.48,56.57
8.56,8.56,32.76,33.31,55.99
8.80,8.80,32.57,30.45,56.05
8.62,8.62,32.56,33.39,56.84
9.19,9.19,34.70,30.80,57.52
8.64,8.64,33.32,34.09,57.70
6.89,6.89,32.95,30.57,56.83
8.86,8.86,35.61,29.82,56.02
8.41,8.41,33.97,31.55,55.82
8.19,8.19,34.80,32.67,57.09
6.98,6.98,31.56,28.90,56.43
8.58,8.58,31.76,25.50,53.33
7.02,7.02,31.32,31.21,57.57
8.87,8.87,28.51,29.03,60.52
10.00,10.00,27.65,28.90,62.20
7.61,7.61,28.04,25.76,59.99
7.48,7.48,29.72,31.72,60.65
7.12,7.12,27.69,25.06,56.53
8.63,8.63,26.58,32.03,55.59
9.28,9.28,26.94,27.88,60.22
10.85,10.85,30.37,33.00,60.09
10.76,10.76,29.22,28.47,63.00
7.95,7.95,27.33,25.56,58.64
10.19,10.19,30.02,29.60,57.82
10.58,10.58,27.52,27.32,56.60
11.52,11.52,26.44,29.47,57.45
11.06,11.06,28.57,28.07,59.75
12.65,12.65,28.73,26.81,59.92
11.20,11.20,28.44,29.36,57.83
11.20,11.20,29.85,31.25,56.74
11.64,11.64,28.94,29.42,52.53
12.38,12.38,28.81,27.25,57.04
13.41,13.41,27.44,32.49,57.95
11.36,11.36,29.57,31.64,57.41
12.31,12.31,29.98,26.20,56.78
11.37,11.37,29.50,28.73,56.53
12.17,12.17,30.46,32.35,55.05
15.10,15.10,29.84,28.68,55.68
14.24,14.24,28.77,31.64,55.80
13.04,13.04,29.75,31.47,58.78
13.63,13.63,30.09,28.32,56.95
12.94,12.94,32.19,31.24,56.81
12.39,12.39,29.56,31.22,52.97
13.27,13.27,30.31,31.35,52.15
14.78,14.78,32.75,33.59,57.07
12.22,12.22,29.45,33.61,56.49
11.54,11.54,28.45,33.42,57.82
12.20,12.20,30.60,29.31,55.16
12.56,12.56,32.98,34.37,52.44
11.58,11.58,32.78,36.30,51.61
12.67,12.67,35.22,36.23,55.57
11.38,11.38,30.54,31.34,54.96
10.30,10.30,34.32,38.68,54.22
11.64,11.64,34.74,33.61,53.87
12.46,12.46,32.22,31.74,52.30
12.73,12.73,32.98,35.24,51.15
11.84,11.84,35.04,39.69,53.29
14.30,14.30,33.34,33.41,53.94
11.66,11.66,37.13,39.19,52.95
11.17,11.17,33.87,37.69,52.63
9.51,9.51,33.87,32.17,50.70
12.68,12.68,38.57,39.15,50.26
13.20,13.20,35.39,33.71,50.43
11.43,11.43,38.71,36.54,53.81
9.87,9.87,38.06,39.10,50.62
13.97,13.97,39.33,40.92,51.67
12.61,12.61,40.64,39.72,50.37
11.99,11.99,35.29,33.99,47.86
13.65,13.65,40.74,42.19,50.20
13.72,13.72,37.96,36.85,51.88
10.60,10.60,41.06,42.68,49.11
15.05,15.05,41.85,40.22,50.02
14.14,14.14,43.64,41.68,49.56
12.78,12.78,38.97,36.89,48.73
17.02,17.02,39.96,40.47,47.95
15.44,15.44,41.77,40.06,49.82
12.26,12.26,40.15,39.31,46.84
17.92,17.92,42.82,42.28,47.90
17.66,17.66,43.35,40.18,46.15
12.00,12.00,38.40,37.78,48.35
18.12,18.12,36.25,34.82,47.89
16.64,16.64,43.20,42.70,47.59
12.82,12.82,44.18,41.43,47.97
18.81,18.81,45.98,41.99,46.85
16.36,16.36,41.51,37.79,46.89
12.45,12.45,40.94,38.75,46.60
21.30,21.30,42.81,38.67,44.78
20.34,20.34,42.21,39.26,46.66
12.52,12.52,40.57,40.76,48.91
18.13,18.13,39.39,39.64,48.70
18.00,18.00,38.06,37.13,48.06
10.28,10.28,41.97,36.54,46.64
19.24,19.24,38.61,37.84,47.34
18.61,18.61,38.69,38.43,46.24
11.04,11.04,40.28,40.38,46.11
20.80,20.80,42.63,42.17,48.84
18.19,18.19,38.96,37.81,46.06
15.92,15.92,41.70,40.36,46.86
19.25,19.25,41.17,37.28,46.79
14.76,14.76,40.99,37.27,46.16
17.09,17.09,41.62,39.49,44.21
16.33,16.33,44.19,41.03,45.60
16.19,16.19,38.65,34.20,45.68
18.11,18.11,44.31,37.30,47.09
17.29,17.29,40.53,35.86,44.19
16.63,16.63,41.30,36.58,46.32
16.78,16.78,42.17,36.77,43.84
22.42,22.42,43.03,37.05,45.53
17.42,17.42,42.71,37.98,43.97
23.32,23.32,41.60,35.52,43.34
22.53,22.53,44.11,38.37,44.53
14.41,14.41,41.60,34.40,44.45
22.03,22.03,44.19,35.70,43.77
22.19,22.19,43.37,36.68,44.18
20.29,20.29,41.98,34.91,40.80
20.19,20.19,42.78,33.09,42.43
23.08,23.08,40.89,33.08,42.53
23.50,23.50,42.48,35.09,40.53
19.69,19.69,41.97,33.38,42.60
24.67,24.67,43.46,30.82,42.89
23.74,23.74,42.65,32.69,40.58
22.13,22.13,43.61,34.02,41.15
27.09,27.09,42.09,31.47,42.33
22.37,22.37,44.53,32.80,41.71
25.79,25.79,42.92,33.99,41.20
26.86,26.86,41.23,30.42,41.67
25.71,25.71,45.75,31.89,41.81
28.29,28.29,44.08,31.55,42.48
25.25,25.25,44.39,29.85,46.31
28.27,28.27,42.33,27.27,43.37
26.08,26.08,40.11,26.84,40.06
27.90,27.90,40.60,27.81,44.11
30.64,30.64,40.68,27.90,46.81
22.14,22.14,38.45,24.56,42.98
31.61,31.61,40.40,23.99,43.43
28.08,28.08,39.70,26.44,44.60
26.15,26.15,38.16,22.89,41.73
30.30,30.30,39.99,25.77,44.47
26.24,26.24,38.44,25.82,43.43
30.58,30.58,39.87,24.96,47.55
25.46,25.46,41.66,25.33,43.64
28.59,28.59,37.96,20.48,44.17
31.50,31.50,39.26,23.43,44.04
24.99,24.99,40.32,25.09,46.16
31.39,31.39,40.89,22.62,42.51
26.27,26.27,36.15,21.85,42.63
26.18,26.18,39.26,24.59,46.28
31.77,31.77,40.07,23.58,44.61
26.22,26.22,39.77,24.60,42.70
31.48,31.48,39.79,25.29,41.64
29.39,29.39,40.42,24.95,41.95
27.06,27.06,42.61,26.27,42.87
31.00,31.00,41.59,24.80,43.43
29.03,29.03,42.08,22.51,42.10
30.39,30.39,37.31,21.24,42.30
28.53,28.53,41.45,27.44,41.45
29.72,29.72,40.17,25.09,39.93
32.92,32.92,39.84,25.50,40.84
27.56,27.56,36.32,22.43,41.46
34.47,34.47,40.33,24.02,42.53
31.73,31.73,40.90,26.18,39.74
31.11,31.11,36.72,25.02,39.48
32.91,32.91,41.02,28.16,39.84
31.21,31.21,40.21,26.02,39.45
34.63,34.63,39.07,24.63,36.48
22.80,22.80,26.70,21.20,26.32
15.77,15.77,15.43,14.46,11.02
3.79,3.79,8.90,6.55,0.93
0.98,0.98,1.09,0.51,-0.00
-0.00,-0.00,-0.00,-0.00,-0.00
-0.00,-0.00,-0.00,-0.00,-0.00
-0.00,-0.00,-0.00,-0.00,-0.00
-0.00,-0.00,-0.00,-0.00,-0.00
-0.00,-0.00,-0.00,-0.00,-0.00
-0.00,-0.00,-0.00,-0.00,-0.00
-0.00,-0.00,-0.00,-0.00,-0.00
